784	neutral	Fingers crossed for North Korea
1134	neutral	Seahawks' QB Hasselbeck out 2-4 weeks
1450	negative	EU document: Iranian bomb unstoppable
65	neutral	Doctors Seeing Patients Who Think They're Internet Addicted
1344	negative	Putin: U.S. force fostering nuke ambitions
976	positive	Hamas, Fatah leaders pledge to meet until they reach agreement
876	neutral	China says rich countries should take lead on global warming
1202	neutral	A personal plea for HPV vaccine plan
39	neutral	How to Prevent Iraq From Getting Even Worse
1320	neutral	North Korea aid demand stall talks
206	neutral	Reid land deal under scrutiny
213	neutral	Ex-JonBenet suspect: Child porn case dropped
1067	neutral	Catholic archbishop outlines Anglican merger hopes
878	neutral	Tracking down hi-tech crime
790	negative	Experts: Fear likely shackled boy
897	negative	Iran to Hit US Interests if Attacked
1011	neutral	Chvez threatens to jail violators of price controls
1062	negative	Taliban seize rural district in southwest as police flee
1285	neutral	James Brown's partner can get her things
1002	neutral	Iraqi sunni lands show new oil and gas promise
127	negative	German paper shows soldiers desecrating skull
1219	neutral	All African amputee football games kick off
1146	neutral	Clinical Everton show Moyes means business
71	neutral	Apple set for massive market gains
935	negative	In Kenya's capital, a sense that danger is ever stronger
1391	neutral	Lawmakers blast FDA drug safety oversight
1226	positive	Female astronaut sets record
1179	neutral	Jakarta begins disinfection
217	neutral	Magazine lists women who had abortions
1027	neutral	Archaeologists find signs of early chimps' tool use
873	neutral	Microsoft supports OpenID authentication standard
1480	neutral	Study: Female seals picky about mates
1235	negative	Salt Lake City mall shooter was teenager
1385	neutral	10 don't-miss tax breaks
109	positive	The sweet tune of an anniversary
1214	neutral	Area should get 3-5 inches of snow today
1400	neutral	Toshiba Portege R400
21	neutral	Tom Cruise and Katie Holmes set wedding date
957	neutral	Philippine anti-terror law delayed until June
1167	neutral	Fortune: India the Superpower? Think again
36	neutral	Did Viking Probes Miss Life on Mars?
1475	neutral	United hang on to six-point lead
124	negative	Ukraine gas deal marred by fears
846	negative	Scorpion on a plane, a pantful of pain
844	negative	Boy Scouts blamed for starting wildfire
1120	neutral	Lawyer for deceased Nazi-era collaborator Papon vows to bury him
1307	neutral	Mega-marsupials once roamed Australia
992	neutral	Gere cheers sex workers in AIDS fight
1287	neutral	UK luxury maker Burberry: 'Made in China'?
1468	neutral	Snow begins, heavy accumulations expected
147	neutral	A Mix of Oil and Environmentalism
105	neutral	Cultural revolutionary, the iPod is five
1215	positive	Miss Brazil wins lawsuit competition
1338	neutral	Students use IM-lingo in essays
936	positive	Bill, thanks for the RSA memories... and laughs
1140	neutral	This week in auto racing October 27 - October 29
831	positive	Mancuso sparks U.S. celebrations
829	neutral	Far away, Super Bowl's losers will be champs
1396	negative	Tow truck drivers accused of stealing cars
1141	neutral	Merriman violation stuns ex-teammate
1299	neutral	Who's going to win at the Grammys?
915	negative	Snow causes airport closures in Britain
62	negative	4th person dies after receiving flu shot
144	negative	Women Face Greatest Threat of Violence at Home, Study Finds
918	neutral	Barbaro's legacy: saving other horses
1206	positive	MySpace sales surging
1485	neutral	Serena misses Bangalore tournament
949	negative	China detains 2 after body parts found in mail
202	neutral	Stars scuffle on 'Grey's Anatomy'
48	neutral	Perfect lives lose their focus
1424	neutral	Mexican navy helps in hunt for U.S. engineer
1058	neutral	France ends toxic alert at Canadian embassy in Paris
49	neutral	Bread-Heavy Diet Linked to Kidney Cancer
53	neutral	Confusion Reigns In the Expanding Digital World
94	negative	Riot warning for France suburbs
811	negative	Sri Lanka floods displace 60,000
1025	positive	Call it serendipity: a missing piece of Washington's war tent is found
1321	neutral	Cartoon Network head steps down
916	neutral	Second opinion: girl or boy? as fertility technology advances, so does an ethical debate
759	positive	News Baby pandas! Baby pandas! Baby pandas!
1028	neutral	Wizardry at Harvard: physicists move light
766	negative	Small jet crashes on takeoff, killing 2
833	neutral	Late penalty costs Roma the points
1454	positive	New cancer drug to save a thousand lives a year
138	neutral	Rice, in Baghdad, Insists That Iraqis Are
943	negative	Senate votes to revoke pensions
115	neutral	Britain to Limit Workers from Romania, Bulgaria
112	neutral	Students lose their rite of passage
1442	neutral	The breast cancer breakthrough saving 1000 women a year
1434	neutral	Ancient coin shows Cleopatra was no beauty
111	neutral	Dating difficult for Harry Potter
1472	neutral	Scientist snoops in astronauts' journals
921	negative	Ice storms kill 21 across nation
249	neutral	Amish killings school demolished
1323	negative	Anna Nicole Smith's Bahamas home seized
1147	neutral	MS Adds Office 2007 to Vista Coupon Program
1178	neutral	Iran rejects US claims of supplying weapons in Iraq
1236	positive	Female astronaut sets record
1497	neutral	Baby born on turnpike after dad misses exit
1228	negative	Iraq closes borders with Syria and Iran
3	neutral	Nigeria hostage feared dead is freed
1115	neutral	Foetal mechanism helps heart failure
85	neutral	Celebrities Protest Malibu Gas Facility
986	positive	Next island hot spot: St. Lucia
188	neutral	School ends football season after 0-4 start
1238	positive	Obama announces presidential bid
1360	neutral	Iraq unveils new security plans
1193	neutral	Scam lures victims with free puppy offer
967	positive	Blog: Here come the Globes!
1064	neutral	Will North Korea honor pledge this time?
805	neutral	EMI warns on profits, boss goes
1296	neutral	Gunman 'was Srebrenica survivor'
99	neutral	Vegetables May Boost Brain Power in Older Adults
1088	neutral	Ready to eat chicken breasts recalled due to suspected listeria
1091	neutral	Stop cancer with a shot
1478	neutral	Clijsters looks for a long goodbye
898	negative	Blair: Terror battle will be long
1364	neutral	Prehistoric lovers found locked in eternal embrace
1356	neutral	Rwanda mulls three-child limit
1	negative	Mortar assault leaves at least 18 dead
1417	neutral	Excerpt: Politicians and the press
1354	neutral	Teacher's porn conviction sparks tech debate
826	neutral	For women, nothing's like the smell of men's sweat
1156	negative	Body Shop's Roddick has Hepatitis C
1410	neutral	Reunited Police to start world tour in May
190	neutral	Jon Stewart mocks benefits of CNN's I
1083	neutral	Experts offer advice on salmonella
225	neutral	Ex-Virginia gov not running for president
1430	neutral	Embattled Edwards blogger quits campaign
133	neutral	Google To Launch Yet Another Search Tool
1170	neutral	'Ronnie' and Eto'o hug and make up
1260	neutral	U.S. at odds with cleric's aide
762	neutral	Iran and Nicaraguan leaders meet
1183	negative	Texan allegedly joined Somalia rebel plot
182	negative	New Iraq terror tape calls for abducting foreigners
1249	neutral	Brith Airways baggage charges cause confusion
847	neutral	Male sweat boosts women's hormone levels
1017	neutral	Dispute over Iraqi cleric, said to have gone to Iran
1207	negative	Telecoms giant slashes 12,500 jobs
1453	neutral	Lee in pre-World Cup injury scare
1425	neutral	Smith baby may not be pot of gold
236	positive	$10,000 poetry prize awarded
1297	neutral	Cutting through the clutter to get things done
1447	positive	Kuerten returns to winners' circle
1079	neutral	Roots of autism more complex than thought
46	neutral	Chefs not counting calories, study finds
946	positive	Vital signs: mental abilities: folic acid may improve thinking skills
996	neutral	What the Godfather of Soul meant to me
1496	negative	Ex-pastor gets death sentence
1492	neutral	Taliban leader killed in airstrike
858	positive	Internet boom in China is built on virtual fun
944	negative	EarthLink CEO dies at age 49
909	neutral	Male sweat raises female hormones
92	negative	Lies, damned lies, and divorce
888	neutral	Iraqi health minister seized in raid
902	neutral	In the Rockies, pines die and bears feel it
72	neutral	Tumor Types May Explain Survival Rates for Cancer
63	negative	Police and shoppers targeted in growing Iraq violence
929	negative	Dell to cut bonuses, trim management
1030	neutral	Moscow says Palestine-Israeli contacts key to Mideast peace
927	neutral	Why the smell of a man's armpit is a turn-on
812	negative	Justin Timberlake, Cameron Diaz announce split
179	positive	With YouTube, Grad Student Hits Jackpot Again
1305	negative	12 dead in Lebanese minibus bombings
161	neutral	U.N. Force Is Treading Lightly on Lebanese Soil
224	neutral	Dow hits new record, eyes 12,000
1117	positive	Scientists tout cocoa's health benefits
60	negative	Deaths linked to flu vaccine
1276	positive	Oprah announces new book club pick
901	neutral	Allied with democrats, Lieberman easily aligns with Republicans
1420	neutral	Loving with all your ... brain
129	neutral	Advantage Cardinals with Suppan in Game 4
1270	positive	Social networking goes mobile
1399	neutral	FDA revises label warnings on the antibiotic Ketek
1433	positive	Breast cancer drug promises hope
1343	negative	Salmonella outbreak traced to peanut butter
919	neutral	Luxury digs in South Carolina's Lowcountry
1195	neutral	Mickelson driving force at masters
223	neutral	Cher's dress, car, bed have new owners
110	neutral	Inconvenient truths
211	neutral	Gunmen kill 9 at Iraqi TV station
814	positive	Israel says hopes to keep Lebanon border calm
1499	neutral	UN-Google Earth map climate change
232	negative	Alaska town cut off from rest of state by flood
1158	neutral	Oxfam: action needed for Chad
981	neutral	Black hole triplets spotted
1233	positive	'Cagney & Lacey' finally coming to DVD
1089	neutral	Fully-cooked chicken strips recalled
1383	neutral	Turkmenistan votes for president
1311	neutral	Court TV: Accused killer tells jury a love story
803	neutral	Mistrial for officer who refused to go to Iraq
17	neutral	Madonna's new baby's daddy didn't realize adoption was `for good'
1457	neutral	Founder returns to Dell helm
861	negative	'Lost's' Fox: 'I'm a liar and a cheat'
52	neutral	Britain to restrict immigrants from new EU members
771	negative	Personal health: for teenagers, the car is the danger zone
1132	positive	Firefox 2.0 hits the Web
1362	negative	Storm causes slick, icy roads
773	negative	Eye on cosmos is lost to short circuit on hubble
1139	neutral	Bryant's boot may have salvaged Bucs' season
933	neutral	US, North Korea signed nuclear memo
81	negative	Police warn of child exploitation online
892	positive	Roddick overcomes Federer in final
1213	neutral	Yahoo's mission quest
1035	negative	Russia warns US against missile bases in East Europe
136	negative	New Indonesia Calamity, a Mud Bath, Is Man-Made
51	neutral	Israel insists on Lebanon overflights
1151	positive	Cool millions for YouTube founders
166	neutral	Teacher in Hiding After Attack on Islam Stirs Threats
1060	neutral	False alarm at Canadian embassy in Paris
35	positive	The sweet tune of an anniversary
1282	neutral	Madrid bombings trial begins
1427	negative	Beating leaves teen in coma
89	negative	Russian ship sinks in Pacific
241	positive	Lily Allen wins web music award
20	neutral	Moderate drinking reduces men's heart attack risk
1173	negative	Massive mud traps dozens of families
1284	positive	Autos drive European gains
208	neutral	Briton admits U.S. bomb plot role
1272	positive	Siesta cuts risk of heart disease death, study finds
1372	neutral	Petraeus takes command in Iraq
218	neutral	Pot smokers may avoid Alzheimer's, study says
1154	positive	Audio Slide Show: A love story lasting 61 years
1131	positive	Google unveils do-it-yourself search engine
58	neutral	Amateur rocket scientists reach for space
777	neutral	Rare optimism as North Korea talks reach crossroads
1373	negative	6 dead after Utah Mall shooting rampage
1324	neutral	Andromeda involved in galactic collision
4	negative	Bombers kill shoppers
966	neutral	'Housewives' star Marcia Cross on bed rest
791	negative	What's behind the chopper crashes in Iraq
230	neutral	Navarrette: Minutemen have a right to be idiotic
64	neutral	Scientists discover miracle in the depths
767	negative	Bigger, more aggressive rats infesting UK
1185	neutral	Japan: Whaling activists 'terrorists'
1291	neutral	Gronholm takes a commanding lead
1423	neutral	Slow 'Music and Lyrics'
1177	neutral	ECB holds rates at 3.5 percent
875	neutral	Briefly: preloaded iPods, Wal-Mart movies, Apple stores
1237	neutral	Oil holds at $58
786	neutral	What Newsom faces in aftermath of scandal
1210	positive	King and queen reign at British film awards
252	negative	Man admits UK-US terror bomb plot
1222	neutral	Russia condemns terrorist acts on buses outside Beirut
1187	neutral	Women protest Pakistan demolition
1101	negative	A shot in the arm
40	neutral	Tensions as Hungary marks uprising
1451	neutral	U.S. urged to lead on 'green' actions
1050	negative	Kanishka bombing case: Inquiry judge threatens to quit
1406	positive	A nap a day may keep the heart doctor away
70	neutral	Iran's president urges higher birth rate
1063	negative	Afghan poppy war alienates farmers
1264	neutral	Jones faces Europe meetings snub
74	neutral	Bad weather slows S.Korean search for Russian ship
1474	neutral	African nation hopes Whoopi can help
809	neutral	Hunters stalk world's tallest trees
1229	negative	The troubling ending of 'The Departed'
948	positive	Families celebrate return of sons
958	neutral	Ex-suspect slams anti-terror laws
971	neutral	China considers Eurobond reserves
1155	neutral	Microsoft to release next generation phone
1166	positive	Spacewalker sets new U.S. record
764	neutral	Fine wines in British Columbia
160	negative	Iraqi Journalists Add Laws to List of Dangers
11	neutral	Madonna's New Tot 'Happy at Home' in London
1069	negative	US helicopter crash kills 8 troops in Afghanistan
1253	neutral	Boy allegedly told to kill by mom gives up
1351	positive	Study: On-the-job naps might help heart
6	neutral	PM: Havana deal a good experiment
1130	neutral	Sony apologizes for battery recall
1426	neutral	Latest updates on world's top stories
1411	neutral	Turkmen acting leader sworn in as new president
1152	positive	London market a shopping, dining haven
1042	neutral	Top Colombia official resigns
1144	neutral	Arthurs upsets Robredo in first round at the St. Petersburg Open
1486	negative	Dryer blamed for fire killing 39 cats, dogs
879	neutral	Barack Obama formally announces bid for president
201	neutral	Cher auction fetches double pre-sale estimates
808	neutral	POLITICS-US: reprieve for officer who denounced ""Immoral War""
1080	neutral	Largest ever autism study identifies two genetic culprits
940	negative	The amounts you have to pay for a bomb scare
1469	neutral	Jet flips in snowstorm, none dead
13	neutral	United Finds Good Connection in Win
813	negative	Iran to hit US interests if attacked
151	neutral	Managua Journal: Hold the Mojito and Margarita, Nicaragua Has el Macu
1239	positive	Tell your boss: Naps are good for you
1198	neutral	Edwards' campaign blogger quits amid Catholic controversy
192	neutral	Nails-on-chalkboard study earns Ig
1071	positive	Arroyo lauds passage of anti-terror bill
1352	neutral	Guinea capital largely calm under curfew, marital law
818	negative	A star dies, a family feud is born
1085	neutral	For women, aspirin a day could keep stroke away
1049	negative	Victims of Air India still wait for justice
982	neutral	Israel weighs old city project webcast
942	negative	Weekly Nielsen Yvonne De Carlo, 'Munsters' star, dead
754	negative	PC World editor slain at California home
178	neutral	An Elephant Crackup?
827	neutral	Looking beyond the iPhone
1163	positive	NATO: Afghanistan peace 'by 2009'
993	neutral	Study: Male sweat causes female hormones to rise
884	neutral	Cutting edge accessories for digital music players
972	neutral	Underarm bowls them over
1448	neutral	World's oldest newspaper now exists only online
90	positive	China Successfully Launches Two Satellites
1023	positive	A familiar and prescient voice, brought to life
1090	neutral	Committee debates cancer vaccine plan
839	neutral	Leo battles himself
1375	positive	Record-shattering day on Wall St.
1019	negative	In the world of life-saving drugs, a growing epidemic of deadly fakes
1254	neutral	Gray wolves off endangered list
1302	neutral	Gronholm ahead as Solberg crashes
1162	positive	China's 'Friends' highlights Web freedoms
165	neutral	Military Officials Add to U.S. Criticism of Iraq's Government
959	positive	Study detects a gene linked to Alzheimer's
866	positive	Ferrer victorious in Spanish duel
997	positive	New Mars orbiter spots Pathfinder landing site
100	neutral	Report criticises US press freedoms
1070	negative	Eight US soldiers killed in Zabul helicopter crash
1057	neutral	Howard presses Bush on terror suspect
760	positive	Get ready for the earnings
1223	positive	Technology may save India's river dolphins
170	neutral	Seduced by Snacks? No, Not You
896	neutral	Sea search for missing Microsoft scientist
815	negative	Cisco sues Apple over iPhone name
1194	positive	Two Koreas to resume talks
930	neutral	Second drop in cancer deaths could point to a trend, researchers say
900	neutral	Carrefour sales growth falls short
1318	neutral	Time to book your cruise
1319	neutral	'Blazing Angels' for PS3 fails to soar
841	negative	John Grisham set for court drama
1304	neutral	Rocky start for Bangkok airport
950	positive	North Korea ready to discuss nuke disarmament
1458	neutral	Charles Gibson takes over first place
1098	neutral	Goodbye to girlhood
1108	neutral	Whether to save cord blood can be puzzle for parents
43	neutral	A Picture and A Thousand Words
963	neutral	Beckham outlines reasons for move
1255	neutral	Vista's hyped security will be tested
61	negative	Israel admits using phosphorous shells in Lebanon
1127	neutral	House ethics panel talks to Hastert aide
95	positive	Full recovery expected for marathon winner
1100	neutral	Sexualisation 'harms' young girls
872	neutral	US to prod NATO allies for more troops to defeat Taliban
870	negative	Search on for victims of subway collapse
1258	negative	Bomb kills 18 on military bus in Iran
867	negative	UK workers on alert for letter bombs
1078	negative	Bombings say Muslim rebels won't negotiate
1482	negative	Study: More kids exposed to online porn
1256	negative	UK police slammed over terror raid
1142	neutral	Bruce revells in upset
1473	neutral	YouTube founders split $650M payout
969	neutral	Apple warns iTunes users to wait on Vista
248	neutral	Italy drops Sicily bridge plans
1257	negative	Mogadishu residents flee blasts
1247	neutral	Go ahead, take a nap, science says
1006	negative	North Africa feared as staging ground for terror
757	negative	Investigation of child porn site hits 77 nations USA Today
209	neutral	Commentary: Minutemen have a right to be idiotic
116	neutral	Top General Optimistic on Iraq
1199	neutral	Judge: Preserve Anna Nicole's body
1250	negative	Indonesian with bird flu dies
1353	neutral	Bosses sleeping on idea of letting workers take naps
816	negative	Two Palestinians killed near fence
104	neutral	Baseball: Rogers enjoys his muddied streak
1476	neutral	Lawyer seizes Smith's Bahamas home
204	negative	Amish schoolhouse torn down
1188	neutral	Wii news for gamers
752	neutral	Beckham 'won't play again for Real'
952	neutral	Nadal wants Australian Open crown
1181	neutral	Apple revs up Mac attacks on Vista
1346	negative	Double bus-bombing kills three in Lebanon
903	negative	Iran to strike US interests if attacked
222	neutral	Teen repellent inventor wins infamous prize
216	negative	Disturbing finds in child sex raids
1137	neutral	Allmendinger joining Toyota team in NASCAR
988	positive	Rescued boys parents hail 'miracle'
140	neutral	German Chief Forges Accord on Financing Health Care
1096	negative	Matthews lays off 130 turkey workers
837	positive	iPod good for video games
220	neutral	Kentucky wants to ban alcohol inhalers
910	neutral	7 GOP senators to force debate on troops in Iraq
67	neutral	Vegetables May Boost Brain Power in Older Adults
187	neutral	Porn star candidate campaigns on campus
1149	neutral	Apple's dark secret? The 39% claim
937	neutral	Friendly fire pilot 'experienced'
1114	neutral	Sick hearts switch on a fetal gene
1490	neutral	U.S. diverts troops to fight Taliban
1341	negative	Travel chaos as heavy snow hits UK
27	neutral	Poison Pill to Swallow: Hawks Hurting After Loss to Vikes
1072	positive	House passes anti-terrorism measure Manila
1047	neutral	Japanese whaling ship won't accept help
119	neutral	Official laughs for Borat
1479	neutral	Snow's too deep even for snowmobiles
173	neutral	Across Europe, Worries on Islam Spread to Center
977	negative	Officers had 'rapport' with alleged abductor
198	neutral	10 die in 22-hour Kashmir standoff
806	negative	Subway collapse caught on camera
18	neutral	Women in their 60s 'are perfectly good mothers'
142	negative	Kurdish Lawmaker Killed in an Attack in Baghdad
995	positive	Surprise: China cuts price of gas
765	positive	Philippine president welcomes Senate approval of anti-terror bill
7	positive	Kate is marrying Doherty
938	positive	MySpace welcomes French friends
9	positive	Happy birthday, iPod
990	neutral	Teen hacks Venezuelan government Web sites
1381	negative	Al Qaeda group calls for attacks on U.S. oil
181	negative	Tropical Storm Isaac forms in Atlantic
1387	neutral	Messi makes Barcelona squad return
1309	neutral	UPDATE 1-Plane crashes at Moscow airport, no passengers
970	negative	Tsunami fears ease after quake
1316	negative	Anna Nicole Smith fans mourn in cyberspace
1129	neutral	Enron boss gets 24-year sentence
1389	negative	Catania punished for fan violence
1036	neutral	Cheney starts visit to Japan, Australia
881	neutral	Indonesia may sell, not give, bird flu virus to scientists
1397	neutral	Bush: It's time for Congress to back energy plan
1230	neutral	Vietnamese bank plans IPO listing
1212	negative	Thousands rally in Lebanon
1471	neutral	Durant's success trumps the Gators
822	neutral	Israel's Peretz urges halt to contentious Jerusalem construction
1135	positive	Marathon winner released from hospital
143	negative	Anti-U.S. Attack Videos Spread on the Internet
243	neutral	Beyonce copyright claim rejected
1246	positive	Man gets second chance at space ride
1204	negative	Swiss plane crashes at Moscow airport
82	neutral	Breast Cancer Awareness is Important
233	neutral	Trailblazing trio protects City by the Bay
798	neutral	Bears watch as lead slips away
169	neutral	Iraqi Linked to Sunni Bloc Is Held in Plot, Military Says
55	neutral	Making peace from victory over poverty
1200	neutral	Dolphins, sea lions may report for duty soon
1124	negative	AU regrets Sudan's expulsion of UN envoy
239	neutral	Cher items snapped up at auction
750	neutral	PSP number one Sony platform in Japan
1196	neutral	England opt for Bopara over Loye
978	neutral	No e-Book for Harry Potter VII
945	negative	Software giant SAP misses target
153	neutral	Paris Journal: Smoking No Longer Tres Chic in France
830	negative	Woman dies after water binge
167	neutral	Combative Bush Releases Parts of Terror Study
989	negative	Canadians tracked in child porn ring
1440	neutral	UN nuclear watchdog slashes Iran aid
1128	positive	BellSouth says profit rises 30% on cingular earnings
960	positive	Panda cub makes her debut
924	positive	South African trio share advantage
845	neutral	China urges UN action on N Korea
44	neutral	Parachutist dies at bridge-jump festival
751	neutral	England include Giles in WC squad
1368	neutral	Australian PM stands by Obama attack
106	neutral	Life on Mars? Maybe We Missed It
1295	neutral	G7: Yen skates by, yuan singled out
1483	neutral	Beyonce new SI bikini cover girl
1008	neutral	Anglicans rebuke U.S. branch on same-sex unions
221	neutral	Peter Pan flies into chapter two
22	neutral	Kidnapped AP photographer freed in Gaza
1376	neutral	Comedian says government silences critics
1333	neutral	Hatton hands back IBF title again
1489	neutral	U.S. online love brokers eye China
838	neutral	Review: virtual 'American Idol' hits right notes
1074	neutral	London is pace-setter on congestion toll, says mayor
242	neutral	Costner appeals in casino wrangle
1456	neutral	Fire extinguisher part of Tennessee execution kit
1412	neutral	Allen and Okur get All-Star call
913	positive	Here come the Globes!
1279	positive	Napping may be good for your heart
883	positive	Europe retain trophy with big win
1160	negative	Storm leaves behind major travel troubles
1298	positive	Mother: Lohan is doing 'great' in rehab
1355	positive	Singapore pampers its waterfront promenade
1043	neutral	Colombia FM resigns after relatives' arrests for militia links
778	negative	Man beheaded in southern Thailand
1224	positive	Airbus A380 superjumbo takes off
66	neutral	China launches two satellites into orbit
1386	neutral	Police break up Kosovo protests
1218	neutral	Research supports medicinal marijuana
114	negative	Ottawa must redefine 'terror'
994	negative	Collision on icy road kills 7
1278	negative	Northeaster cancels flights, shuts schools
1271	positive	Beauticians cut, curl, offer stroke-prevention info
859	positive	Review: PS3 pricey but impressive
802	neutral	On road to Kosovo independence, a warning: go slow
1446	neutral	BA to charge $470 for an extra bag
1252	neutral	New York City may ban iPods while crossing street
1245	neutral	Astronaut's arrest tests NASA's mettle
238	positive	UK characters boosting box office
1470	neutral	Frantic 911 call in Ryan O'Neal case
1175	negative	Town packs gym to mourn 10 killed in fire
1190	neutral	Portugal to vote on abortion laws
1021	neutral	Books on science: The problems in modeling nature, with its unruly natural tendencies
1393	neutral	Ice stops trolleys cold
1313	neutral	Start late, retire rich
1377	positive	Rockers big winners at Brit Awards
1051	negative	Judge threatens to shut down Air-India inquiry
1422	neutral	Cuban official: Web a 'wild colt'
1081	positive	Canadian breakthrough offers hope on autism
80	neutral	Google to unveil election mashup
1020	neutral	Basics: a mammal in winter with a furnace of her own
1073	neutral	Livingstone's transport empire may extend
1401	negative	South Africa mourns Adelaide Tambo
1306	negative	Sex torture claims hit Russia army
232152567843540992	neutral	Forumcast Ep5: The 4th on the 5th- we talk Ghost Rider:Spirit of Vengeance,the 4th of July & Falling Skies http://t.co/DkHa5wuK
254047889716813824	positive	#BetStyleLounge this Saturday @Dtlr will be Turnt to the MAX! Come see me and @DjPharris rock out! 35th and King Dr!! http://t.co/30fmUpli
264092734116220928	neutral	Please remember that the deadline for the 1st Quarter Box Tops for Education and our Trash for Cash fundraiser is... http://t.co/cKL5wjmp
262954275930529793	negative	On MVC teleconference, it seems Jacobson found a lot more things wrong with Saturday's exhibition after seeing the tape. #UNIhoops
111660997458141184	neutral	Re doing a bio and watching the Republicans debate while smashing some Pineapple sherbet. Not sure what to make of this evening lol
256205625158168578	negative	Maino thinks I'm really going to this 2 hour tomorrow.. I'm not going! I. don't. give. a. fuck!
263945101053673472	negative	Fuck it... no one pays attention anyhow.. THIS! Next Tuesday on @thered_show, the original Nirvana drummer Chad Channing! @themixxradio
259849127058362368	negative	Things that you never do on time:  Apply for FAFSA, your 2500 word paper due on monday, restocking on ice cream.
257303224950870016	neutral	Got #Revenge on the mind? Niners host Giants in NFC Championship rematch tomorrow! Score last minute tix here: http://t.co/kd8ZaI92
249170431821615104	positive	I took my boyfriend Best virginity last night in Club Bodi...it was her 1st time goin 2 the club EVER @smokers_lane HAPPY BDAY CHUM CHUM
248452744053141505	positive	Seeing @wyeoak AND Maya Rudolph cover Prince songs with @theroots tomorrow night. My mind is pretty much blown.
262619064000724993	negative	Temple, Drexel, Penn, NY SD, state of NJ - closed for Monday and Tuesday. Philly SD? Still thinking about it. #thatmakessense #noitdoesnt
210728919836528640	neutral	Cloud Computing: WHIPTAIL Talks Big Data & the Speed of Life at Cloud Expo - Soa Wolrd: The 10th... http://t.co/sYdr66M0 #bigdata #cloud
103786117303762944	positive	Opening today "The Inbetweeners" (15) 20.45 and Cowboys & Aliens (12a) 20.20 Remember it's Super Saver Day,so you... http://t.co/OpofihG
100032113952292864	neutral	Where is @Thee_LoLaMonroe going to be at tonight in Detroit?
240754976501149696	neutral	Ideal Home Show at Christmas - Earls Court 14-18 November, has partnered with ITV to bring Dancing on Ice to life at the exhibition.
206522422000746496	positive	@RonaNishliu Congratulations Rona for the 5th place in Eurosong contest. You deserve more than this<3
103263897712201731	positive	Show em what it isRT @Trujohnson2: Love it when scouts be at our Practice..  I counted 4 today..  Broncos , Miami , Philly , && Tampa Bay ..
264089234183438336	positive	@plumpyTM Getting my Xbox back tomorrow! Honestly can't wait! - My friends wants a competitive 3v3, see if Cole is up for it man!
100274052534501376	positive	@TomFelton Hope you win tonight Tom!  Your US and worldwide fans from @TomFelton_USA and @TFeltonChicago are cheering for u!
224187664352559106	positive	@DavidArchie Josh Bradley turns 23 tommorrow!! July 15.  Hope all is well with You!! Enjoying your music. Have some Halo-Halo!
263080341865132032	neutral	@LNT_music  is having a show nov 10th @ the House Of Blues friends or anybody HMU if u want to go Thanks :)
264213618093080576	positive	Turns out Olive Garden's dinner for tonight and tomorrow is more like dinner for tonight and later tonight.
263992145738870784	positive	Now it's November won't b long til Xmas music starts on VH1. Can't wait all day everyday
244671808803069952	neutral	My official bday weekend kicking off party Friday Sept 21st @ Club Bodi and going out with a bang Grand Finale @ ... http://t.co/ugKipl13
250692636330049538	neutral	@Alyoup005 @addicted2haley hmmmm  November is an odd release date if true but if it becomes big enough maybe she could sing it at Grammys
244707217130008576	positive	@youngmensociety See you guys on the 6th of October in Bathurst along with Stan Walker. Can't wait!!! :D
261081353636950016	positive	Andre Villas-Boas talking like there may actually be some truth to the stories about Adebayor wanting to leave :'''''''). Great signing.
249191033198497792	neutral	Just like the final shot in the the shining. Rembrandt may have painted John Belushi. http://t.co/VoJm25L7. #rembrandt #belushi
263422793998299137	neutral	Ghost of Mississippi The story of the ghost that tripped Eli Manning on 4th down that fateful autumn night in Oxford. #30for30
256765946616770560	positive	@Cavillafuertee Cav ! See you tomorrow sa SM Sta.Rosa !! :**
264226305665531904	neutral	AJ went to bed at 8:30 or 9:00 tonight. Kid was tired. There was no stopping it. Hubby and I sat and watched the stuff we usually watch...
263990056765751296	neutral	Have you ever forgotten to get a Valentine's present? Your chance at Feb 17 #bonjovi tix coming up! @benandkerryshow
231554887937310720	positive	Are there any Aussie Directioners from Canberra?? going there on the 12th of September would love to meet some More Aussie Directioners <3
250251320395710466	positive	Occupy Unmasked with Andrew Breitbart - Citizens United Productions http://t.co/ppVuF9K4 via @sharethis*hAPPY & CHEERY MONDAY!* LOL or NO???
264185956305883136	negative	I don't want to take ACT tomorrow. ):
263759722858041344	positive	At least it will make up for the SAT and the Gonzaga game
261717956667518976	positive	@indomienoodlez  May Allah grants us all our HRt desires n make us better prsns than the yrs before
263749149198020608	positive	CANT WAIT TO GO TO THE BULLS GAME SATURDAY! weeee my first game of the season and papa got me some killer seats!
263528965212356608	neutral	#LazyWeb Should I get up early and avoid giants fans on Caltrain or just work from home tomorrow?
232845999448670208	positive	@ATLHustlerClub so stoked! i'm going to the irving plaza NYC show on november 18th c:
255449898810494976	positive	Enjoying my 1st time on Caltrain - bikes on the 1st floor, passengers on the 2nd floor. http://t.co/QO2tAnKe
100197713467031552	neutral	ENough muslim countries lobbying in the us for today, i'm watching 'twilight saga: eclipse ' to better understand girls)))
263801798542897152	neutral	Rockets have 15 assists in the 1st half. Lin and Harden each have five dimes.
260823238643433472	positive	looking forward to the judd apatow guest edited issue of Vanity Fair in January. Expecting lots of Lena Dunham, Paul Rudd, Leslie Mann, etc.
100170016875491328	neutral	Wonder if the Spurs shop got looted last night? #doubtit
233980700041302016	neutral	Video: AFP - Gaza's Hamas denies involvement in Sinai attack: Following the election of Mohamed Morsi in June, r... http://t.co/kKKYvqkH
105739077680250880	neutral	#UFC @JesseSeedath Yushin Okami isn't just Anderson Silva's opponent Saturday night - he's the only... - http://t.co/pRafGi5
236135470575263744	neutral	6 - Louis Saha is going to play for his 6th Premier League club, only Marcus Bent, Andy Cole & Wayne Routledge have played for more. Travel.
249238019574480896	neutral	@FantasyGaffer got a suggestion for a GK tomorrow that doesn't cost over 5.6 ?!!. I want to replace Krul.
264206494587834368	positive	Going to see Kendrick Lamar with @Pea_Starks in jan :D
263619698845941760	positive	Good luck to all my babies taking History and Physics tomorrow! May the force be with you! Make history!
263794845666136066	negative	Whitecaps vs the mighty Robbie Keane and LA Galaxy this Thursday, 7:30. Fuck training, hitting up @SinBin_Grill
100576061624041472	negative	RT @AdamSchefter at practice, Lions rookie RB Mikel Leshoure was carted off field today with a left leg injury. > Lions dropping like flies
262133995645583360	neutral	@dannychoo When Douglas Adams wrote Restaurant At The End Of The Universe, he may have had Japan in mind. #HHGTTG
263694340579274752	neutral	@KellyEstaLoca February 2, aka Groundhog Day, we can pull it off, right?
264131735443349505	positive	@_RonDonGQ damn brah it was good too! We play the Knicks tomorrow
260556380795183104	positive	Gabe Carimi called for his 2nd holding and 3rd in 2 games. But got lucky with offsetting calls. Its his first time facing DE Cliff Avril.
263487091659395072	neutral	PSN Tuesday: Assassin's Creed 3, Okami HD: You can buy all the Assassin's Creed you can handle on PSN today. Both... http://t.co/APdsC4ZI
260541579515797504	neutral	Inter Milan Transfer Rumours: 5 Players Linked to the San Siro in January:   Inter Milan  have started their new... http://t.co/vIn3RVrE
263483410192932864	neutral	Delmar Johnson will interview about new release of book!  BOCI Talk Radio @ 10am CST on October 31st.  Listen,... http://t.co/L45qvLSi
100046838324928514	neutral	RT @TomCrowe: Why doesn't Obama just sign an executive order that declares the U.S. has AAA rating? I mean, c'mon?
255235361964425216	neutral	Mumford & Sons tickets for the extra London O2 Arena show on Dec 18th are onsale now. http://t.co/YouEGO2T #mumfords
222564506885308416	neutral	Dwayne Bravo and Darren Sammy will donate their match fees from the 3rd ODI to the wife of Runako Morton...!! #WI
264059754161266689	negative	This bitch @backyardbetty just put frog back on Lmfao throw back Thursday
264090195052359680	positive	@WordsofColour We spoke and you didn't mention it..! Happy birthday Queen! Enjoy your earth day..Long may your pioneering work continue..x x
100242643342196736	neutral	For Arsenal and Spurs' sake, let's hope the futures of Fabregas and Modric are sorted before Aug 31st.
264123783458197504	neutral	@At_One I'll be in Poland but back Sunday eve, catch you then!
212658260833079296	negative	Happy Valentine's Day is trending? ?? But... it's not even February?
262858301824458752	neutral	Liverpool looking to activate Demba Ba's 7m buy out clause with Andy Carroll going the other way in january
100333560778604544	neutral	RT @howardeskin: Steve Williams just threw Tiger Woods under the bus after win w Adam Scott today. After 33 yrs and 145 wins this is the ...
101060707134619648	positive	@andrewsikora The Tigers know it's a big game as well: resting Martinez & Alburquerque Monday and bumping Verlander.
251423271344553984	neutral	You may want to plan on getting a cup of coffee at Winans this Saturday! http://t.co/sq4yW0yr
200871887767736320	neutral	P&G shifts top executives to Singapore: SINGAPORE: US consumer giant Procter and Gamble (P&G) said Friday it wil... http://t.co/4TKp7C1b
226567105963757568	neutral	@25whitney if you don't by break time tomorrow that is my second team!   I would already have them if Gary Carter was in the set...
264015488504442880	neutral	i got 2 classes then im off going back to Greensboro. im heading to NY tomorrow
264169854049861632	negative	Tomorrow is last day for early voting in Nevada. I am not inspired to vote early. I don't like many of the choices. Most suck balls.
220510751935299584	positive	@AdHunter1984 love the Greenbrier team. Tipped two of them and possibly Harris English's biggest fan. May yet add him to my staking plan.
218954101881454592	neutral	@RBKD: This just in: Rui En joins Elvin Ng & co. in CLIF2, scheduled to air 18 Feb 12. Surprise?
253687315241779200	neutral	Tonight, Obama was the Buffalo Sabres and Mitt was the Dallas Stars. It may not seem right to the Sabres fans, but Dallas still won.
251601887701372928	neutral	@AudioVixen3 Wait I think I know who it is. I may be wrong but I swear in an interview one of you said you'd like to sing a Stan Walker song
263938647852732416	positive	HOLY SHIT JACK WHITE TOMORROW! When he plays seven nation army it'll be INSANE
264078531166863361	positive	@WardChanning Hey Channing Tony Provias from Aberdeen Hope you get a sack on Murray this Sat!!!
262908458918088704	neutral	Tampa Bay Buccaneers: Game-by-Game Predictions for 2nd Half of the Season - Bleacher Report http://t.co/oHPjlwbY
109030416631087104	neutral	Safe Mode with Networking - no internet: I am troubleshooting a BSOD in Windows 7 and may come back later with m... http://t.co/2gB8dMT
261584813318885376	positive	Good result tonight, though! Part one of Rodgers' Gamble paid off. Have to wait for Sunday for part two. If we win that, we're off! #LFC
200319896125579264	neutral	@rioferdy5 Harold and the Purple Crayon, although it may be for slightly younger. And anything by Dr. Seuss is always quality.
111553068902006784	neutral	Why Verizon's 4G Limits May be the Droid Bionic's Achilles Heel - Gotta Be Mobile #verizon #phone
263469409409052672	positive	Nba is back !!!!' My main man jj starting at the three for Sacramento kings gets chance to show bulls even more of what they lost tomorrow
261228639482429441	neutral	TEAM NEWS: Moussa Dembele, Emmanuel Adebayor and Gareth Bale will all miss the game tomorrow against Maribor. #THFC
264048763537072129	neutral	Given up on work for the night, really CBA! Know I'll be able to concenttrate better tomorrow anyway. Plus I'd rather talk to @DJYuzi now!
249387244668985344	positive	Taylor Allderdice might just be wiz 2nd best mixtape
105211145501151232	negative	Still fuming at Everton shambles, at least the England Cricket team should cheer me up today #kenwrightout
103882059101126656	neutral	RT @tvdfansonline: Vampire Diaries Season 3 Scoop: Vicki Is at Odds with Anna - Today's News: Our Take | TVGuide.com - http://t.co/sX3bA3d
255804479130185731	positive	@mayhemmiller Nick Diaz is da Best! Smoke weed every day and drop out of school in 6th grade! Fuck Yeah!
263882641642778625	positive	@pauleyP best line ever as abby "he wears $3000 sun glasses & has Justin Beiber on his harddrive cant we arrest him for that?
103882367793504257	positive	Arm hurts like crazy Open house tomorrow and Church tonight!!!! I love them so much <3
252526969730789376	neutral	Went to see the psychedelic Sun Ra Arkestra last night at the Barbican Centre. #trippin
261596225969721345	positive	Rehearsal wedding for my cuz @Chico_A_Dusty83 going on at pro bowl... Big day is TOMORROW!
260201236182204416	322327245	neutral	Not Available
262758494845931520	neutral	Someone be sure to tell George Clooney to keep the Andrea Gail at the dock tomorrow.  Read @StuOstro: http://t.co/PwgbB8Ck
174621353574543360	neutral	Im trying out for the NFL Combine when I get out of college #youcanbelievethat
264039385417261058	negative	Do we really care about our kids future? Think about it: Education is the 1st thing cut from budgets on every level.
261873054760701952	neutral	Remember to RSVP for our FREE Writer's Workshop next Thursday with Rosanne Bane.  Rosanne is a Creativity Coach &... http://t.co/63zkIM3A
263963523669975043	positive	Higgins "Great experience for the young group and to meet with Premier League teams a real highlight" "Very young squad to play on Sat"
104713085306159104	neutral	RT @IndyStarSports: Colts owner Jim Irsay to donate $64,753 to @IndyStateFair victims fund. That's # of tickets distributed to tonight's ...
259347616238804992	neutral	If you're looking for the GS3 off contract, it hits MetroPCS next Monday - http://t.co/vLu16S8I by @Engadget
224821439717584898	negative	Not convinced by the Haye v Chisora fight @ Upton Park on Saturday.....personally I'd rather have seen Carlton Cole v Emile Heskey
263704806659592192	positive	LOL. So Haryana has a day off tomorrow because it's "Haryana Day".
258268292232396800	positive	@MyGoldMusic  can you play wah wah or bware of darkeness by george harrison tomorrow please :)
156387292737568768	negative	Jack Welch and Mort Zuckerman are always on giving 'wisdom'. Isn't their business style part of what made this mess in the 1st. #leansix
197826014984945665	negative	Tim Roth will be playing in a movie with Jean Dujardin. i .. can't .. ok, i may pass out now.
264123775761645568	negative	Anybody want 2 tickets to Jack White tomorrow at Ally Pally? Stuck in Matlock, can't make it. Contact me!
237064827816800256	negative	@YahooSports  It is the 6th straight 1st ROUND SUBMISSION not 6th straight 1st minute KO, Miesha Tate did go 4:00+ with her. Get it right!
238317297377361920	positive	@IBGDRGN Today is our Chinese July 7th Valentine's day I hope you will soon find you that she wishes you to be happy  Happy Valentine's Day
239073797825781760	neutral	Feels Like Vegas In LA @Jalexanderfunny  @NormaRoyston Auditions in 4 SATURDAY!! Movie Called RAYMOND LEGENDS U will be shooting the TRAILER
262372288865914880	negative	I just realized that Thalia is going to be tortured tomorrow for an hour lmao
256008278725758977	negative	Awww hell. It was a black cop that shot the white student at South Alabama. Let's all go march naked in Mobile for Trayvon. I mean Gil.
264148660781215746	neutral	Yesterday I asked Maria where the candy was and sshes like ill get it tomorrow when all the candy is on sale #ghetto #candy
235631351825575937	neutral	Nick was the 1st one pinned in the Elimination Chamber.
232415485512253440	positive	If @TheRock wins the @WWE Title at #RoyalRumble, then he would have to defend it in his 1st ever Elimination Chamber match.
107643335698690048	neutral	And here it comes! The main bout for the evening, Anderson Silva vs. Yushin Okami #ufcrio
258167495649816576	neutral	milkily handsome in the manner of a cinematically doomed first world war infantryman: @barneyronay on Michael Clarke http://t.co/YjzCCNjb
262311874106904576	positive	@lukeymoore Good luck tomorrow! I did it once. Big David James and Harry Redknapp started the race. They wore bomber jackets...
100379863038435328	positive	OMG I can't wait to see what Beyonce is gonna do at the VMA'S Sunday August 28th! http://twitpic.com/62q0w9
111359975405780992	positive	Its 2 AM & I have to wake up at 5:30 in the morning. To sleep or to keep watching Jersey Shore? TO SLEEP! nah, I think I'll stay up :D
252075399406833664	neutral	I can't help but wonder while at the Washington Monument why they didn't utilize the grounds to create a huge sun dial http://t.co/9ftNKtms
264190673769615360	neutral	@ESPNNFL: Rivers may have just entered CMon Man territory with that INT in the end zone -- #ChargerFansBooing why did that need a hashtag
261268694934630400	neutral	Tomorrow Night Thursday Oct 25!!! FIRST BLOOD TOUR Dubstep & Trap Halloween Party with MAYHEM!!!! Greensboro NC... http://t.co/LYXmUVVt
103670215459618816	negative	I really hate to think it, but the same type thing that's happening to Miami could happen to Alabama tomorrow.
250363678203985921	neutral	Today is the anniversary of F.Scott Fitzgerald's birth (116 yrs), Dr. Seuss's death (21) & the 1st pub. of The Hobbit (75) via @brainpicker
100227834416599041	negative	Sam Loco Efe (Nigeria Nollyhood star) is dead.  We are still mourning Christy Essien now it is Sam Loco's turn. May his soul RIP. #jhub
238450110546202625	positive	Starts Friday night Irving plaza NYC me and @bteband touring with Chiodos <- stoked
209694606751838208	neutral	Diana: A Celebration ends June 10th at the @mallofamerica; make sure to see the collection before it leaves! http://t.co/O5WeDZwX
261375537417711616	negative	@muterundumo good argument, however ITS A GAMBLE that won't pay off, worse still I think the constitution has a deadline of Dec 4th
243206953835323392	positive	Looking forward to facing Ms. Allysin Kay this Saturday in Petrolia!! http://t.co/Z6CBqYp1  come check it out!
262190619953356800	positive	@PurpleEndorphin: I WANT TANG JUN FOR CHRISTMAS. I want him on Valentines as well!!!
200460502860697600	neutral	@StewartStarlit - Ever hear Tamias live cover of the Winans "Tomorrow"
100469986849591296	neutral	Wilshere didn't play for Arsenal on Saturday and most papers report he's 'doubtful' for Newcastle. Why would there be an England 'row' ?
264244722271387648	positive	Proud of Aishwarya's French honour: Big B: Mumbai, Nov 2 (IANS) Megastar Amitabh Bachchan says he is proud that ... http://t.co/x5721z5E
100001250887741441	neutral	@ashaLadawn yeah, Imma be in vegas from 18th-23rd so I just want a dinner in dallas with friends
100503331952271360	neutral	Hmm.. Sby deh. RT @tujukutu: Kung Fu Panda 2 (in 2D & 3D, both with Indonesian subtitles) tentatively scheduled to open on Tues 16 August
100031690159820800	neutral	@claviusrobinsky am just going to be hanging at my mom's for the week. Ross arrives the 26th and we go straight to Vegas.
102432235105419265	positive	Who wants to go see @USAEaglesRugby beat Canada's Rugby team tonight in Glendale, CO? Send them off to the Rugby World Cup the right way?
256522858317111296	negative	if jenelle comes to the game tomorrow... I'll die #missherlots #itsbeentolong #mybaby
263924763423035392	neutral	@docbungle I may relent and get one myself, but I hope it doesn't come to that. Hopefully all the decent apps will get ported to android
107672029729263617	positive	Godfrey was kinda funny though on comedy central tonight.
258989016005873664	neutral	@MlleSorbet Which one are you there for ? @NoReinsGirl myself and some friends will be at the SA game going to Twickers town for drinks 1st?
246684751505801216	neutral	Drew Peterson is no longer #Untouchable! Tune in for the Lifetime Original Movie Sunday at 7/6c on @lifetimetv: http://t.co/jNmCSInh
108125185902776320	neutral	RT @Lucirmas: Time for #MusicMonday.. Today's choice is PJ Harvey - In the Dark Places, for the album Let England Shake http://t.co/MjGI ...
213837102910152704	negative	@XochilihcoX C'mon Leo where's Endymion....... Or Amsterdam I know he likes Amsterdam. those songs are shit compared to the ones i put
261506689935753216	positive	Listen in Hour 2 for an expansive interview with poet Frank X. Walker who present his works at Murray State on November 1.  #soundsgood
261756309689483266	positive	Harry Redknapp 2nd favourite at 7/4 to be next blackburn boss!! venkys please make this happen!!!! #makeredknapparover
215954116860592129	neutral	Reminder noon tomorrow is the deadline to register teams for the Kickball Tournament at the $120 rate. Price increases to $150 after Friday
256191105102659584	neutral	Derrick Williams and the Stiemer enter the agme for Pek and Klove late in 1st quarter with Wolves leading 18-15
260232337051230208	positive	Chick in my class said Flacco is the best QB in the league. 1- why is a chick talkin football. 2. I cant wait for class tomorrow lol
260905094533500928	positive	#stAte is giving #ULOL the business...long pass play from Aplin to Jones - Red Wolves up 20-0 2nd Q #SunBelt
262072861982859264	neutral	Someone should come with me November 9th to see Romeo Santos meet&greet at Fye at 6 pm at downtown (:
249899808607842304	positive	I'm supposed to sleep now because of work tomorrow but Sen. #Johnny Enrile's life is interesting it's keeping me awake
264165914633715712	positive	They are truly changing the world One Life At A Time. If you're in Mesa, AZ tomorrow come join me and my friend @CollinRaye for a fun night!
102946589009657857	positive	As good as the fights were tonight I'm glad this one is over. One day closer to seeing Anderson Silva clown a massive Asian man #spidersense
261563757212360706	neutral	Calling all reality TV fans: We're inviting LI reality TV stars to join a Google+ Hangout on Sunday and you can too. http://t.co/WzO0bhVm
100001456849043456	positive	Off to see Toby Keith at the Red Rock Casino amphitheater tonight in Vegas. OH YEAH :-)
253079520846946304	positive	Good luck to Joseph Calleja tonight at the Brits. See he's appearing at the Royal  Festival Hall on Friday 11 Jan in Raymond Gubbay concert
110195528733704192	negative	RT @HowardErickson: My sons were watching MTV the other night. Looked like an absolute freak show. What happened to Hank Williams, Johnn ...
264064628336779264	neutral	Vanessa and denies are coming shopping with me on black friday.!
264100832864247808	neutral	2 days till Jack White at Alley Pally then I find out the Ruskies need me to work on Saturday. What's is it like to have a personal life?
115462724519071745	positive	RT @FrenchTwistDC: DC's version of Paris' Nuit Blanche is just 6 days away!! I can't wait ;-) http://t.co/SQFyOG3W
255371466391044096	neutral	Jets selection of Wesley Walker (2nd round 1977 draft), without knowing he was LEGALLY BLIND in left eye, led to creation of NFL combine.
247142872162369536	neutral	Photos are up from last Thursday's party with DESTRUCTO, courtesy of edm ORLANDO! http://t.co/LbrMPZMG
103203884725567488	negative	I officialy hate Windows 7, it just sucks on my laptop. Back to XP tomorrow! (and also a huge delay for the movie again :/, was so close!)
264263949204193280	positive	@Bangz_InYaMouth woosahhhh it's Courtney! Long time no see from 1st lady!
259416408981643265	positive	Mark Martin's the 1st to crack 191 mph, and now leads a MWR 1-2 (Bowyer 2nd) and Toyota 1-2-3 (Kyle 3rd) after 36 cars. #NASCAR
257405045908324352	neutral	Saturday night thoughts:   I was checking out the box scores from the American Hockey League - this box score c... http://t.co/QV4I4rTl
100728934064340992	neutral	Auburn spent their entire practice today inside the new indoor facility.
110978624080982016	positive	PJ Harvey or King Creosote would be deserving winners of the #Mercury2011 prize tonight but think Tinie Tempah will nick it
238017633373532160	neutral	@BIG_NaeNae naww , she got Friday , Good Deeds  , & 21 Jump Street .
237887124450463744	neutral	5 Times Oscar winner John Williams will receive a lifetime achievement award at the Classical Brit Awards on October 2 at Royal Albert Hall
100665263426519040	neutral	#sportsnation just ranked Auburn as the 4th best team in #SEC with Arkansas at 5. If AU wins 3 league games, a surprise. @ESPN_Colin #awful
100062692756295680	neutral	RT @GaGaInfo: For those who haven't heard, Lady Gaga has attended Britney Spears' Femme Fatale Tour tonight! GodgaLovesGodney
262675147293618176	positive	#Ckt #update Pakistan hopeful of Bangladesh visit: Pakistan's cricket board said Sunday it hopes to... http://t.co/5Z9cKGpd from #Shariq
254320831918927873	neutral	YOOOO @ItzLavz & @_Beeniee If Niggas In Paris comes on more than once on the 26th, might have to plank for whole night...
264214955862138881	positive	@MaverickManiacs I know, it went from way too far off to here. I'll see IUPUI at Maryland on Jan 1, just excited to go back to Baltimore lol
112656367495561216	neutral	RT @GuelphFab5: #Guelph Nuit Blanche tonight: 1:30am. Bookshelf Cinema parking lot - CFRU's Silent Dance Party. http://t.co/cCeEDpy
259949052349784064	neutral	@llcoolj If you are the same age as Mick Jagger than may I say you
263996143199993856	negative	Ghost Rider: Spirit of Vengeance was a lost cause. You had nowhere to go but up after the 1st movie. And then you decided to dig a hole...
100212220654387201	positive	Got my Dexter fix for the night. Until 2morw night Dexter Morgan.
264105390818619394	positive	Wish Maddie luck next saturday, she has a solo audition for Britain's Got Talent! :) ~ Ellie xxxxx
251968610136903680	positive	Friday Night lights:   West Liberty 21 Mediapolis 56  Pulling for you Comets!
258204472130555904	neutral	@neeama_jedwardx under pressure release, Eurovision, Victory album realease, 1st European Tour, Eurosong waterline, your fav pic with them
172186257777115136	neutral	@mw55 what do you expect Thursday? Are you going to pull out that Mikey Magic on Duels day again? #hopeso
264242742408921088	negative	I will not be able to handle Harry's voice in Kiss You..and I may not survive after hearing all the songs on Take Me Home in their entirety.
263922870672052224	neutral	Tryna get in the bed witha..and put my 3rd leg inna
100048909740670977	positive	Saturday night = NetFlix, my girl, and the internets.  What more does a guy need?
254701394345484288	positive	Imaaa be the 1st Tongan hooper in the NBA #Fact
263965983604101121	neutral	Mark Montgomery, David Adams and Austin Romine have been selected to play in the Arizona Fall League Rising Stars game on Sat. #Yankees
254694813243416577	neutral	@TimCross_ introduced me to Big L when i was in the 9th grade. i was really deaf to real hip hop music back in the 9th grade lol
105574429257510912	positive	Really looking forward to the release of Deus Ex: HR on friday, just annoying that North America gets it tomorrow...
102918591468412928	positive	Aug 27th: UFC Rio..Anderson Silva vs Yushin Okami(last man to beat him)..Expect to see the best fighter on the planet put on a fucking show!
264010834429218817	neutral	#SGS Fury on brink of beating Haye to Vitali: Tyson Fury is set to face Denis Boytsov on December 1, with the wi... http://t.co/r6tkMHQI
251138705786556416	neutral	The songs I want to hear most on sunday are Rella, La Bonita, Radical and 50
251188345705750528	negative	I want to go see LA AROLLADORA BANDA EL LIMON on Sunday October 14 in Pico Rivera! But Ivan doesn't wanna go :( who will go with me? Tix $35
113758849688805376	neutral	On the night Hank Williams came to town.
262021967425708032	positive	Safe and sound at #FLIBS We'll be all over the docks tomorrow!
100923304147288064	neutral	My son's teacher is married to a former Auburn football player. I think I'll put him in all Bama gear 1st day of school! #RTR
109484454271131649	negative	Strip club owner "guessing we'll make 5 times as much a night" .. "Republicans got plenty of money. They take it all from poor people"  #DUH
252480155996524544	positive	JETT LOUNGE 3701 clairmont rd ATL. one of the nicest party I been all year. DAMN this is the place to be. Ladies don't miss it SMP Saturday
264208831398154240	negative	I wanna go to the studio with Ulysses n them tomorrow,but i cant. #BARS
103173048097714176	positive	Watched 'Gandhi' with Gaurika today. Was so nice answering her 100 questions. We should have some new age patriotic movies though...
201425565885005825	negative	Harris English drilled a volunteer in the head with his 1st tee shot today. Video: http://t.co/watcfRkm
249469359158853633	neutral	Espanyol face a tricky trip to Real Betis on Saturday evening as they go in search of their 1st win of the new campaign http://t.co/FHVhKD7H
246320883503865856	neutral	Last, U-School HC said the next member of the Bomb Squad will be 9th grader Sam Bruce, nephew of Isaac Bruce #2016Prospect @larryblustein
263636007587549185	neutral	WILDCAT WORKOUT OCTOBER 31st in the old gym at 7pm!! #FVSU RrrrrrTttttt
264258061017968640	positive	@USCCB Lifting up the people affected in those areas, especialy in NY and in NJ. May they experience God's holding them close to His heart!
253807883492413441	positive	New post on blog! Hope to see you all this Saturday @mycloset_italia CESENA! With @happinessbrand fam too!... http://t.co/KW8Q1GQK
100152053871034368	negative	Off to Scotland today for the week so I'll miss the wankfest at Wembley. Utd 2-1.
178321325297901568	positive	@iFlak @mozidesigner Haha. <3 Can't wait for BL2, and Gears3 remains excellent. Hope you both enjoy ME3! :)
264220874012520448	positive	Wildcat madness tomorrow! Community pep rally! Bell game! Hope to see you all there!
249238202303537153	neutral	Have a feeling Shotton will play RB tomorrow, just for the long throw.
215726312604708864	positive	Good to see Danny Care starting the 3rd test against the Boks. Great player who's very quick at the base of the rucks #rugby
200007533623128065	positive	Just heard my bud @familycycling rode with Tom Boonen @specialized yesterday. #tourofcalifornia goes off Sunday
100032306424709120	positive	Another huge fireworks show @ dearborn homecoming, big enough to rival detroit s, & it happen again tomorrow night!
263701844906373120	positive	Emme's 10th birthday cake :) with Big Time Rush! http://t.co/g46VjgJw via @pinterest
111496403141926913	negative	RT @HollyConway: Pavol Demitra's agent confirms the ex Canuck was one of 44 killed in a plane crash today in Russia. So sad... http://t. ...
261906992896040960	positive	@JamiePears0n Yes father how are you? I'm all well, haha sun is always out, you know what that leads to. Hows future Bobby Moore getting on?
102265682154102784	positive	Bring it on!! :) RT @cinema21: Kung Fu Panda 2 will released on Tuesday, 16 August 2011
244041212296839169	neutral	First Friday tonight y'all come out to Club Bodi
263502599699955712	negative	@MyBeautyisBrown LMFAO his big ass get on my nerves, you going to class tomorrow?
256395784038277120	neutral	On the set of the Axis of the Nigerian Economy, airing every tuesday 8:30pm on NTA international (DSTV) http://t.co/qFvON8Uj
261263045282631680	positive	Do Remember THIS Saturday 10/27 tho.. It's A Celebration. We just tryna have a good time. @mikejrga beed http://t.co/yMI1RV4f
251873043914321920	neutral	Watch live streaming video of the Pancake Day activities tomorrow at http://t.co/xkQzkqO4! Make sure you... http://t.co/Jbr2mvXc
264173696116224000	neutral	@brianaauerbach me and Katie are busy after school we have to go to playtoes and stuff. But Saturday morning. Lets do it! Then beach
100273589516910592	neutral	RT @RealMadridFC_: Real to sign Neymar in December - report - Bangkok Post: Real Madrid has reached a deal with Santos to sign gift... h ...
235020711993950209	neutral	She may have failed the drug test for metenolone but no trace of Rohypnol or GHB were found in her sample http://t.co/HwXVx4m4
100109015123640321	neutral	#News SAIL may tie up with NFL for Rs 4,450-cr Sindri plant: "NFL is the likely partner for SAI... http://bit.ly/oLwg8I @amitkarnani #AK
176585828284383232	neutral	Premier League Team of the Week: Van Persie makes cut for 10th time this season as Szczesny, Ashley Yo... http://t.co/PYI1PfsR #football
251558552689340416	neutral	Burger & Blonde Friday today @moogb Crows Nest $2.00 Pure Blonde with any burger purchase!
243119178897293313	positive	Good win in the end for our 2nd team. Amoo, Wright and Procter best players #pnefc
231857343212695553	neutral	My xbox live ends tomorrow :( MW3 and Gears3 all day! Hit me up!
256094996338458625	positive	@TALENTEDBLONDE @joebrusuelas Listen here hot stuff, the only thing to look forward to in January is the Ravens run to the Superbowl.
100033572387303424	neutral	Another double play helps Lafayette get out of sixth-inning trouble. Going to the bottom of the 6th, Lafayette 3, Mexico 3.
245142088851808256	positive	Kinder Morgan (KMI) said Friday it agrees to pay $110M to settle investors' lawsuits related to its ac... http://t.co/u5I6NeYg $KMI
108034287944744960	positive	RT @qbpick Tomorrow is the big cast reveal for season 13 of DWTS! Make sure you tune in to the Bachelor Pad to find out the sexy cast.
248431915789611008	neutral	#FLEXTHURSDAY !! DIS THURSDAY!!!!!wit @FLEXCREWgotti @DA CROWS NEST WE CALLN OUT DA WHOL SOUF KUM KICK it Wit #PINKCITY!!!!!!!
100461938533863424	negative	I'm pisseeedddd that I missed Kid Cudi's show in Dallas, it was trending worldwide that night, &all Im hearing is positive reviews of lolla
262367103707910144	neutral	Even if you're totally over the whole political process and don't feel like going out on Super Tuesday, remember... http://t.co/QQicyNWU
192507064885583872	neutral	@Marvi_Memon1 was the  employee of General Musharraf....Sheikh Rashid in Kamran Shahid's Front Line on April 17
222384474455949313	positive	Looking for some free fun? Come to @AbronsArtsCtr Friday to see the classic camp films "Cobra Woman" & "Jungle Island." http://t.co/WaxQdXuW
242718317050212352	neutral	Don't Forget, tomorrow is the annual General Body meeting! Come out to learn more about ISAT and the organizations we are affiliated with!
100032134953172992	positive	Ok sir RT @jikiboy: Nigeria will still top the group.If we lose,we'll be 2nd & face Brazil. (cont) http://tl.gd/c7ivc1
226881741019815936	negative	@StevieRyan I miss sunday nights where Mob wives came on then Stevie Tv would. Now I gotta put up with this Chicago Bullshit and NO StevieTv
261559688129290240	neutral	Back in rehearsal on Monday with The Woman In Black after a summer with The Sound of Music. http://t.co/gq9nvz5e
261633119080288259	positive	So its supposed to be in the 30s Sat night in Natchitoches!! @DeezyBaby504 @Smcclain11 better be lucky I love them!! #missyallboyz #itscold
263447971448885248	neutral	im spending my hole friday wit bo we gone blow sme keisha nd grab a pack of blacks nd watch the battle of lebron career vs. CARMELO ANTHONY
232542231570051072	positive	Happy Birthday Mom! The sun is shining bright today :). I miss you always. Love, Daniela "Rella" lol Xo http://t.co/j2IjE0B7
262196878538592256	negative	well...i wanted to go to the black forest tomorrow and take pics of the leaves. now i'll have to take pics of the snow. #thanksweather
264161774826303488	positive	Looking fwd to my 14s first hit out against DV tonight. Derby tmrw, rest Sunday, birthday Monday. I can smell you long weekend it's so good
264063444783865856	neutral	@UNHEDMC is hosting Joe Bermudez Friday night in the Wildcat Den! Free for students! Listen to LAUNCHPAD tonight, 8pm. http://t.co/jd1eMlU4
229203459252035584	negative	@investwatchdog Interested? My EXCLUSIVE: TD Bank denies allegation it aided $7-billion Ponzi fraud; 2nd only to Madoff http://t.co/bQ9QqRQa
249844104580722689	positive	Going to a Sunday matinee of Dredd 3D. Probably most excited for the return of Lena Headey's natural hair color. Sarah Connor > Circe
101950488873926656	positive	Today's #FF number 1 goes to @kev_d because he's SOO GOOD at computers that Steve Jobs is worried about job security.
102011332794122240	positive	@Irenie_M Irene Thank you very much for your lovely MTs today much appreciated! Hope you have a great weekend!
247137247873355776	neutral	Whew, long day unpacking the Turner house. Now a movie and knitting with my honey. How's your Saturday going?
262820642477461504	negative	@nelsonnium I'm not sure about what Evra is upto. I like Buttner. Should be given more games.Rafael cannot defend. We might see a buy in Jan
262667634124943360	positive	The Vow! Love this movie. If you are meant to be with your loved one it will happen no matter what obstacles you may face! #truelove #exists
262534256843161601	positive	Sunday dinner, Mersey side derby and Man u Chelsea. Decent day ahead
258228644164558849	positive	Robert Pattinson paid tribute to his Bel Ami co-star Uma Thurman as he presented her with an award at the 19th W ...  http://t.co/DiAJVN1V
100092222699081728	positive	Went to see "Rise of the Planet of the Apes" tonight. It was pretty dope; I give it 5 Bananas.
264241159486976000	neutral	@clownpeople Yeah your game against The Ravens was a Thursday night game. Im sure you will pull for The Giants these next 2 games
100757119254532096	neutral	@VittorioTafur Any word on when the Raiders will be releasing their depth chart for Thursday?
183385381180416000	positive	@chuckydbaby @ryandepouw11 Lorenzo Brown over Taylor any day of the week. 6'5 with just as good if not better skill set
231826703889096704	positive	Oneil's Barber & Beauty will be open Monday @ 10am and not closing to the last person leave!  #WeGrind
101725327230902272	positive	@justinbieber is true that you will give two concerts in Mexico City on 01 & October 02, please tell me because not enough tickets TE AMO
198817363599179778	negative	Totally going to the Marijuana March in dt Cleve brb. #NOT
100544750414864384	neutral	@iheardavoicesay is finally catching up to me with #Dexter. I'm only up to season 4, but he has almost finished season 2 today @ home, ill.
100485459989381120	neutral	RT @fregariavr: RT @blitzmegaplex: Kung Fu Panda 2 (in 2D & 3D, both with Indonesian subtitles) tentatively scheduled to open on Tues 16 ...
102885406122590208	neutral	How about the @DetroitLionsNFL gettin some recognition 10/10/2011 the Lions play on "Monday night Football"
109002622928822273	negative	Boehner wants president to change speech to Thurs instead of going against #GOP2012 debate. What? Same time as Packers-Saints #NFL opener?!?
256038923879464962	neutral	First reviews of Lincoln: Steven Spielberg is the one to beat at the Oscars | Herald Sun: http://t.co/7lUTXH83
108398021116575744	positive	Droid Bionic seemingly clears the FCC, may finally be headed for (US) glory http://t.co/uOXV0hr
255302930926825473	neutral	Today is the first day of work for the Southern Indiana Blitz Build in Henryville. As you may remember, last... http://t.co/yZynNQOo
262379390992793601	positive	@young_coco_ hahaha for real he's at fox theatre on dec 7
102933220319956992	negative	Weird music mood today . Lots of Hank Williams and Johnny Cash running through the iphone.
247100966829178880	positive	@PhilKitro What have you got for tomorrow? I have over 2.5 in Espanyol - Bilbao, Sociedad to win and Osauna - 0.25.
259644938843721728	negative	Sat watching the fucking Celtic game, sounds like I'm missing a corker at white hart lane
260926062370885632	neutral	VOLLEYBALL: Plant City clinched a regional spot, defeating Hillsborough tonight 3-0 in the 7A District 8 tournament. Finals are Thursday.
199692455254310913	neutral	last day of ISTEP tomorrow. #Tg #OverIt
102522834261262336	negative	Displeased with Lion, I may take this opportunity to learn Windows 7. Or Linux. Or poke myself in the eye.
258883785389654016	positive	Pictures of the day: 18 October 2012: A playful Amazon river dolphin, Usain Bolt's shoes and Mick Jagger. http://t.co/Ogfzm25l
100590052526137344	negative	RT @ConorTOrr: Sanchez didn't know Plax would sneak in for a play yesterday. "I wish I would have hit him," he said. Got pressured by D #nyj
262329817293266945	neutral	@natalieeelouise one word-DOWNLOAD !!!!! you and your girlfriend, sat watching Rammstein, you know you want to. You can do it
264226431989587968	negative	@RalstonReports I think we all knew it would come to this. We sat through 4 yrs of watching a hatred for the POTUS build up. And here we are
263968590083026944	neutral	@realMickFoley Hey Mick!  Do you know what time you'll be signing in Indianapolis on the 18th?
246237224012767233	neutral	Don't miss the FREE Sunset Blues Concert tonight from 5-7:00pm with March Fourth Marching Band in Mountain... http://t.co/ny3MFCHi
262499652350377984	neutral	@jcexplorer I'm planning a winter trip to Okinawa and on my way back I want to stay a few days in Saga and maybe Fukuoka in early January.
262660134298345472	negative	Seriously all of you people are dumb saying that all of the schools in CNY are going to be closed tomorrow...
263868475368427520	positive	Happy Birthday to Haryana. March on the path to progress....
263919760503361536	positive	Hoping to look FIT tomorrow on the Jeremy Kyle show #ITVFashion
252580681912287234	positive	@SamiCorrado pretty excited for #SBUcheerleaders to come to the Liacouras Center in January...
248209465726337025	neutral	Steve Emerson on SUN explains the riots and real motives http://t.co/lSUSi3Zq
263951397664460800	neutral	The two Lukes (Austen and Dickens) playing at Nelson Bay Diggers Club this Friday 2/11. Go check 'em out if you live in the area..
260119690922303489	neutral	So I haven't seen this friend since 7th grade and I just found out she's in the Covina band! They go to Utah!
243903832139132928	positive	So apparently tomorrow is National Kissing Day. I'm gonna eat an entire bag of Hershey Kisses and call it a day.
252826203558400000	neutral	LinkedIn Events: A Celebration for the Performing Arts in Television Film Theatre & Fashion November 24th 2012 Room 43 1039 e 43rd St.
264039839274528769	positive	November: my birthday month, election day, a weekend in San Fran with @AdamRGarcia, Naples for Thanksgiving, lots of friends & family. YES.
264246661344272384	positive	just found out that the boys will be on ellen on november 9th... AHHH so happy :')
102809739733377024	neutral	How do you live beyond 100 years? Join us as we find out the secrets of longevity in Bama, China. P1/2 TODAY on Our Noble Lineage #vegan
257535258449305602	neutral	The highest any human has ever gone. Keith Richards may have something to say about that. #redbullstratos
102705034470498305	negative	Gavin Henson looks set to miss the Rugby World Cup after dislocating a bone in his right wrist yesterday
238647124353482752	positive	Greeting Kobe is to mainstream! So I'll just greet Jeremy lin, HAPPY 24th Birthday Jlin @jerrrmy :))))
117698249258827776	positive	Matt & Trey on 60 Minutes tomorrow. I haven't been this excited for a segment since Andy Rooney learned about cordless phones.
258269106518761473	neutral	I'm representin for the seat where Rosa Parks sat...Where Malcolm X was shot, where Martin Luther was popped...
264119622909968385	neutral	Guys ... April 27 ... @taylorswift13 is coming to Lexington. #going
262806115522342912	neutral	I'm listening to Taylor Allderdice all day tomorrow.
259824135759360002	negative	If one more commentator references how "smart" the Dook players are, I may just turn this mess off. #overratededucation #dook
102825246624722944	neutral	To compare, Anderson Silva also has won 8 bonuses and made $475,000. If Lytle gets a bonus tonight, the $65k would be his 2nd biggest one.
256915831806636032	positive	Come join in all the fun at The Great Pumpkin Hunt at Rosedale Gardens this Saturday!
262849435069984768	neutral	@patrick_amstrel 8/8  account using your BB device, you may want to follow @BlackBerryHelp for updates and additional support from RIM.
170540200768978945	positive	It's Friday before WPPI! Who is going this year?! I AM!! Before I leave on Sunday, I wanted to give out a fun... http://t.co/nCWPsyd4
251338143742189568	positive	Wish you were eating @ Jackie O's today? Come to the Appalachian Health Summit Saturday for delicious Jackie O's lunch, & health workshop :)
103081382959513601	neutral	The FA will be bringing a new interactive Road Show to Arsenal Ladies ahead of the game against Everton on Thursday
111477989807628288	negative	@ItsTheSituation Watched last week's Jersey Shore last night, you put your own head into the wall? Seriously, CRAZY! atleast Ronnie didn't!
259807219988717568	neutral	Little blurry but this is the crowd I play for every Thursday at Plan B with Madison's hottest DJ, Brook Bartels http://t.co/kwOSOhpf
264121128828674048	negative	Idc anymore everyone leave me alone at school tomorrow I'm going pissed....
264260503524745216	neutral	THE INSIDER: South Africa can steal a march with robot olympics pitch
261894079342841856	positive	So excited for these upcoming shows! Its time to get HALLOWEIRD!   10/27(TOMORROW NIGHT) @ the Fox Theatre w/... http://t.co/idWbDyLf
264158752117227520	positive	cant wait to see my mami's @MsHannahMaree and @besitos_xoxo damn might just hurt the streets of raleigh tomorrow night.
264221452079878144	positive	@MariaDBK Yup. Well we had a fun but small conversation but I'll talk to you tomorrow. Goodnight Maria. ;)
100046864652574720	positive	@Huda_Shami he's a very good looking guy. Is s3 on netflix? i think I'm watching it tonight
240086793746280448	neutral	Yiying is two characters in the Chinese lang. The 1st part, Yi, means Happy. The 2nd part, Ying, means Creative. right? @profpjm #learning
260207838461296640	positive	@Bryn2renner forget about Dook now we own that series anyways!  let's "Beat State" this saturday as we continue on to a succesful season.
264242704769241088	positive	Watching the 2nd punisher. Wish they'd make another one with Quentin Tarentino directing and Thomas Jane as Castle
249903873509191680	negative	@TheAmazingSalah You're saying perseverance in all instances. That doesn't mean #OccupyAUC is equivalent to 25 Jan revolution. see the diff?
264236943334834176	negative	on october 25 2011 I told taylor swift i wouldn't listen to her until she wrote about something else. one year later and here we are still.
264210454207942656	positive	Thanks for making this snowy day so pleasant!  Echo and Penny will be in Friday morning at 10!
257220544880070656	neutral	@kyledake444 Plz give the fans a treat and start trash talking David Taylor. Really heat things up b4 what may be the Match of the Century!
231654105251184642	neutral	@GodssGift__ lmao how old are you? Club bodi should be live on sunday, its 18+ tho
264062275600654336	negative	Mommy is leaving on Sunday. Didn't say shit. Like I knew she was leavin, but she ain't say when.
264253115405045760	neutral	The boys will do promo in Sweden today (November 2nd) and they will perform on Sweden XF tonight, live stream here http://t.co/zwqpmaKb
263827039407185921	neutral	@AshleyJudd Hi Ashley, My country,South korea like the US will be the Presidential election on December 19 ^^
263494353702490112	positive	I'm excited to go to the Knicks VS. Lakers game in December thanks daddy you dah best
223700469317509120	neutral	This time tomorrow I'll be at the London O2 Arena. #vibes
110466899556564992	negative	The last episode of #Friends just showed tonight. Its leaving E4 for Comedy Central :'( Idk what will now cheer me up when Im down
164732670092390401	positive	Dream High 2 premieres on Feb 20th with Eng Sub thru KBS World! ok noted
101814089415794690	neutral	Blog: Jets, Giants have extensive radio networks - So it's a Sunday afternoon, and your wife is adamant about draggi... http://ow.ly/1ecJzv
193730931222257666	positive	@ErinsFoodFiles have you read Happiest Baby on Block? @OPKitchen gave to me. It's great! You need it. I'll bring to u tomorrow if u haven't
253319789680947200	negative	Count day tomorrow shouldnt even GO ! Winans is CRAZY -_-
262248341872705536	positive	#catherinebelll I watched good witch for the 1st time.  what a wonderful show.  I've seen all ur JAG and Army Wives.  Ur fan  Ara
264211532584452096	neutral	@ItsLivieP KLUB ACE!!! Klub ACE !!!!   This SATURDAY!!!  $5  with ur college id til 11:30
228770650041487360	negative	@MoTheRipper I was like Shy Glizzy bouta be up at DC Star Saturday and he said Nigga no im not
207604242842796032	neutral	Yay... we had us a mini water fight =) Now my hair messed up << think tomorrow imma go to alsip and get in the pool
109002088780005376	neutral	Boehner rejects 7th, invites Obama on 8th, NFL opening night. So Obama just has to speak @ WH on 7th to "save" football coverage? #doitnow
263566971419893760	negative	If the world ends in December, I'mma find Justin Beiber and castrate him before I die.
101421945513447424	positive	@rachvardon aladdin looked very happy in the field today, and came over to say hi when we rode round the jumps :)
258958407216820225	negative	@GeeEasy SMH...preseason injuries..THEE. WORST.  You know JR Smith is in a boot? He was fine on Monday. What the hell did he do to get that?
250471638049628160	positive	@WayIeroToroWay Ahah he's a year older then me, the cool thin is that he's born on Australia day and I'm Born on the 4th of July I think
258384255263047682	neutral	He want the country divided as Filthy Rich or Dirt Poor!   And EVERYBODY on my TL gone be in the 2nd category!
100288213704380416	positive	Beyonce sang the words we could never come up with! "Best Thing I Never Had." I didn't give the song a chance @ 1st, but it's growing on me.
264107639439511552	positive	@BarackObama Thanks to the President's support, I'm on track to become the 1st college grad in my small business owning family.
264259969606643712	neutral	@Oirisheye Hey you! I'm gonna be in Dublin in February. Know what I'm saying?
111411376089604096	neutral	RT @Zingbot_3000: All across the US, with Live Feeds down, Big Brother fans are seeing the Sun for the first time in months.
103730820107341824	negative	Don't get derby tonight :'( Possibly get my man though so that makes it not so bad =]
253347321495035904	negative	I never watch the Oscars, but with Seth MacFarlane hosting, I may have to actively campaign to get other people to not watch them either.
261886156218716160	neutral	Watch for the sea of pink strutting through Cupertino on Saturday morning. Give 'em a wave, or a honk, or just... http://t.co/RLqZlSQq
181326603744325632	neutral	@Siralex671 They launched the day of the Carling Cup Final, did you not see the Dont Buy The Sun posters? #DontBuyTheSunANYDAY #JFT96
100182275756527616	neutral	On my way to the airport with 50 min sleep all night...eyes burning like I'm on True Blood..WTF
258858401755430912	neutral	someone should come with me to Noel Fielding on Saturday night because Noel Fielding, basically #please #Iwillcry
254600864868749313	positive	Breezin' won the Best Pop Instrumental Performance at the 19th Grammy Awards
255886946117758977	neutral	No wonder @TreySongz coming here the 21st of Nov cause he got Soul Train the 25th
102419708455821314	neutral	RT @BSUBroncoNation: Program Alert: @TheMtn will be having a debate whether or not Boise State can win it all! Check out the show today  ...
261689270614511616	negative	@FarrrahSage are you going to Petrolia's game tomorrow ? I still havent got to see you or the baby!
264194494793129984	positive	Janowicz was #221 in January and the win over Murray today takes him to #46 - Good year! Mega potential! #36 if he beats Tipsarevic.
259127230855249920	neutral	Sprint to buy stake in Clearwire: Sprint Nextel Corp. on Thursday said that it wants to buy out the founder of C... http://t.co/VvvtuXz9
119268781557161984	neutral	I've got a blog post coming up tomorrow. Topic? It's time to learn once and for all what Curtis Painter's got. Start the man. #Colts
264082861076914176	neutral	Late Halloween party next saturday & going as Thriller Michael Jackson, is it to controversial to hold a baby doll too?
258062676557721600	neutral	This Thursday at Backstage Live #piercetheveil with my baby<3
244176470396772354	positive	@marklocko11 with those winnings u can play Chesters shot games tomorrow.
263947577614028800	negative	@wheeler_afc pls TV5 just get that sucker's leg (rvp) broken 4 me on saturday pls!!
219889336110415872	neutral	Yo unnu memba #AmbroZia THIS SATURDAY at Oneil's Place enuh!!!!!! Bear TingZz Production it loud!!! U hav u ticket yet?!?!?
100137254181273600	positive	good old trade union rep father is going to ring up from italy tonight to coach me in what to say/do tomorrow at work :)
258775749501255681	neutral	@UberFacts //played the 1st, never played the 2nd or other AC games, bought Mass Effect 3, now waiting for Halo 4. Idk if Ill ever play AC3
263578939371442177	positive	Bowling Doubles tomorrow. Hope everything will be good tomorrow. Let the luck be with us. #Sukipt2012
212489499660386304	positive	@CherylCole can't wait for your tour so exited!!!! Il see u on Monday i hope :/ remember me Camilla Parker Bowles lol love you so much! Xxxx
264249818443051008	neutral	@cartermatic_15 hell yea bro the crew gnna meet up in Athens on the 17th
264085711177785344	positive	@Sherwoodhonda1 you said it. Im super proud of all my kids. Oldest is in 2nd year Bachelor of Education. And still plays soccer. #proudmom
264173636141850626	positive	@lisahochstein KEY LARGO, FL!!! Yay just ur neighbor Lisa a sip n a hop away :) always watching #RHOM Thur's!!
256976498060304384	negative	This is as brutal of a loss as it gets. Up 6-0 then up 2 with 2 outs in the 9th only to blow it. It's going to be a very long winter in WSH.
210847152136667139	positive	@o_delaisse reading the Book again (at Circe now) intending to finish on 16th. Radio 4 has programmes all day so I'll be listening to most!
107944046349127681	negative	RT @helenlewis: Fire up the outrage machine, because Channel 4 are showing Four Lions as part of a 9/11 anniversary season: http://t.co/ ...
263668030591102976	positive	@jamiekilstein you competing in LA? I'm playing a show in LA with AR on Friday night! Come hang out! We are at "on the rox" above the Roxy!
100077741050830848	positive	Caught up on True Blood!! I love it... Now time for bed! Night peeps.. be safe tonight :)!!!
212482020260052992	positive	I'm Like.. Why the fuck "Happy Valentines Day" is trending on the 12th of June? but anyways, I just knew that it is celebrated in Brasil. Xx
220333731842498561	neutral	think ima go to Nicki Concert @ the DAR Constitution Hall on the 21st.. 2 chainz gonna be dere
263404217249718272	neutral	@whorseplayer @horseracing4beg @BreedersCup You do remember he was 3rd in the Kentucky Derby behind #IllHaveAnother & #Bodemeister right?
261042742375886848	negative	You may think I have mono-cellular Zulu imbongis at the rate some of these folks are thrown profanity at me.
100215051369189376	neutral	I'm going to Machine Head at Sala Razzmatazz in Barcelona, Spain - Nov 15 http://bnds.in/qMyg7H
264002665674076160	positive	@alxbyr I'll be in cypress tonight and tomorrow night! I better see you!
263452393675567105	positive	@kadecudi_nova @keriilynnbabe well then, have fun not trick or treating. I'll be in br doing it Wednesday, and Thursday in Zachary. BITCH.
100017301675442176	negative	We will explain the true cause of the London riots on the front page of The Sun : immigrants. 'Hero Police' will also get a headline.
263802618697105408	positive	@sheemalv Hey mom! I'm done with Eng so going to hand it in soon & got about 500 words to go for His & handing it in tomorrow! :-)
263972743010209792	positive	Oh an I also picked my starting XI for the 1st Bangla Test on @wicricnews site. Couldnt decide between Fidi an Tino! I like Fidi tho lol!
101935066871103488	neutral	Bolton Society for Blind People are bringing Vegas to Bolton with a Charity Dinner on 23 Sep http://t.co/4mvokMM Please RT xx #BSBP
260033791786090496	positive	Hi, Memi! Thanks for agreeing to lead at SAG!  Would you be available for a Sun., any Sun, in Dec rather  than Nov 4th?  I just learned  ...
263376518372270080	positive	Hello everyone.Tuesday night like always Beef Kabob special it is DELICIOUS,Acoustic open Mic with Brian Ruskin... http://t.co/aaovO85i
263091795687247875	positive	Ok guys. Hate on SJP all you want, just remember, you have school tomorrow. #havefun
263081234824065024	neutral	@dogzillahotdogs will you be at cypress tomorrow night?
101934137597902848	neutral	@TheBoltonNews Pls RT - Bolton Society for Blind People are bringing Vegas to Bolton with a Charity Dinner on 23 Sep http://t.co/4mvokMM
263704789186117635	positive	Just watched The Campaign with Will Ferrell and Zack Galafianakis... Good fun for a Wednesday. #Hilarious
264072672131043329	neutral	It's Nov 2nd, at mumbai int'l airport with @BeingPiper . Leaving india in 2 hours. Mixed bag of feelings. #timeflies #bittersweet
264076328855273472	negative	Israel's red line on Iran: 240 kg [of 20% enriched uranium] // Number was put to Netanyahu and he "did not contest it". http://t.co/XnKk2CSr
105363020154273792	neutral	Storms are starting to pop. Storm motion today in Tampa Bay is NW at 10-15mph so if you see dark skies to your SE...
261268285599907840	neutral	@alfredoflores follow @amandawanxo and meet her on NOVEMBER 26, she'll be at the bell center by 4:00 pm. PLEASE FREDO.
215721495635312640	neutral	Gary Carter on 2nd screen: content is floating free from the distribution platform. Opportunity for producers, threat for broadcasters
175148081329881088	positive	Happy birthday @justinbieber ! National Bieber Day . Now he's 18th years, but he's #stillkidrauhl #IndonesiaSaysHBDforJustinBieber
255622566180421632	negative	News Release 09 October 2012  Customers of the Negros sub-grid experienced a partial outage today at 5:45PM (cont) http://t.co/TLekrZox
100156280366313472	positive	@peterfacinelli Good luck tonight @ The Teen Choice Awards :) i know Twilight is gonna take them all!! Ill b watching Xoxo
100259743922262016	neutral	momma goes to bama tomorrow , but  i am going over to Mackenzie 's house later <3  #momyoubettagetmethatshirt (;
262265674108387331	positive	Listening Bear McCreary Battlestar Galactica' OST makes me wanna see this amazing tvshow again. One day I'll see it for the 4th time :P #bsg
263853498293182464	neutral	Los Poboycitos debut 2 songs from the forthcoming CD tomorrow on WWOZ 90.7 FM New Orleans at noon CST.
241086519987822592	neutral	Syrian delegation withdrew from 1st session of the Non-Aligned Movement summit in Iran as Mohamed Morsi addressed #Syria crisis
100636787885604865	positive	I have to start packing tomorrow for Auburn just so I won't forget anything Saturday morning.
256148305791315968	positive	Thanks! @BSU_StdtAff: Join Dean @PaulaKrebs on Tues 10/16 from 4-5:30 in  BDR for the Dean's Q-Tea in honor of Nat'l Coming Out Day #bsulife
179922664423555072	neutral	All humans are entrepreneurs - Reid Hoffman in "The startup of you" http://t.co/epGAY1r0
263238337303805954	neutral	LPG consumers can now fill up KYC form till Nov 15: The government has extended by 15 days the deadline for filling... http://t.co/tGzJfMUi
103114993733599232	negative	Nurgh, there's a stack of new MTA's that need to be dealt with but I just can't be dealing with the crappy new URL thing today D:
218544341084409857	positive	Ooshma Garg started her 2nd successful company, Gobble. Watch how she got to one of her biggest investors--Reid Hoffman http://t.co/VhEHDU3y
264199647298465793	neutral	I may or may not be in love with Carrie underwood
263217815333511168	neutral	@David_MD1 free trial of NBA league pass until nov 7th check it out on http://t.co/slVLa2Ky
235176287101124608	negative	I reckon in 6 years time I'll be in with a chance of fucking Pixie Lott if I bump into her on a night out. Rohypnol may be required.
261355878995881985	neutral	#SteelerNation send our boys 2 the 2013 NFL Pro Bowl. http://t.co/qEEV2G4c via @NFL Ur vote actually counts, unlike the Nov 6th election.
264255254164561921	positive	Cant wait to move to Hawaii this Saturday! Promotion, New townhouse, new car & with myKING... Definitely a happy girl :)
261861758631813120	neutral	Anne Curtis and Toni Gonzaga, all set for the grand showdown of beauty and talent this Sunday http://t.co/T0xqu2p9 (via @lion_heartv)
264182339536564227	neutral	@SteveRattner @JoeNBC @morningmika My friends and I are betting Joe wets his pants when he sees the whopping Mittens will get Nov 6
263865671996305408	neutral	Watching Act of Valor for about the 17th time. But who's counting
264097575395794944	neutral	Top TEN strikers who are on the Premier League's January wishlist http://t.co/BBN99w2D via @FootballFanCast
100109032043458560	neutral	if I DO get the pjob in bristol at espn all yall gotta come party with me before i leave.  I would let yall know asap. and the night before
242619751946399744	positive	So glad I'm not going back to Woodlands tomorrow! Looking forward to Joseph Wright!
249394368249737217	neutral	Aussie Directioners. Do you want to win a prize of a lifetime? Then listen to @nova969 on Monday at 7pm.
100757078703996928	neutral	@TerryFoster971 No one on the Lions has gotten injured today since Leshoure! Contract extensions all around! #bam
264246894358843392	neutral	@jazzpastord back to AZ? Won't see you Sunday then?
243311668459868160	neutral	Wednesday's Laugh:  ESKOM:  A little old lady answered a knock on the door one day, only to be confronted by a... http://t.co/MmwqsXvh
258597230662017024	negative	All the people seeing Noel Fielding tomorrow, I am extremely jealous of you.
100397196851159040	positive	@D_DeGea The 1st half goals was just to tell you how it is in premeirship.you really did your very best and #teamunited from Nigeria loves u
261119659175206912	neutral	SimCity delayed, now erecting on March 5: If you were thrilled by the recent lenghty demonstration of SimCity or... http://t.co/d36Xfkgd
262969965513150464	positive	I have tkts to see Plan B next Feb- he has already announced his support acts- Labrinth and Rudimental!!!!this news has made me tres happy
251789469034881025	negative	Friday's CNET Update is playing One Republic : Apple CEO says sorry for iOS 6 map mess Apple CEO Tim Cook has said he was "extremely sorr
264214590869618688	neutral	Bashaara Graves had 17 points and 15 rebounds in her debut with Tennessee in an exhibition game on Thursday. She played 23 minutes.
257281041755148288	positive	@SeymoreCAKE @jmause3 at least there is hope coming around February. I'm looking at a team where JR Smith is the X-Factor.
262319079690473472	positive	@muse, @russellhoward AND @kylieminogue all on The Jonathan Ross show tonight = Terrif sat night in! Well done @wossy. #Toofunny
263533649285218304	neutral	Gadkari on attack mode, says ready for any probe: BJP president Nitin Gadkari on Wednesday took on the Congress ... http://t.co/4t4Zq7eg
264215144308019200	positive	@bruce_arthur Some of the Calgary runners heading to NYC are going to be cleaning up debris on Friday at Rockaway Beach. Great story.
262664925363720192	negative	Porto are the only team letting me down! C'mon boys turn this around
263461390172442624	neutral	Baby stroller sale: Safety 1st Boost Air Protect Booster Car Seat, Dixie with cheap coupon code http://t.co/9SQzUYfV
260856177297084416	positive	Just wrote a great song with Mitch Daniels! Really looking forward to performing it with him on Thursday! :)
247259120208601089	negative	IEBC is ready for 4th march elections, the electoral body should not be used as an excuse to delay polls says Chairman.
104259397148094464	negative	Big Brother starts tonight and X Factor on Saturday, wish I could emigrate or hibernate :-(
262744624798511104	negative	but my bday is tomorrow and i have to spend it in Natchitoches away from my family<<<<<<<<<<<<<<<
248370653286240256	positive	hoping Rob Elliot gets his chance too,as much as I love Harper, he was clearly off pace on Monday,Krul would have seen us win 2-0 #nufc #UEL
264122650719305729	positive	I love Asia, she's the first friend I made down here in 7th grade.
251611622672588800	positive	Funny you should ask @BlueNunUK We will be @ the Leicester Square Theatre on October 10th at 9pm performing our Edinburgh show4a final time!
100335210192834562	neutral	Longline bras hurt to dance in, I can drive in wellies, a white haired man has never left the #iom, merlin was a saucy old sorcerer. Night.
108262556258402304	neutral	RT @Drofdarb23: Damn. Who becomes the 3rd back, Ajayi?  RT @IDS_BroncoBeat Boise State RB malcolm Johnson tore ACL in practice yesterday.
176609456359084032	positive	Watching The Kandi Factory with Viggle Mon | 3:30PM | Bravo HD  Get real rewards just for watching TV. #TheKandiFactory #viggle
263810015364796418	neutral	Don;t forget to go the CVS tomorrow and get the Viagara. We both know you need all the encouragement you can get!!!Dreams and Visions boo:(
102644742105481217	negative	The MTA should cost less at night. I think I waited more than 45 minutes. And it's pretty freaking hot underground. Thanks. #nycproblems.
264019492508663808	positive	@RiriSpice19 @givemethat_beca @white_choc0lat3 @stephy_T073 @onthenikdrum GO BORO!May the FORCE be with you from the 1st second to the last!
264248326914994176	positive	Every Thursday I go to Jesse Black in Casselberry, FL just for these girls http://t.co/brntAu0S
263854404371890179	positive	I'm so gonna snatch up all the leftover #Halloween candy at CVS tomorrow #letmeloveyou
250396367221055488	neutral	@dantencer Oct 17 it will be mostly dead but mostly dead is still a little bit alive!! (Billy Crystal the princess bride)
257972912525565952	neutral	I'm going to Geoff Tate at Backstage Live in San Antonio, TX - Nov 21 http://t.co/nCSYwONM
110375430309154817	positive	Four Lions. Watch it on Channel 4. Tonight. At 8pm. Best film ever. I have this on my IPad. Never tired of it.  http://t.co/7I6OapX
240656828025954304	neutral	Vanilla Bean Ice Cream Sandwich with Chocolate Ganache - Chandler May http://t.co/IKn0OhVH
242334694107127808	neutral	Aged under 26 and keen to become a foreign correspondent? Apply for the Marie Colvin scholarship http://t.co/1NwsQSam
100197762838171648	positive	RT @JRathboneFB: RT @PezTheDrummer: Photo: Mr. Jackson Rathbone (aka Jasper from Twilight) was looking MIGHTY fine tonight http://tumblr ...
262675141434146816	positive	#cricket Pakistan hopeful of Bangladesh visit: Pakistan's cricket board said Sunday it hopes to arr... http://t.co/8MzuvYdd (f ahsaan4u)
264113934712311808	positive	@lovinjakemore You bet! And @chuckonthewolf & I will have Best Seats in the House on Mon.
100970722079412225	negative	Are you waiting for Nokia N9 getting released in US... well, that may not happen.  :(  http://t.co/0OmuJpN
263506758625005568	positive	@JacqDowling @CougFanTMB I finished 1st in a Bowling 101 class of 50 that included members of the Bowling team... You're totally effed.. :D
264001323844923392	positive	Feels like Super Bowl Sunday waiting for the big TNF game tonight! What's everyone doing for KC v SD?!? #cantcontainexcitement
250996010116075521	neutral	As reported Jason Varitek is close to taking job with #redsox, may be special assistant to GM Ben Cherington. #redsoxnation
264218771525349376	negative	Anyone going to the Romney rally in Fairfax on Monday?? Really wanna go, but no car. Help!? @TeamRomney
251772993867497473	positive	Field trip to October 12! Breakfast at Jungle Island,meet Deca members from other schools and find out what Deca is all about :)
234095151654514689	positive	@NEstaCKs it will be good for hoop so get ready dec .25 u kno we will c LAKERS vs Heat
259325173944176640	neutral	Mike Dean will be the Referee for  the London Derby game tomorrow. Chelsea without John Terry and Martin Atkinson might struggle. #COYS
258291537073565696	negative	@ChrisLong88 look at the countries we're playing, we were 6th seeds. Also we're missing Ched Evans, Bellamy, Ramsey, Collins etc etc!
263825455369564160	neutral	Anyone going to volleyball game tomorrow?
264162567532998656	positive	@Ronnie2K Can you guys please update the schedule in the association mode so that the Knicks can play the Nets on November 26th. Thank you!
204001339599106048	neutral	Cofield draws leadoff walk in top 4th. Zaharion at the plate.
195829912425340929	neutral	Watch out for @wendytabusalla together with Divine, Deniesse and the BIG4 at the Pacific Mall Legazpi Landco Plaza on April 30, 6pm.
100001174920511489	negative	Criticism of Rick Perry is ridiculous, which choice?  Obama's hip-hop barbecue two days ago, or Perry praying for the President today?
264192843453693952	neutral	@DWilburr1 a dance December 8th, for all the cheerleaders in the district at East.
262000074672963584	neutral	Not hard to figure out the value in this offer...Mathnasium is offering a free  "Mathing" Workshop on Sunday from... http://t.co/JCUiFD2n
259393259317649408	positive	@tokyoeyepatch But trust a DJ who's giving away TRIKSTA - all about N.O. rap scene [Choppa] on Gumbo Monday 7PM #fundingdrive2012! Bounce!
103250367646674944	positive	RT @TheNewDeal: WISCONSIN: Remember to Vote Tomorrow! Consider it Practice for Recalling Walker. Practice Makes Perfect. #WIunion #wirec ...
261641728426127362	positive	This "Too Cute" puppy show on Animal planet might just be the greatest thing ever. I may never leave my room. #HomeworkCanWait
264157010679967744	positive	On Election Day, November 6 MDC WILL be having class as a make up day. We will see all of our Dance III lovelies then!
105739077680250880	neutral	#UFC @JesseSeedath Yushin Okami isn't just Anderson Silva's opponent Saturday night - he's the only... - http://t.co/pRafGi5
258206123360911360	neutral	You may feel you're alone, But I'm here still with you. You can do what you dream Just remember to listen to the rain ~by: Amy Lee
263001604255514624	negative	I'm going to the Duke game on Saturday. Haha. DUKE. What'a joke they are.
256767050364633088	neutral	Guy sat opposite me on the train is the spit of Dave Grohl
