1370531	neutral	Correct grammatical errors in the given sentences : ~http  via @user 
858813	neutral	Photo: Gucci got gorgeous with luscious burgundy lips on the Fall 2011 runways; now popping up in at... ~http  
89600	neutral	Just Published: Search Integration: IAB UK and Microsoft Advertising release industry report ~http 
307618	negative	grrr my computer crashed on me.... 
699590	positive	Late for school; but just had the best jam sesh to jawbreaker/i call fives :) 
1795064	neutral	Don't forget to do your Club Nintendo Surveys for the #3DS Ambassador Games. 
1568609	neutral	Where is my LoZ: Skyward Sword? i want some answers Nintendo D: #Zelda #SkywardSword #Nintendo 
2691689	positive	Loving this weather! 
96924	neutral	THE "SHOE"SEUM! - CHECK OUT THIS MUSEUM OF BASICALLY EVERY NIKE SNEAKER ~http  
3252138	neutral	Free Audi A1 iPhone Game App Launched music game ;P ~http  
2174423	neutral	'Lest We Forget' #stencil #graffiti Addison Rd; Marrickville NSW #streetart ~http  
1363638	neutral	if he don't answer when you call but as soon as you hang up you got a text "whats good" #signsuasidechick 
603677	neutral	eating PF CHANGS 
1774516	neutral	Wow. Was knitting; listening to The Fray and suddenly burst into tears. Where did that come from? 
1373953	neutral	#NP Gucci Mane Ft Cartel Yo Gotti - Translation. 
452358	positive	I love my roomies @user @user and @user &lt;3 :-) 
95774	neutral	"@ElCapitan317: #NeverApologizeFor buying a $360 gucci belt to tuck your pistol in"..... #DUUUHHH 
1385188	neutral	np-- Gucci Mane Ft Waka Flocka- She Be Putting On ~http  via @user 
3147982	positive	My mom bought me a new Adidas jacket. I love my mom. 
1670043	negative	That new goddamn BING commercial airing all over the internets is driving me fucking crazy #fuckBING 
1581936	neutral	Probably mor thm tht 
859981	positive	Love Ur Life.. It is Priceless.. never give n to the wrong..Just Do The #Good!!! #Jah First #POW 
3206744	neutral	Wholesale Nike Jordan fusion Shoes Prada Gucci Coach Chanel Armani Polo Lacoste Berburry: buy brand shoe.jeans;bags  ~http  
1691776	positive	Sunday is my favorite day of the week :-) 
739759	neutral	"Git-R-Done" in your call center:  ~http  #bpaquality #callmonitoring #VOC #CCTR 
755435	neutral	gucci gucci 2x say it 2x's 
1009692	positive	I'm in love with the NIKE "pressure makes us" commercial that comes on during all the US world cup games #inspiring 
2883278	negative	after registering in android market with my google account samsung galaxy tab has downloaded all my mail with out my permission; NOT COOL!!! 
3053132	neutral	Samsung Galaxy 2 to land on Sprint with NFC as the Samsung ‘Within’ - ~http  @user 
2005568	neutral	Datz errday 
2539883	positive	“@MoreThanWordArt: @user @user thanks 2 you lovely ladies for recommending another new customer :) x” Yup; It's all ur fault! 
2863068	neutral	Nike Golf Men's Fashion Stitch Polo (Green Apple/White; Small) ~http  nike golf 
2441893	positive	I nominate @user for a Shorty Award in #travel because... CTFxC is sweet ~http 
294902	neutral	Watch "Nelz  N Woody Kane - Looney" on YouTube - ~http  
1679556	neutral	If you've found this page it's probably from the link from my personal account! I'll be using this account for all things music related now. 
985950	positive	Silent Library; you make me laugh and feel smart. 
2618244	positive	You’ll love the prices on Nike products at ~http  
1603427	neutral	Lil’ Wayne talks about jail; sizzurp & music with Paris Hilton in Interview MICKEYGUN ~http  
101921	negative	Kinda feel a little ripped off on this one.  ~http  
2011824	negative	Feeling lower than low. Why can i never keep a relationship past 3 months? 
162564	negative	At work stressing can't wait to go home 
474114	neutral	I commented on a YouTube video ~http  
2414279	negative	Fuck a dollar & a dream? Shoot;I'm asking for a few dollars 4 my dream "Last Breath" ~http  
2760157	positive	hey @user I just viewed 2012 Adidas & Ashworth; it looks pretty solid!  How is it selling this season so far? 
2587342	neutral	HEY WITCH DOCTOR; GIVE US THE MAGIC WORDS:  OO EE OO AAH AAH TING TANG WALLA WALLA BING BANG. 
2096950	neutral	The new 2011 Audi A8 luxury sedan made its world debut in Miami at the Audi Pavilion in Miami Beach 
1189152	neutral	Jobopening: Mail Clerk; Hilton World Wide; New York!. ~http 
30917	positive	I love nightmares...don't you? @user ...oh and shants; and  Tuesdays; and white bikinis; and and nike shoe (just one) size 14 &lt;3 
2734432	positive	Happy Mothers Day!! I love you mom xoxo on our way to the bronx zoo mom has never been there and has always wanted to go... &lt;3 
2295121	neutral	Certify Dumps Microsoft 70-442 Exam Questions are updated regularly according to Exam ~http 
400754	neutral	UNLOCK THE SAMSUNG GALAXY TAB - Unlock the Samsung Galaxy Tab from T-Mobile and AT&T USA! We’re excited to... ~http  
1373830	positive	Pretty pumped about becoming a political genius from this semester.#determined 
414314	negative	Whelp; to continue on my rant of how Nintendo sucks; they just told us that all 3DS systems will be going to big box retailers. No indies. 
1880409	neutral	S/O to @user  #nowfollowing #promo #teammorefollowz #TFB #500ADAY #teamfollowback #teemfollowback #ifollowback #FF 
89677	neutral	Just Published: Round Table Notes on Creativity; Search and Social from Microsoft Advertising UK ~http 
2497922	neutral	Not 'you' in general; someone specific. 
2801392	neutral	Now Anyone Can Sync Google Docs & Microsoft Office ~http  via @user 
1521208	neutral	Are you a book fanatic?  Do you love reading books and sharing your opinion about them?  We are looking for book... ~http  
236775	negative	#iregret ever laying eyes on you!! ol #DirtyBitch 
70255	neutral	Hand in Stove #morrisseyfood 
2432516	neutral	Wow eBay has 1;726 openings ! I wonder how many we will have after microsoft acquires us? ~http  
2782415	neutral	Thats the way all twins should start their Career - The Gong Show is an amateur talent contest franchised by Sony Pi... ~http  
2614189	positive	wants to say congratulations to my best friend Katie Ashcroft's mam for finding out that shes having a baby boy which is due in Decemeber !x 
2553846	positive	lmao how did it go from Jedward spamming Aaron to him waiting for them to call him?! Jedward fans are amazing! 
902849	neutral	Camera SONY ALPHA DSLR-A700 DIGITAL CAMERA+8GB KIT NEW Price: $320 USD Online Order: ~http  
425736	neutral	#NowPlaying I don't Wanna Dance - Hey Monday 
90089	neutral	→ Microsoft Asia/Pacific (APAC) Jobs: Microsoft Consulting Services is hosting a Webinar on Thursday; Octobe... ~http 
3286728	neutral	Internet speeds at #FileMakerDevCon for Verizon 620Kbps w/3bars; AT&T 320Kbps w/3bars. About that Hilton per-device fee... 
894579	neutral	;P ~http  sony freerealms Free Realms hits 9M players; closing in on World of Warcraft 
1632907	neutral	HEY ! Microsoft Forefront Security In Action ! SAY NO TO HACKERS ! ~http  
2077615	neutral	Windows Server Blog: Microsoft Windows Server Enterp... ~http  
280442	negative	Guys suck. They should all die. right now. 
89696	neutral	Following Le Tour de France? Make sure you check out Bing maps great app showing all the 2011 route details: ~http 
1163924	negative	I legit got the flu while I was sleeping. Damn heater! 3rd time this year. I'm dying; I used to get sick once a year. Now... 
2329421	neutral	Google is out to put Microsoft Exchange out of business. Google Sync works with your iphone:  ~http  
758337	neutral	#IMPORTANT The new head coach for the Lady Lions will begin this week; Interim Coach Kiesha Middleton will continue her role as an assistant 
1007209	neutral	i havent had Mcdonald in a hot min... 
968223	positive	I love my state .... 
2186255	negative	Yea i am &gt;_&gt; RT @user @user Aww damn Bree gone kill us both baby :o 
2313148	neutral	-Out x3 You getting ready so I know we gon' be here awhile; in the bathroom flat irons and nail files. Spending hour... ~http  
2890947	neutral	Drew an audi in art today :p ~http 
3292446	neutral	With the Bing Search Engine; Microsoft Plays the Underdog - ~http  
1331244	positive	#teamladiphat I love you guys. 
603381	neutral	If you can read Chinese...check out the news from the Microsoft Asian Heritage Month we participated in as joint... ~http  
317298	positive	my toothache has died down for now.....  i won a Samsung Instinct s30 on eBaY! can't wait to get it. 
761614	neutral	Global Share the Bible Day is December 25. Spread the word to win an iPhone 4! #Bible ~http  via @user 
1871478	negative	Sick of street racers trying to race me (again tonight). I don't race even if m  car/me may fit tie stereotype. It happens a lot... 
441716	neutral	The Birth of Samsung Galaxy Tab 10.1 [Infographic] ~http  via @user 
652167	neutral	trick or treat for unicef tomorrow night. meet @ the union @ 6. 
2337830	positive	Beyonce's baby is going to be the cutest thing.. 
742684	neutral	I Guess This No Joke Then 
215902	neutral	LJDesignz.com Vuzix Wrap 1200 3D: Hopefully Not Just a Really Belated Virtual Boy Sequel:                 ... ~http  
616010	neutral	Celebrate Bing Mobile Deals and Win a $500 Gift Card! ~http  via @user 
316002	neutral	Practice Monday at Stable at 5:30 
1874280	neutral	I wish I could test of of Microsoft office classes. 
3343701	positive	So loving this Samsung Infuse! 
2797651	neutral	Gov Malloy says too early yet to order state workers to stay home 
2095362	neutral	Mayb your the moring light an im a shot in the dark; You could be the best for me while im the worse for you #RocketToTheMoon 
1781497	neutral	Politology tomorrow..Home stretch.. 
3045037	neutral	Fresh on nike shoes: How to Wear DC Hats136 
1089307	neutral	&#9829; Across the Stars  by John Williams #lastfm: ~http  
3171618	neutral	2011 Audi A6 2.0Tdi S-Line Special Edition inc 19" Alloys; DVD Navigation; Full Black Leather; LED Day Running Lights ++ from £399 a month** 
2833545	positive	Post taboo sex show: chocolate banana crepes... Mmm.. 
550324	neutral	BIG UPS HOUSE AFRIKA/ SONY MUSIC&gt;&gt;&gt;IT'S ALL GOOD&gt;&gt;LET'S BUILD THIS THING ! THERE'S SOMETHING IN THE ALBUM FOR EVERY ONE!! CHECK IT !! 
797985	neutral	Last call!! Save $30 at Aardvark Sports Shop in Bethlehem. #lehighvalley #running #runners ~http 
2846283	neutral	if you find yourself at a fork in the road; just ask yourself; what would jesus do #wwjd 
1256273	neutral	At ZoomAzon 
2948170	neutral	We will try to create conditions where persons could come together in a spirit of #teamwork -Akio Morita; founder Sony Corp 
2469865	neutral	Check this video out -- Kylie - Flower (Unreleased X2008 Video Projection) ~http  via @user 
3276383	neutral	Win a Sony VAIO laptop contest. You can enter by following @user and retweet. ~http  
1519379	neutral	Checkout #couchLock = first 2oz drink of al natural science backed weed enhancer ~http  @user @user @user 
698270	neutral	Check out Microsoft demonstrates Windows 8 - NDTVGadgets.com at ~http  
1710219	neutral	ADVANCE FAIR 'til 1May. Special price for Hula Chair & more special offers. Talkshow 'Resiko Obesitas' with dr. Bing Haryono on weekend #fb 
401053	neutral	Anybody wanna buy a brand new samsung galaxy for at&t wit da cam on da front 
2856618	neutral	Posted a new song: "GUCCI GUCCI ASIAN REMIX" ~http  #music 
1721606	negative	I'm really not feeling the fact that Paris Hilton said she don't like black guys and would never date a black man! ... Wow 
1682734	neutral	Let go of those who bring you down and surround yourself with those who bring out the best in you… ~http  
2840011	positive	getting ready to go to Hilton Head island in S.C. tomorrow... can't wait! 
755980	neutral	Is Fashion an endangered species? Yes & no; it depends on the goals of the designers and the industry as a whole. ~http  
2610361	positive	well mr sun; it was nice to see you today! welcome back rain cloud; my dear friend.. 
683684	positive	Looking forward to watching the game tomorrow Celtics vs The Heat #TeamCeltics 
3325012	neutral	No the cream colored one with the black swurls in it with ether the black picka toe shoes or the gucci ones 
624250	neutral	ACQUIRING DATA.. NO DATA FOUND.. DATA FOUND.. To know whats the data.. tune into Sony now.. #CID.. :P 
3276338	neutral	Win a Sony VAIO laptop contest. You can enter by following @user and retweet. ~http  
3045075	neutral	Fresh on nike shoes: Houston Astros Opening Series  Lessons Learned 
328316	positive	First tweet from my new Windows 7 Phone; a sweet Samsung Focus! 
2887235	positive	Today at work we got to eat a cake called "chocolate nemesis" and made the freezer into a fort. 50 hours of work now = worth it. 
1537930	positive	Wtchn Dum Maro Dum!!! Finally!!!!! Loving it!!!!!! Superb film!!! 
609857	neutral	#workflow #imos #tipmegoodbitch 
901813	neutral	The ppl who CLAIM they the realest be the fakest ones HA 
872549	negative	I thnk his diseaz is rubbn off on me #anotherheadache 
2350185	neutral	says well I m goning to eat a steak  :-P ~http  
1288390	positive	I'm standing next to nikki hilton at liv nbd!! 
1206001	negative	I have to read this dumb book. 
3206745	neutral	Armani Clothing  Lacoste Shoes 2011  Armani Jewelry  Gucci Caps  Nike Shoes  Free Shipping & Fashion2011 ~http  
2496691	negative	Nail salon getting these god awful nails ripped off finallyyy; then a hardcore gym session to make up for a week of slobbery. 
270122	neutral	Chris Brown Fan: "Keeping Rolex Didn't Cross My Mind": The fan who handed in Chris Brown's $22k Rolex which he l... ~http  
1600034	neutral	Salinas Californian:  "Yes on 25" ~http  
2609300	negative	Chris Brown is a worthless piece of shit & I'm disgusted the industry has odvy forgotten he beat the shit out of a woman with his bare hands 
1191778	neutral	I just completed the AB BURNER workout with Nike Training Club. Join the club ~http  
2294563	positive	Finished talking to the Wifey ^-^ Going to bed. Love you Krystal 
3190250	neutral	only video game i was ever good at was super nintendo marios world!....and i would only stay on yoshis island!..lol.. 
743586	neutral	#in2010 Gucci Mane will finally get over his sinus infection 
322804	neutral	Dear Members;  This coming Saturday the 10th of September; we will be watching the Bolton game together.This will... ~http 
544300	neutral	Im a tatted up N I Gucci sign A 
1785425	positive	I've decided that Moon Heat will be the 1st book in a 12 book series entitled Shifter's Universe.  I'm so excited about this series! :-) 
2856995	neutral	I have a new samsung wave 525 
2212844	neutral	Cloud Computing; Online Services and Hosting | Microsoft Cloud UK - Mozilla Firefox ~http  
711857	positive	Together our small voice will Unite into something BIG 
3430462	neutral	Yes; Microsoft Did Change The World More Than Apple ~http  via @user 
2618252	neutral	Great Gucci gifts  ~http  
3206751	neutral	Chanel Jewelry  Gucci Caps  Nike Shoes  Armani Clothing  Lacoste Shoes 2011   Free Shipping & Fashion2011 ~http  
275168	neutral	Possum pums! Runnin don't mean its trash!RT @user but wait.... what's worse??? possum pums or shorty that always runs from the dick? 
1474587	neutral	Destined to love? Or destined to hate? 
160681	neutral	301;202; 804; 434 now in the 252; heading 2wards 919 
2479332	neutral	Update: NIKE CHOSEN - BEHIND THE SCENES - SURF ~http 
2178310	negative	I blame yall ignorant ass moms 4 raising yall ding dong females wtf happened IN tha 80's nd 90's oh I 4got welfare;coke;nd no good niggas 
1070947	neutral	Listening to Paramore; reading Twilight. 
533160	neutral	Iy wa.. lg obral Omma (?) RT @user Omma? byk amat omma dia? RT @user Pgl omma iak la RT @user @user 
591511	neutral	Chillin at ORD airport waiting for my connecting flight to San Antonio should be at the Hilton by 10. 
120172	neutral	Join me at the London Hilton Metropole on Sunday for the Starting Over Show where you can get help if your relationship has broken down 
2100088	neutral	#ScaryMovieRulesToLiveBy When u run to the car; dont drop the keys trying to put them in the ignition. Calm down & lyke nike just do it 
986423	negative	Hard times my friends! My nintendo wii has officially been sold!@quigonjinn hope ur happy! 
1183094	positive	So not to brag or anything but my friend Cody is amazing. He brought me cotton candy 'cos I was feeling down. &lt;3 
100335	negative	My memory stick aint workin gotta send my essay to email and go to school sign in then copy nd paste to microsoft word then print ugghh work 
1772557	neutral	Check out the 24 LIVE: Challenge 10/24 for a chance to win a whopping £3;000 cash prize. ~http  
109958	neutral	New blog post: ~http  - Microsoft User Group Lecture Series–Feb 2011 
3528826	neutral	Is on my Nintendo DSi..... Night of basketball tonight; then who knows 
1360735	negative	just lost #thegame. Thanks @user ~http  
1657262	neutral	The Haus employees will avoid Carmaggedon by sleeping at the Haus. Mind you; we have to anyway. 
2089971	neutral	Super Voting: Apple vs Microsoft vs Linux - ~http  
68631	neutral	Heading into the city. Nike Park to play pick up. 
2152023	neutral	Just Made a Twitter 
1364479	negative	How bout I locked my keys in my car today.I was devastated. 
1895369	neutral	New Post!!  HTC Thunderbolt; LG Revolution; Samsung 4G LTE; Droid Bionic Unveiled By Verizon At CES 2011 (PHOTOS) ~http  
239456	neutral	helping my grandpa 
404240	negative	I feel like death 
2026946	negative	Wth am I so nauseous . Urgh I wish I could take a nap. 
1507199	neutral	Google Nexus Prime rumour round-up – Samsung making; October release ~http  #KasiTopShayela 
722215	negative	Well; Fuck you America! The price for a nVidia 280 is like; $9000 more now; even at my cheapo Azn shop at Box Hill! 
3178837	neutral	My timeline is 50% tweets about how cute baby Bing is and 50% complains about people talking about how cute Bing is. #musers 
2398941	neutral	Instrumental battle at the Grammys ~http  
2454986	neutral	Intercall Audio Conferencing Platform Integrated with Microsoft Lync Online ~http  
1609177	neutral	VIDEO &gt;&gt; DuckTape TakeOver @user WITH @user @user @user @user s#1E.mo… (cont) ~http  
1599499	neutral	All those tweets about my family... Microsoft made me do it... I live alone.. under a bridge. Oh fuck they're coming.... 
763460	neutral	My cat looks like a nike advert :s ~http  
374399	neutral	It's official: Apple event set for 09/09/09 ~http  
745570	neutral	AM OUT.... 
524635	positive	This is how I roll ! Dam right 
2408889	negative	Just passed like 4 gucci stores lmfao ppl dont need tht much gucci lmfaoo!! 
1920243	neutral	Next Social Meeting 3/11/2010 at Si Senor Rest In Beaverton 6 pm.. ~http  
246798	neutral	Is @user is headed back to @user?! See what she had to say on @user's show: ~http  
2533350	negative	so ill but have to go to work; please let people not be jerks today... 
1632919	neutral	Hi; Microsoft is Running Out Of Security ! Check This ! ~http  
624150	positive	The swype key pad of my samsung  rocks.. Lets see how the battery life is..... 
1812044	neutral	4 Day Special: $49.99 Mobile web ready Samsung R211 (1st Month FREE) & 10% off any pre-owned phone malexonline.com / 520-344-8910 
2352169	neutral	“@SHGames: RT and follow us for a chance to win #CoDXP tickets.  We now have 10 left to give away starting now! - #shgames #MW3” 
304213	positive	Irish car bombs at Opal Divines. Happy st pattys day!!! 
1090842	negative	Ugh I can't stand this music.. This is why little devil; glory days; Gary bender; and James need to come play here. 
2081727	negative	School is sooooo pointless now. -___- 
92626	neutral	Ready to see what my boy Ingram gonna do...#RollTide 
2576646	neutral	Check out Seth Troxler's Essential Mix ~http  
478251	neutral	WHATS GUCCI MY NIGGA WHAT'S LOUIS MY KILLA!!!!! 
1346362	neutral	I will listen to the LADIES FIRST RADIO  Whats In it For show by The J Ril Show on #BlogTalkRadio - ~http 
2482412	negative	I'm sooo not looking forward to getting up for work tomorrowwww - cant wait for this thing to work! ~http  
216446	neutral	Need a recap of LJFFF? Erna Adelson has the scoop!... ~http  
2231823	neutral	Waiting in line for Harry Potter. 
231212	neutral	I need a haircut 
1596749	neutral	Electronics Store: Sony Alpha SLTA55V DSLR with Translucent Mirror Technology and 3D Sweep Panorama (Camera Body... ~http  
421443	neutral	Where the wild things are=Drake 
2854593	positive	Becoming like home again; too bad we're leaving tom. (@ Hilton Head Island) ~http  
3331052	neutral	Lol perez hilton is visiting the deam house lol 
2571760	negative	i'm in one of those moods where everything is annoying me. #ohjoy :D .. :/ 
642306	neutral	Fit for superheroes: Sony ad is tailor-made ~http  
893083	neutral	Same Goes For Gucci And Flocka.... 
1686953	positive	LOVE it #tonight!RT @user Excited for another Jerzday?! How are you liking the new season so far? 
2081553	positive	Love the days at practice when time passes by super fast. 
2648551	neutral	Hmmm do I buy @user the dark tourist for my holiday book? Answers on a postcard/tweet please! 
2243286	neutral	Up up up up up up up 
1474360	positive	I love dancing with my boo @user... :) 
728870	positive	12 yrs worth the wait... Cried like a baby... Better than the 1st and 2nd.. Toy Story 3 officially my favorite 
402258	neutral	Wanted 15 Beginners to learn a Simple; Automated System Designed to put money in your pockets within 24 hrs. ~http  
100110	positive	wow those nike air mag shoes are something serious 
90665	neutral	Be sure to follow the Microsoft BI Team on our NEW Twitter account for more on the future of Business Intelligence! ~http 
1897595	neutral	It's hard to believe Microsoft Web host aren't more popular. They can do everything with the right design software. Hey; PHP is nice too... 
1941154	negative	Poor service at adidas pattom showroom. . Damn i'm dissapointed. . Nike scores compared to adidas. . 
2863070	neutral	adidas ~http  Adidas tech f/f shorts black 30w ;P 
771526	neutral	See Hilton Hotel Las Vegas on sale free guide ~http  amenities ratings reviews 36 #hotels #lasvegas 
2227473	neutral	The Circuit: Patent reform; Netflix; Samsung and Apple ~http  
1091646	positive	Love this photo&lt;3 @user  ~http  
2575064	negative	The ADIDAS Crewneck is a large i made a mistake! 
1660299	neutral	Sometimes you don't understand your friends; especially when t... More for Taurus ~http  
2056013	neutral	Check out the Nike art show at @user. Proceeds go to Japan relief. 
2334085	neutral	16 If you want more followers you should try ~http  . 
2638977	positive	So excited to workout with my new Nike + shoes!! (@ 24 Hour Fitness) ~http  
1683822	positive	Take a pretty picture for me!!! I like this crazy beat!!! 
2438193	positive	Yes new ITouch and new cute white Sony computer. Love it 
886705	neutral	#GIVEAWAY: Win Nintendo Wii Game “Pictionary – uDraw”! US/CAN @user (Ends 9/7) ~http  
3377884	neutral	Buy cheap oem software online slysoft any dvd converter: Microsoft Office Home the software Business easy to acc... ~http  
1467341	neutral	Getting Published: Read all about my *super* publicist; Maryglenn McCombs. ~http  
2300915	neutral	Get your tix to see JONATHAN AND BPRO at the Larimer Lounge this Saturday! CD Release Party!! Show 9pm; buy tix now ~http  
89703	neutral	Launched: Radius Targeting for Bing and Yahoo! Search ~http  via @user 
1067573	negative	The lady next to me on the train is snoring like no other... #fb 
2841744	positive	really good meeting with my supervisor! Lots of very exciting ideas in the pipeline! 
2653304	neutral	I'm wondering  which all the #McLaina s' choices are tonight. 
932081	neutral	Apple wins permanent ban on Samsung tablet in Germany (TUAW): Share With Friends:  |  | Technology - Compu... ~http  
2182210	neutral	I entered the PGA TOUR Giveaway #PGATOUR3D for a chance to win A new 52” Sony 3D HDTV package: ~http  
1191771	neutral	I just completed the ARM DEFINER workout with Nike Training Club. Join the club ~http  
329299	neutral	#20peopleidmarry  #2 gucci mane 
1613485	positive	Went throught Niche Detective on #ppcclassroom last night. Lot of gr8 info. All for $1; better than Google Wave! ~http  
1666849	neutral	Holla from the bottom; yell it from the rooof @user 
1016864	neutral	MTM Audi A1 Firstly; the MTM Audi A1. The MTM Audi A1 will be powered by a 1.4TFSI engine producing around 150ps;... ~http 
2096080	positive	Guys please check out bing every day it has great pictures - ~http  
1025533	neutral	Kin hot in Turkey but the Hilton in Dalaman is immense; well geared up for kids and Sky Sports in a Bar for 2moz ~http 
2516748	neutral	Nokia and Microsoft sneak a peek at working together with apps for Symbian ~http  
526052	neutral	But why? Jay Elec and Mos &gt;&gt;&gt;&gt;&gt;&gt;&gt; ice cream face RT @user 0_oRT @user Mann; imagine Gucci Mane on Jay Electronica's Exhibit A? 
2267364	positive	Glad to hear David is coming home to sort this. Sure the youth can relate to him and will cease to set fire to shit when he commands #riots 
1659387	neutral	Lady gaga to record bond song? ~http  
1609236	neutral	"@StunnaMel22: Hot boxin with these niggas @user @user @user and #Denzel ...."@RealOlees 
1283941	positive	We had the UTC class of 2010 that came by 2day. It was a blessing to c them. Many r going back 2 their cities 2 do a wk 4 God. God bless you 
1562912	neutral	if you dumped him after a week.. does the no ex-boyfriend rule apply? 
1943822	positive	i figured it out! i have color. wii is a great thing nintendo is the best! 
2306131	positive	congratulations to Daniel Salif for winning the signed Manuel Almunia Nike Gloves. 
1313059	positive	I can't believe this is happening. I leave for Sac in 5 hours. I am all packed and ready to go (: 
1564939	neutral	Wow; Microsoft And Google Are Punching Each Other In The Face Right In Front Of Us! ~http  
2470721	positive	#dellstreak with BT works great in my 2010 Taurus SHO with Microsoft SYNC 
934087	neutral	What can kids learn from animals?  Wild Kratts learn and teach.  PBS Kids premiere Jan 3! 
1221816	neutral	I wanna go back to SixFlags over in Geaorgia.. 
3090108	neutral	Genius or Madness: German court awards permanent ban on Samsung GALAXY Tab 10.1 in Apple case ~http  
205050	neutral	When it hits me.... Middle Brother - Million Dollar Bill ~http 
864623	positive	Creating a workshop on citation styles. Does anyone else get as excited as I do researching #APA_Style and #ChicagoManual? 
876702	neutral	listen to Cut Chemist - Adidas to Addis at ~http  @user 
1429686	negative	Air Mag? why release now? it's been decades. could be wrong but is Nike running out of ideas? #McFly 
956460	negative	Fuck the heat.... Lakers all day 
991807	neutral	hmm no update from Sony today. What are they up to?? 
2571657	positive	has learnt how to use a Nintendo Wii and Twitter in the same day 
351925	neutral	i Do Tha Paris Hilton Imma Make A Sextape 
2304925	neutral	New videos show off Bing Indoor Maps and Visual Voicemail for Windows Phone ~http  
1214812	neutral	Twee!! Yes Or No Lol 
3045043	neutral	Fresh on nike shoes: 469 Events 444 Videos Find an Expert 
1946169	neutral	Who Needs An API? Powerinbox Adds Google+ Client To Its Email Platform via @user ~http  
2828125	positive	The hilton hcr is a great place. Can't figure how u would have a bad time there. 
230747	neutral	Who remembers microsoft encarta? And the grandmaster flash video on there? #howhiphopchangedtheworld 
3402127	neutral	Here we go; it must be true --&gt; Steve Ballmer On Microsoft Buying Adobe: "No Comment" ~http  
615562	positive	I LOVE not seeing #Iowa in the top 25 of the USA Today Preseason Coaches Poll. Makes my day. #Chokeyes #Pukes 
760008	negative	I want you to stay; but you're already walking away. 
2683763	negative	Still stuck on ol boy from that liquor store in Kentucky... who would run in with arms outstretched and yell "DADDIES HOME!!"?  He is losin 
2836953	neutral	somebody hit me up. text or call; either one. do it 
513927	neutral	ALL im asking is where have all the cowboys gone maybe they are at a Ranch in Crawford Texas? 
228169	neutral	Nintendo - @user - Nintendo - Answer (A) 80 
2295147	neutral	Certify Dumps offer free dumps of Microsoft MB6-513 study questions to check the quality of our MB6-513 study ~http  
89689	neutral	Just Published: Video: Microsoft Advertising Exchange in Europe - Benefits for Marketers ~http 
649348	neutral	Bit late with the announcements. 1) our very own @user nominated for a Sony Rising Star Award! Vote ~http  
840408	positive	these football shirts are dope! we want to be happy after the games!!! 
89623	neutral	Looking for more reach for your campaign? Try the Microsoft Media Network ~http 
1447707	positive	#FollowFriday This girl is amazing!!  Follow @user 
367704	neutral	I liked a @user video ~http  Nintendo Stream Update April 26; 2011 
107771	neutral	Groupola Deal of the Day: £1.50 for 2 boxes of Quality Natural Food! Worth £5.98 with Graze. A Refreshing 75% Off: ~http 
464135	neutral	#y&r flow.... 
1660371	negative	Stupid Internet connection &gt;.&lt; 
2818705	positive	Watching @user on piers Morgan - amazing man! :) 
2295110	neutral	Certify Dumps Microsoft 70-667 Exam Questions are updated regularly ~http  
199840	neutral	So Nike is about to release the 'Marty McFly' self lacing Nikes from back to the future II... In the movie it was 2015... 
63658	positive	Taking the insoles out of my Nike Free 3.0s makes them so much better for playing in! 
870692	neutral	I NEED BEACH 
3550057	neutral	Free Nintendo Wii - Hunting For a Legit Freebie Site ~http  
2063124	negative	ughh laundry grrrrrr i need a damn MAID! 
388647	neutral	News: PlayStation Network outage: Sony investigating credit card security - ComputerAndVideoGames... ~http  
583253	neutral	LPGA TOUR LIVE ...: LAS VEGAS HILTON RELEASES ODDS; MAKES TSENG 2011 U... ~http  ... 
1663449	neutral	Tommy's-research into causes and prevention of miscarriage;premature birth and stillbirth please sponsor us 
2344468	neutral	Check out Audi and the possible development of new crossovers! ~http  
1181090	negative	"What's ur last name?" "Prudence""no love your LAST NAME" "PRUDENCE" why does everyone treat me like an idiot :( 
2253114	neutral	;) ~http  fashion 2009 LOréal Fashion Week Toronto; Spring Summer 2009 
1864549	neutral	UPDATE: HTC AND OTHER MANUFACTURES THT USE ANDROID WILL BE PAYING ROYALTIES MOTORALA SAMSUNG ETC...So maybe no chge!! 
2384900	positive	i am loving to have the ability to me on meebo.com it gives me a chance to meet new people who like to talk 
1947968	neutral	#FamousLies- it was just sex; it didn't mean anything 
601790	neutral	Well I'm goin to go zo bye ttyl 
696305	neutral	Kobe; Nike could partner up to play in China ~http  
18810	neutral	Video Game Rentals: With the introduction of new gaming consoles like Xbox 360; PS3; and Nintendo Wii; video gam... ~http 
579498	neutral	Chillin with@LMFAO @user and@TtheROP ~http  
1214255	neutral	up early; drove home; voted; breakfast with mam n dad; drove back to work. Nap time?? 
894588	neutral	Get Your T-Rex And Dragon Rides In Free Realms | Sony Insider   ~http  sony free realms 
161186	neutral	Winners announced for the Microsoft Path to the Private Cloud Contest:  ~http  #VMlimited #VMworld 
43620	neutral	Housing Starts Tick Lower; Building Permits Tick Higher ~http 
119289	positive	following @user is always the biggest pick me up in the mornings... Feeling so good today for a bunch of reasons!!! 
2431958	neutral	...listening to song "What Is Love (Free Dj's & Dj Karp Remix)" by "Made Famous". 
205958	neutral	For those in NYC - Sept 18 & 19 - WIE Symposium: Sponsored by DELL; Harpers Bazaar; Target; NY Post; etc.. ~http  #IDidThat 
1936082	neutral	I can't believe Microsoft has showers in it's buildings; so that people can bike to work and not be sweaty pigs all day. @user 
656005	neutral	“@SoleControl215: Marty McFly’s Closet – Nike MAG ~http  &lt;&lt;&lt; @user 
2889788	negative	Holy sh*t this Audi is expensive to maintain :( 
3577194	neutral	Paris Hilton talking about reading books? I think her twitter account has been hacked. 
1850423	positive	I like it wen my bitch dnt come up 4 air 
2189692	negative	19hrs and 20 mins of bein awake n my eyes can't handle diz shytt anymore; Hoodnight !! 
2142502	negative	WHAT THE FUCK IS THIS TRAFFIC ON KILLIAN!!!!! 
2623116	positive	Over a month strong no ciggs 
910852	neutral	MEDICARE FINAL DEMANDS TO RESUME JUNE 27. LRS logo to be replaced by bright yellow smiley face. More on the demands soon. 
338975	neutral	Photo:  ~http 
759663	negative	#getsonmynerves when people send you the same text 10 times. like if i didnt answer the first time; i won't answer you the 10th time. #blah 
1338075	positive	Love Love Love my babies! 
905813	negative	Valerie isn't even her song I swear if the don't perform something she wrote... #VMA 
113027	neutral	What's Gucci my nigga?? What's Louie my killa?? - kayne 
2781095	neutral	Photo: NIKE 6.0 Cash for Tricks Intl. Final @ Anglet ~http  
429770	positive	Up early this morning to watch our @user guys play in the Adidas Invite. Good luck guys...can't wait to see you compete! 
1929978	neutral	I told my mum I'd be up before 10. #nochance 
1040976	neutral	Is Sony liable to third parties for PSN outage? Ars explores the damage ~http  
112850	neutral	Hey @user I WANT YOU TO PERFORM GUCCI BANDANA;I'M BALLIN AND SWAG FLU  (#SouljaBoyBETAwards live &gt; ~http ) 
190727	negative	Aggravated for the night guess I'll just do my work 
2058767	negative	Settling in at the Nike hoops summit. Americans look 10 yrs older then the euros. #fb 
1502180	neutral	These are my people on this 6ft7 Remix D.U.C ~http  
236702	neutral	“I get eBooks from my library and #OverDrive. RT and follow @user to win a Sony Reader. ~http 
3206748	neutral	Wholesale Nike Jordan fusion Shoes Prada Gucci Coach Chanel Armani Polo Lacoste Berburry: buy brand shoe.jeans;bags  iFashion2011.com 
2261514	neutral	I need fun 
1384379	positive	nice !!! CHECK OUT FUTURE-&gt; @user Casper- Gucci Time (Freestyle) ~http  via @user Casper FROM ThaYoungHustlaz"" 
1129853	neutral	The Avengers Teaser Poster ~http  
926613	positive	I love my baby:) 
16186	positive	“@DeizyDoesIt: @user RT #TeamGOD I respect that homie!!!! #GodBlessBullies” yes sir he show luv and we reciprocate it 
1451066	negative	And I would like to say SCREW 8am CLASSES 
974577	neutral	Video: I DID A VIDEO REVIEW FOR MY FRIEND JESSE ON THE GLX-6900X-2DR IN4MATION. IN4MATION GLX-6900X-2DR... ~http  
58660	neutral	Old @user Nike add. @user #throwback #teamnike  ~http 
2296654	neutral	NYE 2011: Playboy New Year’s Eve Party at The Hilton Chicago Downtown Hotel Ft T-Pain; Jump Smokers; Top Chicago... ~http  
1576703	neutral	Cake Mania Main Street comes to Nintendo DS this spring. Go beyond the bakery and equipment shops like a Burger Barn. ~http  
2426615	neutral	Is gonna be on supa dupa chill 
993829	positive	The Microsoft crew are in the office! A team of about 10!! It's like a Hollywood set in here :) 
1310205	positive	August 13 is going a long; busy; yet exciting day!!!!!! I'm ready!!! Super excited!! 
3002785	positive	“@TOOEAZY_0: Gucci two times just came on my iTunes.....Im no longer sleepy..lol” happens to me everytime a beyonce song plays 
1686244	neutral	Paris Hilton Wants To Be A DJ ► ~http  
2067246	neutral	NEW ARRIVAL: Nike Manchester United Apparel-- Jackets; T-Shirts; Scarves; & More! ~http  
17631	neutral	Yeah; we're having chicken fried steak and 'taters tonight. I blame @user #teamree 
733930	positive	Nothing sounds better than Hilton Head Island right about now.  #ohcarolina 
2335448	neutral	I guess so did u get a key 
413399	positive	Boomer is our DachStar of the Week! Check this little cutie out; Arroooo! ~http  
114656	neutral	#nowplaying comes n goes- gucci lo & shawdy mane....... i mean shawdy lo n gucci mane.......dayumm.....smfh 
1329158	neutral	Ahh; I don't care about Paris Hilton arrested ! @user is much much more interesting! ~http  
109184	neutral	Get your questions answered directly by Microsoft Infrastructure executives at #WPC10 in this Q & A Session: ~http 
274452	positive	Had my 1 year pics taken tonight. Mom rescheduled them 2x after my black eye stunt. She didn't get the hint; so I refused to smile. #iwin 
374120	neutral	"If you hit a wrong note; then make it right by what you play afterwards." - Joe Pass / Jazz Guitar 
3339375	negative	awww wish there was a boxing day sales on #adventvega and Samsung #NexusS :o) 
169063	neutral	For everyone who experienced the earthquake today and have no idea what to do during an earthquake; Big City Moms... ~http  
837913	neutral	We got 20 Audi consists of TT; Q7; A5; S3; n S5! Come and have a look at our all branches. 
1813432	neutral	Ok I need a word from you... 
1585224	negative	Im Bored As Fuck Tweeple..#FOLLOWME! 
938071	neutral	i have a sudden urge to play mario on my nintendo 64. 
129883	neutral	Frost in here ( #teamradio live at ~http ) 
406550	neutral	Dell's tablet coming nxt wk; Samsung outs their tablet; HP got their Slate; and Apple iPad; 3D losing steam; tablets gaining the spotlight. 
2127020	negative	Beautiful sunshine & blue skies today-think it's all change again tomorrow and Friday :( 
2687882	positive	I love looking in my account and there being way more money than I thought; thank you studylink; I love you. 
2632028	neutral	Watch the new 'TheYoungTurks' Video: "interviews_Bernie.mov" ~http  
977855	neutral	lmao. childish. 
2098845	positive	Sleep with a smile on my face :) 
1504159	positive	I love when my friends internap! 
483174	neutral	Is Microsoft Sql Server 2008 R2 For You? ~http  
1037483	negative	I Hate When Guys Flash Their Sh*t...I Don't Care! Good For U That You Own A Gucci Belt. Want A Fxcking Award? Its Fake Anyways 
1422053	positive	It could just be your amazing company. :) just sayin. -Maestro 
1670761	neutral	Sample chapters: Windows Sysinternals Administrator’s Reference - Microsoft Press - Site Home - MSDN Blogs ~http  
2070284	positive	Exhausting But satisfying Day..........! 
3203527	neutral	Tune in to BET's 106 & Park tonight at 6:00pm to catch Mariah LIVE & the premiere of her OBSESSED Remix video feat. Gucci Mane@Mariahcarey 
1632898	neutral	STAND UP and Say No To Hackers ! ~http  
2140296	neutral	Blog Post: Adidas SLVR - Space Travel ~http  
2122176	neutral	Always give as much context as possible to help someone succeed - my new blog post @ Microsoft Managment Musings: ~http  
1313497	neutral	SRRY BING I STILL GOOGLE 
960972	negative	ughh have no idea anymore!! need ideas... :( 
1799771	neutral	Bobby womack's on the radio singing to me... "if you think you're lonely now..." 
1667809	neutral	Second night in a row iv woken up at exactly 4:10. Not sure I understand. 
2404804	neutral	From @user - Sony Ericsson Xperia Play ~http  
901398	negative	Wtf are u kidding me!!! The saints are marching in welp!! 
2504118	neutral	#10YearsAgo i was wondering what would I do after I graduate. Haven't found the answer yet 
1724699	neutral	Can yu say 2011 Nike mag ... I need them @user ..! 
3438913	negative	Urgh ~ can't find my Nike + chips this morning!!! 
376683	neutral	MXF Import QT 2.4 coming soon - close to final. Now with Sony XDCAM proxy support. 
90813	neutral	Software New: Microsoft Word 2007: Shortcuts with Macros ~http 
1616181	neutral	Apple spent nearly $5.7b on Samsung parts in 2010; faces 'strong' response to its patent suit ~http  via @user 
1577572	neutral	How to Use your Website Stats & Data to Increase your Online Marketing ROI.  ~http  
2409816	neutral	man ms perez kool but man I don't understand a damn word she be sayn 
1043607	neutral	I Think Its The Blue Undefeated Camo Crew Nike Sb's To Match..... 
1658155	positive	Pure jokes at #RehearsalLyfe with the cast of Church Girl @ Sony Centre! This play is great and the voices are greater! #Blessed 
2533033	positive	Amazing night out for my boys 21st. So tired now though. Found the cheapest taxi ever too. Win! 
645466	neutral	Discovered a new artist ; David Ryan Harris ; John mayers back up vocalist and guitarist 
2839178	neutral	Business schools and financial instituitions should make 'Inside Job' - a Sony entertainment documentary film mandatory to watch for all it… 
489048	neutral	I posted a new photo to Facebook ~http  
3529597	neutral	Retweet this to win a Nintendo 3DS with Catalyst Slim Cover! ~http  @user #CM4 #3DS 
68006	neutral	We're still looking for another qualified Samsung Telecoms engineer if you know anybody please ask them to get in touch! 
101561	positive	Because of #IWannaGo I now collect seashells. ♥ BEST HOBBY EVER! IWannaGodney 
2306845	positive	Yessir!!!!!!! I need an Audi S4!!!!!!!!!!! #Machine 
11712	negative	Or wait for the PS Vita... RT @user Get a Nintendo ds ... RT @user This waiting is killing me now..#bored now!! 
2421235	neutral	Adidas Debuts World’s Lightest Basketball Shoe to Tackle Nike ~http  
2803989	negative	Even more confused... Why must this hurt so bad?.. :( 
2492730	neutral	Driving back from DC 
2106217	neutral	Watching The Real Sleeping Beauty; about a girl who sleeps for up to 2 weeks at a time. #madness 
2237973	positive	Enjoyin a much needed day off 
2728288	neutral	My Top 3 #lastfm Artists: Dirty Vegas (1); Janet Jackson (1) & Justin Timberlake (1) #last.fm; music ~http  
2871285	negative	you black midget bitch ! 
2740426	negative	I'm sick of really annoying foreigners in drs office waiting rooms. 
853712	neutral	Wait'n for delisha - 
2043898	neutral	Drawing and singing celtic songs ^^ 
2471521	positive	just been having fun acting out a potential CBeebies character to the kids. Haven't laughed so much in an age! Writing can be fun! 
1262653	negative	I've got rope burn from the giraffe fishing rod. And the batteries for the remote control have fallen out. 
1622754	negative	#ThingsThatShouldBeBanned professors lecturing on non-exam material 
1768748	positive	You guys have no idea how happy I am. This manga is &lt;333333 
1534646	neutral	Taking a Gamble When Trading ~http
978901	negative	Go #RATM Down with crapfactor! 
2336931	positive	“@InKrediBle_K_: Brownies and ice cream!!! Yuummy” Tha fuk!!! 
2756756	neutral	Smoke Brushes for Photoshop | QBrushes - Photoshop Brushes -... ~http  
2287559	neutral	Check out Microsoft at BETT this week - discussing all forms of education technology and the latest government Home Access initiative! 
1076515	positive	Got a new Dell desktop today. Feels good man. Windows 7 is pretty tight. Hell; even Internet Explorer isn't too shabby! #shock 
49003	neutral	♺ @user Now Microsoft can sue *you* in US if your overseas vendor uses "pirated" software ~http  
391417	neutral	Funny. RT@TakePart We love our Macs; but have you seen this Microsoft Office 2010 trailer?! ~http  
1353908	negative	Not looking foward to school tomorrow 
3045049	neutral	Fresh on nike shoes: Monster energy Hats and NBA Basketball hats wholesale 
2030757	neutral	New Ad: Sony 32" and 21" TVs: Sony grand wega 32" TV and Sony Trinitron 20" TVs. Both are excellent and low use.... ~http  
2203290	neutral	Catch the Thunder versus Mavericks games on who will win the Western Conference Final 
2600347	positive	Watching GaGa on The View; she is SO beautiful!@ladygaga 
2111202	neutral	Even more designs made....  Audi A8 (11-  ) Head & Tail Audi A7 (12-  ) Head & Tail        Audi Q7 (09-  ) Head;... ~http  
550489	negative	dang eagles lost 
2559379	negative	Am I the only person who thinks the new nintendo wii-u is an advanced Dreamcast? Yes I said Dreamcast! #E3ong4 
2339475	neutral	August 9th is the release date for my @user remix .. 'Best Thing I Never Had (Lars Behrenroth Club Mix) dropping on @user via Sony Rec 
1273210	positive	Getting ready to head to Nashville in the morning! Super stoked! 
1633995	neutral	» Physicians Formula and Rimmel London Giveaway!!!  A Makeup Artist's Blog ~http  
1955114	neutral	I entered to win an HP Mini and a Camcorder from @user thanks to @user and so can you!!” 
2649021	positive	there are actually so many nice people on here :) 
2489470	neutral	New Concentric Icon Set: Inspired by the Samsung Touchwiz app drawer; we've added the Concentric icon s... ~http  #android 
2421812	neutral	$11.52 (11% off) Sony MDR-ZX100 Stereo Headphones at ANTOnline ~http  
1168522	neutral	The Dogs of War: Apple vs. Google vs. Microsoft ~http  #google #apple 
1067859	neutral	Check out this upcoming concert: Gucci Mane @ University of Iowa Field House. ~http  
408958	negative	How bitches be talking gucci this louie that and they a barbie but don't have a car? 
2244924	neutral	Hey guys; heads up! ThinkOptics; LLC Sues Nintendo over WiiMote: By Joshua Moore California-based ThinkOpt... ~http  Mandy 
2349067	negative	"@Keezy_TaughtU: What I learn is NIGGAS will be NIGGAS u just got to live with it..." yep 
171027	neutral	snowed n wit da sac I'm gucci 2times #zigzagafterzigzag 
1473322	neutral	''After all this time?'' ''Always'' said snape. 
2016899	neutral	V - Neck ; Nike Flops ; BootyShorts !  #TeamSwagg 
268778	neutral	We hear Flathead #cherries will be ready by the middle of next week!  What's your favorite Flathead cherry orchard? 
157021	neutral	Microsoft Research; @user; @user... few upcoming topics on Microsoft Talk. Stay tuned! ^AB 
109290	neutral	The success rate for Bing searches in the U.S. in July was 80.04%; compared to 67.56% for Google. (Experian Hitwise) 
3018651	neutral	"Im redneck" yeah; okay. Gtfo with your Hollister shirts and nike slides. 
2149612	negative	Oh; unfortunately. I think I have to give the Nike Sneakers I had bought to my friend. RT @user Yes; I won't. RT @user 
1611449	positive	I LOVE KINGSLEY!!!!!!! 
2378085	neutral	Check Out: #2: Super Mario Galaxy (Nintendo Selects): Super Mario Galaxy (Nintendo Selects) by Nintendo Platfor... ~http  
299843	negative	“@CassidyDay: Why can't we wear Nike shorts to school?! #dumb #favoritethingtowear”// a freakin men 
2155292	neutral	I'll be  a guest tonight June 25- 9 PM EDT discussing identity politics and my book: ~http  
739561	positive	Last night: great fun. Tad drunk. #cameraoxford #kinderbueno 
3235355	neutral	#windows8 interface is so touch orientated that it screams of a Microsoft tablet / windows 8 tablets in the works 
2764595	neutral	Hos before bros...hosiery??? Pissing my self #Essex 
2712016	positive	i love skype @user :) 
2708590	negative	being trusting bites me in the ass. fuck people. way to screw me over. ALSKDJALKSDJAKLSJDAKLSJDLKASJDLKJASDLKASDJLKASJDALSKDJLASKDJ 
2360020	neutral	So who's wants to take the straight&narrow first? 
1217325	neutral	Looking for graphic designers to work on adidas new store concepts ~http  #busybusy #jobs Pls RT 
583259	neutral	Las Vegas Hilton has released official betting odds for the @user ... we will have them at lpgatourlive.blogspot.com shortly! 
1277440	negative	Reformatted comp; no microsoft office. screwed! 
89611	neutral	Boeing taps motion sensor power of Microsoft Kinect to sell 737s ~http  @user 
3217180	neutral	#ATLHRseminar Aug 18 Hilton Atlanta; NE for #Hr #payroll workshop on labor savings. Pioneering cost containment in the labor expense space. 
2162007	negative	I swear there's never food in the house 
1119395	negative	i despise microsoft right now. there are so many words i wanna say... 
1208177	neutral	Chillin  ~http 
689367	negative	lost a Camera Sony Alpha 200 last Saturday 28th at Brussels Airport/Zaventem inside a LowePro camera bag...has anyone found it? 
226769	neutral	Ok so here's what I have heard. TSN2 will show our game at 3 pm which is 1/2 hour tape delayed. So if you don't want real time updates... 
207317	positive	cream crackers and cheese.. yummy #moretweetsaboutfood 
1727348	neutral	Lol o rlly RT @user I wonder when me and @user gonna go out? 
75216	neutral	What's gucci my n*gga? 
92788	positive	Received my invitation for Gucci and Fiat 500 collaboration launch party in London tomorrow evening.. Awesome.. The weeks looking good! 
1538086	positive	Now we just need to wait for the Nintendo 4DS; the handheld that changes the room temperature and sprays water and ice at you. 
1200697	positive	Super Nintendo is my shit. #GAMEON 
