101105210491023360	neutral	Will the so cal earthquake hit already, so it doesn't hit during Summerslam or next weeks Monday night raw #earthquake
230869354839953408	positive	Photo: Dr. Seuss has always been one of my favorite people. His work may have been surreal, but it always... http://t.co/ufmYYVjr
254740945734627328	neutral	@emilydixon_99 November 10 & 11. Opening/Closing show tix are $25 through Ticketek. For the other shows it's just a gold coin on the day :)
264183358769229825	neutral	Tryna make sure everything go as planned Saturday. . .
102342538513485827	positive	RT @SpikeLee: Come One,Come All.Bring your Blankets,Chairs,Picnic Stuff, watch CROOKLYN under the Brooklyn Bridge.Gonna be a FUN CROOKLY ...
260896179838128129	neutral	Arkansas State 3, UL 0 (10:29, 1st Quarter) Brian Davis nails a 47-yard FG on the Red Wolves opening drive of the game. #Cajuns
263776293106118656	negative	Ugh had ISS today , gonna have it tomorrow too -_- #gay
264016003577556992	neutral	ALMOST forgot about VCU's Open House this Saturday!
100212143139463168	neutral	RT @RossoneriBlog: Joleon "Pretty Face" Lescott & Edin "I want to play for Milan" Dzeko scored for the City. De Gea should have done bet ...
100727276185980928	negative	Microsoft wasted my whole day today... But now I'm on Win 7 SP1 v69sq with rockets on it. MAKE IT SIMPLE MICROSOFT!  Also, I'm buying a Mac.
257572330581139458	positive	#classic! @KWAMEDIDIT: FRIDAY OCT 19th!!!! THE ALUMNI will be rocking Philly!!!!! FREE SHOW  @ the Liacouras Center 7pm CLASSIC HIP HOP!
264120483384008704	neutral	@TooZany is bringing out Kendrick Lamar the 6th of December!?! Get your tickets now!
100001038454624257	negative	looking at the temp outside....hpw did it get hotter as the sun goes down???? Feel like i'm in Vegas just adding humidity
249579607416786948	positive	Kristin Chenoweth will be on Over The Rainbow sunday night! 8pm CBC. Here she gives me a singing lesson. I'm bad. http://t.co/vZAvXB2L
255707585934655488	neutral	Today is the las day to buy Big Krit/ Slim Thugg tickets for their show in Starkville tomorrow @ Ricks Cafe
111377006960185345	neutral	RT @hardcandymusic: Revisit: Madonna: 12th Studio Album Rumor Update -  There are several rumors regarding the new Madonna... http://t.c ...
257842351211421696	neutral	'on a sunny Sunday afternoon, it could be quite magical.' - Designer reveals plans for Olympic Park via @guardian http://t.co/rSIP2Nag
211688789448466433	neutral	@AlexisClark17 @TakersGirl1998 Im going to Hell in a Cell in ATL, The December PPV in Memphis, and Elimination Chamber in NOLA
264240131957985280	negative	@jimmeyotoole Reviews hit tomorrow, will be writing up my initial impressions then. My general tip for big Android tabs: No, just no
253716160393138177	positive	(Native) America day is coming up next Thursday! @CHR1ST1NA_N and I are going all out. #JoinTheTribe #MySoulisNative
248637259224580096	neutral	#FLEXTHURSDAY !! DIS THURSDAY!!!!!wit @FLEXCREWgotti @DA CROWS NEST WE CALLN OUT DA WHOL SOUF KUM KICK it Wit #PINKCITY!,:-)
113033961294401536	neutral	Fantasy-wise, all I need is 4 TD's from Romo and 4 from Holmes tonight
260946526371725312	positive	@alfredoflores follow @amandawanxo , find her on NOVEMBER 26. meet her. she'll be at the bell center by 4:00pm ITS HER DREAM 2 MEET U!!90
258064133558259712	negative	@CletisStump Brain is fried ... won't turn off ... feels like Ground Hog day ... may need shock treatments to reboot!!!
239533906062364672	positive	Tomorrow I am off to Petrolia to see "the Waltons" lol and over to London for Evans side of family reunion.
111696208740884480	neutral	Why not join us for Breakfast this morning at 9am for the opening game of the 2011 Rugby World Cup as Host nation New Zealand play Tonga
226587962509516800	neutral	Reminder July 22nd @ 3pm i will be hosting an Open Lobby on the Livestream http://t.co/dDj8jAZc
264036890993373184	neutral	Cba with work tonight. Tommorw. Sat. Sun. And Monday.
251592560781430784	neutral	Thursday's rainfall @ BDR was 0.04" bringing the monthly total to 2.07". That's more than an inch below normal (3.10").
260819556640104448	positive	@Cerullean, thnx for the follow! The Chronicles of Jan sound hilarious! Love the tribe of Periscopes. Very Douglas Adams.
195372350240325632	neutral	@tsmithND with the 28th pick...the #packers select Some fat punter out of Wichita St.
259465605378355200	negative	@Michelle_Foy1 @kimmikaa @pameatsbabies if you dont know hes the vocalist of the metal band Lamb Of God and is a sorta a 3rd party candidate
263865575313383424	neutral	We tallied up the votes and are announcing the winners for Calling All Communities! Tune in http://t.co/XmaXMLCQ on Nov 1st at 11am (CST)
264073871488081920	neutral	@CountryGirl_731 we changed seats in dental lol, you're in Ash's old seat and the chapter is due tomorrow
168356477470375936	positive	Wichita St is just a team full of corncobs. Also, if they play "We Ready" today, place will explode. #shakeandbakejays #BOOTSTOASSES
257962942878859265	neutral	Tomorrow, PlayStation Vita owners can download the open PlayStation All-Stars Beta. PS3 owners can download the beta on the 23rd. #gamer
246269856901652480	neutral	I'm going to Babaman at Vidia in Cesena, Italy - Dec 22 http://t.co/Tns3TWqv
100136834306277376	neutral	RT @RichardKingson: Went looting in Spurs last night, broke into the White Hart Lane cabinet, so left with a pile of dust and a Gareth B ...
260541579515797504	neutral	Inter Milan Transfer Rumours: 5 Players Linked to the San Siro in January:   Inter Milan  have started their new... http://t.co/vIn3RVrE
256416307182985217	neutral	Capello says time for Russia to win big match: Russia manager Fabio Capello on Thursday said that he intended to... http://t.co/EFc5Cfng
213357035683721216	positive	Lots of fun this weekend.  We're at the Mardis Gras casino Friday night from 8 to midnight.  Then on Sunday... http://t.co/gt0CzhjJ
263652502463975425	positive	Nine Goa Congress legislators want to join us: BJP: Panaji, Oct 31: Goa's ruling Bharatiya Janata Party (BJP) to... http://t.co/eyppTNWn
110134033727488000	negative	Perhaps a bit insensitive showing the film Four Lions in the run up to the 9/11 10th anniversary..... #justsaying
175468492915613697	positive	#McIlroy had a strong start in Thursday's opening round of the Honda Classic, but the No 2 was upstaged by US Ryder Cup captain #Love III.
258610308602531840	neutral	Girls Gone Wild -->> Club Roar going be a Zoo friday
242718317050212352	neutral	Don't Forget, tomorrow is the annual General Body meeting! Come out to learn more about ISAT and the organizations we are affiliated with!
263826826793721856	positive	Pacers had a very solid 4th quarter comeback victory. Paul George played fantastic in the 1st quarter but disappeared after that
209694606751838208	neutral	Diana: A Celebration ends June 10th at the @mallofamerica; make sure to see the collection before it leaves! http://t.co/O5WeDZwX
263974646003683328	neutral	Cebu's Original Lechon Belly in Parkmall joins the Bazaar in IT Park next Fri.-Nov 9. Taste the Boneless Lechon Belly the way it was created
257140968992694272	neutral	SOUL TRAIN party Oct 27 Perform by~T.dot all stars..Drell~ + many more new kids on the block taking over T.dothttp://youtu.be/c2nozLNRf4M
264169249101209600	neutral	Watching Kentucky all access makes me want it to be Monday
264001323844923392	positive	Feels like Super Bowl Sunday waiting for the big TNF game tonight! What's everyone doing for KC v SD?!? #cantcontainexcitement
257581214087659521	neutral	The Oscars nominations are going to be announced on a Thursday, at 1.30 pm. I guess I'll have to be late for Math class... :D
264246018147766272	neutral	City game at the Ravens stadium Saturday at noon 10 dollars to get in i will be there who else going?
250407923388407808	neutral	Anyone want to see Knife Party, Tommy Trash, Kill The Noise, Style of Eye, Baauer & Destructo on Oct 26 in NYC?
264217152553377793	neutral	Spending quality time with katherine louise and mileys smiley! Katie leaves indiana tomorrow. #sadtweet #gonnamissher #sad #gonnacry
260938062631149569	neutral	Ricky Ponting has passed 23,000 First Class runs - the 12th Australian to do so!
261460723564167168	positive	Just close your eyes The sun is going down You'll be alright No one can hurt you now Come morning light You and I'll be SAFE AND SOUND #NP
262678783247659008	positive	Damn. I would totally buy the Sun for this. @michaelroston: Future of news again: Free Hawkeye Lego with Murdoch's Sun http://t.co/6W8q4oET
262900304419368961	positive	Happy 4th Birthday to Mersey! Celebrating with a new squeaky ball... My ears are not celebrating. http://t.co/hkG53dRJ
100667465746481152	neutral	Might have to make that Final Destination 5 move on friday...
226222218454110208	positive	Good luck to the #DunfermlineWolves players that have their Fife and Tayside trials tomorrow. Show them what you can do #itsyourtime
261491602579677184	positive	#tbt Reppin the W&M sweatshirt on my 2nd birthday. I had a sweet lion king cake too http://t.co/wUaXIjaY
263332910747230208	positive	@_eryflores: March 16 Luke Bryan is gonna at the Houston Rodeo. I HAVE to go, Its a MUST!
253065607736590336	positive	@brittanymariep dethklok is having a tour:) they're coming to Chattanooga Dec 6 with Machine head. Black Dahlia Murder and ATR. I'm going :)
241163838572097537	neutral	GM sat slide down big bangs #JAYZ will be in the building
264231995926773761	neutral	@seth_eggleston nice. We might stay at Lou's house that Fri because trail of lies and the storm are playing in cuse, then F&I sat.
264203856299323392	positive	Watched some of the #CMAAwards b/c of Hayden Panettiere & saw Carrie Underwood do gangnam style! lol It will be the 1st billion views video!
264117710437351424	positive	Russell Howard, then Cuckoo, then Celebrity Juice, then Family Guy, Thursday night is the best night for comedy
240006611387678721	neutral	Today: Sefton v @AlderCC HOME 12noon - including President's Day; 2nd XI v @newtoncricket Away 12.45pm.  Let's hope the forecast's wrong!
100350544333389824	positive	@luvvieig Welcome home from Nigeria! My 2nd @SciAm guest blog post is up, on US biosimilars market - will you read? :) http://t.co/mmxzmHJ
258317781378928640	positive	@caplannfl - Another example of a good college player who had a great week at Senior Bowl to ease concerns about toughs & get into 1st round
242314426903048192	neutral	@BabbleEmporium flying home tonight and arriving monday! At Florida Mall atm but got txt from BA saying its delayed til 2am! #peak
196619895948062720	negative	Giants 3rd-round pick failed drug test at NFL Combine: Jayron Holsey knew it would hurt him bec... http://t.co/PZPzx0Dv #newyork #sports
212176243980906496	neutral	*raises hand*RT @NY_SexyLady: "Tomorrow" by The Winans is on my heart so heavy this morning... Wonder who needs to hear it!
264087305327894529	positive	Save the date: 11/14, @jmcurleybar. We've got some surprises coming your way! Info on Monday.
255774409573412864	negative	No you may not kick it.  -Tribe Called Quest answering a text from Billy Cundiff
263868204617699328	neutral	'Now Behold the Lamb, the precious Lamb of God, born in2 sin that I may live again, the precious lamb of God'
263811962062909441	neutral	(Reuters) - The season opener between the New York Knicks and Brooklyn Nets set for Thursday at the Barclays Cen ...  http://t.co/elPgNPH9
198772510731419649	positive	TODAY - is the annual Marijuana March in Toronto! Happy Weed March everyone in Toronto and of course all... http://t.co/2B5dp6LW
255088029394411520	neutral	In the Sports World Kenseth avoids 25-car pileup to win at Dega: Daytona 500 winner Matt Kenseth won  Sunday at ... http://t.co/5Adr4H6w
263451726475042816	neutral	I forgot Plies gone be at the moon tomorrow
264243465339158528	positive	Going to ace tomorrow's paper with no mercy at all
264256008191356929	neutral	@gsquare9 I just wonder how peter is the 1st pope when the Romans crucified him 200 years before Christianity was legalized in Rome
264040066186371073	positive	@MittRomney come on Romney I may not be able to vote from Britain but I COMPLETLEY support you !!! Good Luck !
264150962204192769	positive	Why would you still wear shorts when it's this cold?!  I love how Britain see's a bit of sun and they're like 'OOOH LET'S STRIP!'
103052708277256192	neutral	This week marks the 34th anniversary of the death of Elvis Presley.  Elvis died in Memphis on August 16, 1977 at... http://t.co/AEURv6c
255774015384334336	neutral	Zumba Tonight at 5:30 PM at BALANCE Fitness.  370 Davenport Ave, 3rd floor New Haven CT.  See you there ladies.... http://t.co/7CCRzC0I
263394015859339264	negative	I REALLY just want to cuddle up in a blanket and watch Army Wives right now. But I have a midterm and paper due tomorrow. #yaycollege
263481107377422336	positive	@BerniePleskoff no problem. Are you going to be at the Rising Stars game on Saturday?
232905603322884096	neutral	It is a big day in Henryville as students displaced by the March 2 tornadoes finally return to class at their new... http://t.co/LVrLtx2e
262623972447887361	positive	Sushis + Rafa on the TV = best way to end this Sunday. #vamos :-)
109241793635299328	negative	Absolutely gutted. Wish I could watch RT @680News Lloyd Robertson set to end 41year run as national news anchor tonight http://t.co/rFuwYds
264087075383562241	negative	The only bad thing about Barack Obama having a 2nd term as President is that its always a flop 2nd time round historically
101951146784063489	positive	Random Friday fun: Where in Scotland, does legend have it, that Merlin the wizard died??
118152301532823552	negative	Aw what the hell Curtis Painter coming in and we give up 3rd and 18 conversion.
264130758522839040	positive	Going to Olive Garden with my family! So happy it's my 15th Birthday!
264140098680008704	positive	I just hope Danica meets Justin tomorrow. And Danielle. They both deserve it. They support Justin with everything they have. #jbmeetdanica
100182275756527616	neutral	On my way to the airport with 50 min sleep all night...eyes burning like I'm on True Blood..WTF
263986227856936960	positive	Happy November 1st SWEET friends!!! SWEET Thursday NOD's (names of the day) are.....Charrish, Selma, and Aiden.... http://t.co/xzJgrSfd
261286622589485056	positive	@Serious_Sound yeah that's wha I'm doing tomorrow. Your topic seems interesting as fuck. Lol my shit is on Malcolm X. But ima just
263940141574402048	positive	Right then..diet starts Monday, probably not the wisest choice with christmas coming up..but im gonna smash it!!
100320665126711296	neutral	@VictoriaMiringu clemson sweatshirt came in today, got new uggs and got a couple pairs of 7 jeans....im ready but winter wont be the same.
252170335774978048	neutral	Photo: Flatbush Zombies, Santos Party House October 17th! #ACIDALUMNI (Taken with Instagram) http://t.co/PYtQP9ej
222478854202195968	neutral	I sure hope the skate center plays decent music tomorrow @Cpolk_22
263040847703064576	positive	Project X is the best film ever made and someone with money needs to have one, like this Friday. #makeithappen
262578597447991298	negative	Frustration for Kobayashi, Perez in India: Reaction from Sauber, Caterham, Marussia and HRT after the Indian Grand Prix on Sunday.
105783843847544833	neutral	RT @MTARecordsUK: Check out the brand new video for @16bit 'Dinosaurs' released Aug 29th on MTA. http://t.co/gsmV7yt
264236295172272128	neutral	Taiwan court extends ex-leader's jail term - TAIPEI: Taiwan's high court said Friday it has extended ex-leader Chen ... http://t.co/FUADCEfb
264216527161667584	positive	Excited to head to #florida tomorrow.  Participating in the #tyrf #strikeforce to make sure FL goes 4 #mittromney.  #tcot #txcot #DallasGOP
194362813806952448	positive	CULTURE (Down Town, Mon 23, 1:00pm): Come celebrate spanish literature at World Book Day by the Cervantes... http://t.co/1JD5prgg
264148660781215746	neutral	Yesterday I asked Maria where the candy was and sshes like ill get it tomorrow when all the candy is on sale #ghetto #candy
254821628553355264	neutral	Ready to see the Lakers tomorrow
261788570719752193	neutral	@PatCunningham16 u just hold out to Ash Wednesday #letthemknowthecraic
246643883054866433	positive	I am hosting the Open Lobby! Saturday 15th ( Tomorrow ) 1:00PM - 3:00PM UK Time Gamertag "iL Ash Li"  Be there guys it's going 2 be awesome!
263647073415614464	neutral	@ForlornLove no not yet, going Taiwan soon for training then passing out December 21st. Looking forward to not being a recruit/trainee ha
261506907230044160	negative	@DudWithNoZah Akin and Murdoch are scum, but rape jokes aren't much better brah.  They may just be just a (cont) http://t.co/pH72WrlV
263637459210997760	neutral	I'm dressing up as Gary for Halloween.. So don't expect to c me until about 4th period..ill b home dozing off to animal planet then ill b at
247773299839496193	positive	Thanks for advising! RT@EllenBoBellen 1st formal chapter of the yr went well. Excited to be advising Beta Chi chp at University of Denver
260037801565892609	positive	@waffl3lif3 @keyvo33 ya for sure it's on 28th and Ost starts at 1043 but really not till 11 lol
254701394345484288	positive	Imaaa be the 1st Tongan hooper in the NBA #Fact
247669687847092224	negative	Krul crocked, just putting it out there Craig Gordon britains 2nd most expensive keeper is without a club? #nufc #SAFC #FTM
258282753236271104	neutral	Heading to London bringing the sdtrk to Shepard Fairey - @ObeyGiant's Sound & Vision show Friday @StolenSpaceLDN at Truman's Brewery.
264228104954855425	positive	Calgary tomorrow for the first meet of the season! Can't wait to get some early racing done #altitude #paceit
261914665070776320	neutral	@SaraAnnwylArt indeed you may, or you can have the little warbler who flew all the way from Siberia only to hit the lighthouse on Bardsey...
260544083234287616	positive	Great seeing u. I'm host of Google+ Hangout #RomneyRally Wednesday of u want invite let me know #lynndebate @teachpr
263321723997413376	neutral	Remember to all my basketball people here NBA League pass has a Free trial from now to the 8th of November
104230040224542720	positive	@adaminside I swear my Facebook was exploding this morning! Booms all over the fucking place! Reminded me of Four Lions. XD
251272398656122881	negative	@2302XY @devyyyyyyyy I heard May Queen is good, Nice Guy but has Song Joongki in it ^^~ I have no interested in drama these days unnie =.=
259140700338278400	positive	Last day to buy SPC cards is tomorrow! Please support so we're able to give you an awesome Halloween!
113031911697432576	neutral	Welp let's see if Tony Romo can put me over the top today #fantasyfootball
259955476224147456	positive	[$] BLACK FRIDAY BEST PRICE Underwater Case for the Following Olympus Evolt Digital SLR... http://t.co/icQ5WHBq
264048475182882816	negative	@MostDumbestLaws: A betrayed wife is legally allowed to kill her adulterous husband, but may only do so with her bare hands. (Hong Kong)
253510194720546817	neutral	See preservation as it happens! Learn about the Kansas Question at Constitution Hall in Topeka on Friday. http://t.co/seMSMj88
100197905327075328	neutral	Football-Gunners wld always go on about Arsenal's white v Black composition.Today MUFC fields 7 black players.Difference is MUFC pays better
263581337858998273	positive	In South Korea? UniKent is excited to be at the World Grad Fair in Seoul tomorrow. Join us at.... http://t.co/J7b5n4h9
263970913270251520	positive	Good morning Thursday. "Life is fragile. We're not guaranteed a tomorrow so give it everything you've got." - Tim Cook [Do it for Jobs!]
232574698439987200	neutral	Cloud Computing and Big Data Strategy: In this CEO Power Panel at the 10th International Cloud Expo, moderated b... http://t.co/KD87pMPF
103174922511192064	positive	quite enjoying @GNev2 on MNF - he looks more at home sat down tho - I don't think he knows what to do with his hands when he's stood up
225226458375786499	neutral	NEWS: Bookmaker Paddy Power's 'lucky pants' make an appearance at Chisora weigh-in ahead of Saturday's... http://t.co/epimGZ7d #pr #prjobs
237501131314581505	neutral	This Saturday!  Come see what it's like to train for the NFL Combine at Body Space Fitness.  Click the link below... http://t.co/kpT4Ltxm
237064827816800256	negative	@YahooSports  It is the 6th straight 1st ROUND SUBMISSION not 6th straight 1st minute KO, Miesha Tate did go 4:00+ with her. Get it right!
194796352822198272	neutral	H&M's fashion against AIDS collection is available on April 26th. 25% of the sale price goes to AIDS prevention. http://t.co/rvqSPgav
263968608470843393	positive	I liked a @YouTube video http://t.co/HD89je4i Anonymous - Remember, Remember the 5th of November
264190899083423744	positive	First time I ever heard SS was in 6th grade and I actually loved it. I didn't know the song at the the time so I couldn't continue to listen
264060113843806209	negative	This is the 1st Halloween my kids didn't go trick or treating... Kinda sad they are TOO OLD for it now cuz I... http://t.co/fudXcsL0
257273006513061890	neutral	Only 2 non-Chase drivers in the top 10 -- Kyle Busch in 4th and Mark Martin in 8th.#NASCAR
261264279922147329	positive	@alexrubens Ever since Uncharted 3 and Mass Effect 3, I've been weary of third games. Then again this is technically the 5th. Can't wait!
263995165365116930	positive	I love Thursdays....Grey's Anatomy....One day closer to Friday.....and No driving to Huntsville.
247770260994940929	neutral	So many shows in the near future: Metafest, Royal Teeth, M83, White Arrows, Grouplove, SweetTeaPumpkinPie Music Fest and Taking Back Sunday.
111583736323260416	positive	RT @marcohanna: @afairclub sold out tonight!! Charlie Sheen's Cake Party!! Marco Hanna Live with Dudu Sax !!!
240125304696365056	negative	Rt @gordonmutugi: IEBC may hold the most modern & credible elections, but that wont stop Kenya from Burning again IF the intolerance we  ...
111869217871118336	positive	RT @KDrix33: @CoolRayJ414 pulled off highway robbery to get Romo from @jfsain. Jk. Good trade. Ill try to process it so you can start ro ...
261944448370483200	positive	I still remember those days when Demi was tweeting lyrics from Unbroken and now she's tweeting lyrics from her 4th album! Im so excited! <3
264210454207942656	positive	Thanks for making this snowy day so pleasant!  Echo and Penny will be in Friday morning at 10!
264150773720563712	neutral	At chayas on Tuesday me Courtney Callum and Carl all cabbaged on the couch to sleep and Courtney had a spasm cos she dreamt that she'd fell
242093237106528256	neutral	Memorial Day, President's Day, Monday, any day seems to be the right day to see Independence Day on t.v.
192143918392025088	neutral	Check out all of Monday's highlights in 2:19 with the Daily Zap: http://t.co/KfNhEft4
260188814633492480	neutral	@kylepetty : Pit road speed limits are the major cause of fuel mileage racing. The King's 7th Daytona 500 win is the only mileage race prior
259740354423713792	positive	@IamDuffyBear We can't wait to see what the cast members at Capt. EO do when they see me tomorrow in my costume.
264000957707350016	negative	Horrible dream lady night....I'm tiered but today is my Friday and its the start of the RODEO tonight #hearthorses
198281352204914688	neutral	day off yesterday wheww may time din at napanood ang Unofficially Yours at segunda mano.
263564797063348224	positive	An emotionally intelligent organisation through mindfulness? Find out how with @GetSIYLI in San Fran in Dec https://t.co/B3pbUTRU pls RT!
264237327075909633	positive	@louisvilleJoke: December 29th will show all the Louisville fans that Kentucky is the best
258347799106703360	neutral	This next Superbowl is on my (21st) birthday. Random fact of the day.
258249984342888449	neutral	Ben Amos is on the bench for the England U21s. As they take on Serbia in the 2nd leg of their play-off for the Euros.
263759201900326912	positive	@ChrisAshton1 gutted.takin Mrs 2 her 1st eng game then. She loves the dive fella.cocky git! Wish u well 4rest of internationals.
259943688606720000	positive	@JanineTurner Yes thank you Janine!!  I saw Kelsey Grammer Wed night at SAG but didn't talk politics there.  Let's take Hollywood back!
102976601473552384	positive	RT @BDUTT: 15th august. The anthem still chokes me up. The flag still makes me proud. Gandhi still looks over us. happy  Independence day
100366302362873857	neutral	Repost: : Microsoft's TV subscription, if not rumored may launch with Apple's iCloud - International Business Times http://bit.ly/qol15p
103099061908934657	neutral	@ThatBoyJacob Good morning! Do you know who else will be on this season of DWTS?
263610933568499712	negative	@starky88 @nfl_uk Was in on sat and they only had the Ray Lewis home jersey.  They didn't have a lot either.
262360278753243137	positive	The Notebook may be one of the greatest movies created of all time<3
264090195052359680	positive	@WordsofColour We spoke and you didn't mention it..! Happy birthday Queen! Enjoy your earth day..Long may your pioneering work continue..x x
241148770769829888	neutral	Talk About The History of Valentine Day: Every February 14, across the United States and in other places around the... http://t.co/9rzD99jT
258887925075410944	positive	Black History Fact: Marsalis is the 1st and only artist to win both classical and jazz Grammy Awards in one year, and to repeat the next yr
263503269689692160	neutral	@tsharklv 1st up, obama on that poster with that caption??? Trayvon had parents just like dad on the right. Like they don't grieve?
260834609888104448	negative	@Vinto316 @happymonkeyshoe Id lost interest in Bioshock Infinite with delays etc. I think I may be drawn back in a bit: http://t.co/h1PF5eYN
175875751558651904	neutral	Last Saturday's London Children's Book Swap went swimmingly! see pictures here and read about it on the blog:... http://t.co/4twug2XD
105121481662541824	negative	I forgot how sad the first episode of the 5th season of Dexter is. #depressing #dexter #darkpassenger
263554895351787520	neutral	@BucksAdSchool Morning with homeless men evening with Charles Dickens's great great granddaughter Standard day with 1st yrs at BucksAdSchool
262372288865914880	negative	I just realized that Thalia is going to be tortured tomorrow for an hour lmao
263817519662522368	positive	If You Can't Beat 'Em, Recruit 'Em ( #YHOO, AOL, GOOG, TWX, AAPL: Inc. (NASDAQ: YHOO) may have the biggest weapo... http://t.co/EuacVGrv
103263786764480512	positive	RT @Trujohnson2: Love it when scouts be at our Practice..  I counted 4 today..  Broncos , Miami , Philly , && Tampa Bay ..
264208831398154240	negative	I wanna go to the studio with Ulysses n them tomorrow,but i cant. #BARS
251749732202979328	positive	first tweet ever, loving san diego! Busy day like always and ready for @UFC on Fuel TV tomorrow.
263803925294088192	positive	@SemiProJoe @SaraWoof looks like it's coming on Valentine's Day. I liked the 4th, I think 5 will be just as good. He's in Russia this time.
263735530230001664	neutral	Police: you have the right to remain silent. what ever you say may be hel against you Me: Harry Styles
264184542305345537	positive	Gotta go see Flight tomorrow Denzel is the greatest actor ever
264133032355713024	positive	Tomorrow is the Big Day!!!!! We celebrate UpNSmoke Woodlands one year anniversary. Grand Prize winner of the... http://t.co/H6Ehttse
264120256480559105	neutral	I'm talkn All Black party on the 14th then VIP all nite Saturday at Sky.... Family n friends will be in da building ....We gon shut Sky down
263732569508552704	positive	Kick-off your weekend with service! EV!'s Get on the Bus trip to the Boys & Girls Club is Friday from 3-6! Hope to see you there :)
248229381166727168	neutral	@IAmPolo__ lmaooo not even it was most def in like 8th grade I think ? When I went to Berkmar !
100607300238180353	neutral	Real Madrid have signed a seven-year-old Argentine boy, a spokesman for the club confirmed on Monday http://tinyurl.com/43ye3bh
260034647466070017	positive	@Kibsta91 Was at Barnet for Edgar Davids' debut on Friday then FA Cup yesterday. Blog very nice, thanks. You had much feedback on the first?
195010576831889408	neutral	30 free tickets to watch Saigon Heat vs Singapore Slingers in Singapore,4pm Apr 29 for the first 30 fans email to Community@saigonheat.com
262193907973124096	negative	@Peter_Owen1: Bulls season tips off Wednesday night vs Sacramento Kings. Excited is not the word. Frustrated is the right one...
263238987597107201	neutral	@echelleprakash 1st its like Imma play Headlock, and then Safe and Sound, and now you gonna play All Star. hmmmm
263803981384515584	negative	This is Austin Rivers 1st game and people sucking him he a rookie chill !
263801798542897152	neutral	Rockets have 15 assists in the 1st half. Lin and Harden each have five dimes.
264113005078405120	neutral	Me and @hayleyrose booked in to see A Good Day To Die Hard on February 14 2013 (Valentine's day).
258900348268331008	neutral	Every time I wear this hoodie ... I think of the hoodie march .... And Trayvon Martin ... And the ppl I knew personally who died
255467554787708928	neutral	Records on the line as World Cup race resumes - Fabio Capello's Russia face Portugal in the pick of Friday's 2014 FI... http://t.co/6KNexqif
100591779098796032	positive	RT @itsjessikah: That's a beautiful dream! RT @GQswaGGG: I also had a dream last night that football season started and the Ravens ... h ...
261086869503238144	neutral	@gm3ek Are you going to SJP tomorrow night pal?
164827944089419777	positive	#SkateNight Tonight 8pm Stardust Skate Center FREE b4 9:30pm Hosted by #SAAB its always fun when you rolling!!! haha x1
264072802116726784	positive	@SkinnyZ0mbie   Maby cuz u are sooo good at bowling and they are now scared from u :p  They got sick from u taking the 1st place everytime
258436505637371904	neutral	@mattmonihan #mittromney may have run the olympics and balanced Massachusetts' books but I learned all I know about economics from SimCity
263786661517860865	positive	@RevJCMitchell  Thought you might appreciate this photo taken of AJ at the Celebration Sunday better than anyone! http://t.co/Rfa01cr5
255983114126520320	neutral	If any Baltimore team mascots come up missing 1st person of interest should be Billy Cundiff! Or the Redskins mascot is taken blame him!
219955012581851136	neutral	Checkers to move to South Division in 2012-13 - Last Thursday, the American Hockey League concluded its annual Board... http://t.co/tyCjmOv2
264075183738998785	positive	@AustinMahone ..Morning Austin.....I'm going to bed now..hahha 8:45pm in South Africa.Writing math exam tomorrow.Wish me luck Xx
222575052904857602	negative	Playing Jacinto on Gears3 on Guardian fer the 1st time nd its raining wth..
261146922339942401	neutral	Tottenham boss Andre Villas-Boas has confirmed he has no plans to sell Emmanuel Adebayor in the January
201378148007415808	neutral	Harris English hit a dude in the top of the head on his 1st tee shot of the day!! #wow
263731369744678912	neutral	The Knicks are practicing tomorrow now that their game against the Nets is postponed.
229042263966228481	neutral	If aliens observed Earth to learn about us, I wish they'd watch the Olympics. Rather than Mardis Gras or the 4th of July...
233293514346229760	neutral	Updated #PackinSpain blog with some stat totals, like Lorenzo Brown and C.J. Leslie with double-doubles: http://t.co/YkzyDc8z
263549771162198016	neutral	#wordtomymuva I'm going to that Lakers Vs Heat Game Feb 10th in Miami #IAmNotPetty
201389283230236672	neutral	Clocking that marshal in the head with his opening tee shot clearly rattled Harris English. Took him 2 holes to drop from 4th to T26.
93497043615629312	positive	Well the cool thing with Democrats in power, DOMA is getting reviewed on the 20th.
111523236113694720	neutral	Tonga will perform the first haka at Eden Park on Friday; the All Blacks can choose to do their haka simultaneously or once Tonga finishes.
261246099203977216	neutral	Randy Lynch at Oscars this Friday night with his band BLACK LIST. http://t.co/Jf1DSwnG
250363678203985921	neutral	Today is the anniversary of F.Scott Fitzgerald's birth (116 yrs), Dr. Seuss's death (21) & the 1st pub. of The Hobbit (75) via @brainpicker
100197935970652160	neutral	If your still running Windows XP, then it may be time to upgrade to Windows 7 to ensure you receive latest upgrades and support in future
100015994440925185	neutral	@olejp3 http://t.co/ldMxHLq Im sure it will replay on NFL network tomorrow too.
264135058733006848	positive	Uh football boys... win tomorrow so we can run it in Becky's face that she wasn't there.
248084094934712320	positive	TY for making me a woman!!!! @EstelleDarlings said at constitution hall Saturday dont EVER EVER EVER EVER let someone make u feel like shit
102191503388053505	positive	Girl singing the national anthem tonight is a Boise State student. I gave her a "Go Ducks" before she went out. Didn't seem to faze her.
262473937848520704	neutral	MT @LabourBroomhill: FREE tickets for @tom_watson talking about Dial M for Murdoch on 6th December are available https://t.co/WREO79mt
264080095965220865	neutral	Watch live Queen of the South vs Edinburgh Cit http://t.co/LnBnANAn
264185213125537793	negative	@MarkHalperin Arrogant! Came to 1st debate knowing he's leading in polls so he didn't have to prepare! Then Romney shows he can be POTUS.
102525887077040128	neutral	RT @OSUrugby: The @USAEaglesRugby take on Canada tonight @ 9pm EST in a warm-up before the Rugby World Cup - If you have Direct TV... ht ...
100017632790585344	positive	RT @MaliagotMonae: my mom just told me she's getting an Ipad 2 on Friday....I better get a Mac for Christmas.
263787584969396224	positive	Hope everyone made it to the UC in time to see the Bulls raise their 21st straight Financial Champs banner. A true dynasty, we have.
100125117757145088	negative	So we arrived in Scotland yesterday and it hasnt stopped raining since. And to make things worse its sunny at home. #typical
264078591355138048	positive	Looking forward to seeing the Illegal Eagles at Dorking tomorrow night with Lin & Amigo. Best Eagles tribute band around. #illegaleagles
264196093464698881	positive	Great MBB Game - felt good to be back at the Vadalabene Center - great staff/promotions too! WBB tomorrow - can't wait!! #siuenation
254762661164773376	negative	@Jmanziel2 instead of watching Lorax pregame, try Friday Night Lights. Tim McGraw can beat the fumble out of you
113046984293744640	neutral	Amen RT @LeonKilledParis May the Universe guide Tony Romo's arms and eyes toward Jason Witten. And May Jason (cont) http://t.co/MYoGMSq
217103542819897344	neutral	@LukeChandler 25th of July. 7PM at Volstead (it's a bar). Can you MC for a Quiz Night?
263477308021694465	negative	niggas boutta be DROPPIN like flies down georgetown tomorrow , you wont catchh me there !
220373711348432896	neutral	Who wants to take me to the Fairground's or Williamsport's fireworks tomorrow!
105000195091202048	positive	Bolton away tomorrow! Hope @swp29 gets a game....after his quality pre-season. Up the blues! @MCFC <3
261797573591982080	positive	Actually the only things that survive would be cockroaches, Twinkees and Keith Richards. Happy Friday! http://t.co/gRRQUiWh
251763069129199616	positive	@davetaylor2112 Hey there David Taylor. Nice to have you along sir. How is your Friday? #mushroomfm
225672733084749824	negative	Frank Gaffney is not insane. He may not even be a true hater. He is a bigot for pay, just like Steve Emerson. Hate is their racket.
100017370185220096	positive	RT @CGBlasi: Very impressed with Joco Teenage Republicans! 16 teens showed up today, ready to #fight big government and Obama! #NObama
261700001649020929	positive	Like a good neighbor State Farm is there, with an alarm clock that'll actually wake me up tomorrow.
263936487266070528	negative	Fireworks go on sale tomorrow. I'm sorry, but after experiencing Independence Day in the States, NZ fireworks can't impress me at all.
249061280449703936	neutral	FM Preview: West Ham United v Sunderland 22 Sep 2012 - FootyMad attempt to assist you with their form guide as West ... http://t.co/vYmrr56h
264188082436321280	negative	Embarrassing. Rams cut Alexander. Yes I know he's from Mizzou. But c'mon. Chiefs D makes unknowns look like pro bowlers.
227146417951617025	negative	@picesbaby123 when we were in 3rd grade she stole my Valentine Day cards and crossed my name out and put hers on them n passed em out.
242503955094061056	neutral	Sunday Times launches the Marie Colvin scholarship, seeking future foreign correspondents, under 26. deadline sept 30: http://t.co/aXORYHPn
261316577604018176	positive	FYI - the ridiculously adorable ladybug Larry Bird gives his 1st piece of candy to is our producer/ director Chris Koch's gorgeous daughter!
118167524167782401	negative	Lmao RT @HeatherNoel13: Curtis painter looks like the kind of guy who would try to buy beer on Sunday. #scumbag
253192895010578433	neutral	@NatalieGrace8 may even join you at Joseph wright
228051598566371328	neutral	@DonJuan52 that's what I like to hear! Friday is my margarita day
233934300192575488	neutral	may as well sign up Scott Dann and Roger Johnson whilst your at it.
264180570806964224	neutral	norv turner calls a play action pass on 1st & goal at the half-yard line, rivers throws a pick. #chargers
264160697439645698	neutral	3 yard TD run get Calhoun even with East at 7-7. 5:53, 1st Q,
264203953435197440	neutral	Anybody want Carrie underwood tickets for Saturday night in Charlotte??
259605337500442624	positive	Jgh from SPC with Yfc 3rd years. Masaya na nakakalungkot. I hope for our change guys. #YfcPublishingISULONG
103458972203368449	neutral	Today, Wisconsin's last two recall elections will be held. @pmwenzel looks at the candidates in Kenosha's race. http://ow.ly/64mE0
263273842024267776	neutral	Sat next to a black guy on a train, when Niggas In Paris came on... Had to turn it up !
241503286157524993	positive	@tressawill Good morning Tressa! Hope that you have a Fabulous Friday!
262206312023212033	positive	In rugby news, @BasRFC are winning 26-5 at Cobham, with the four-try bonus point in the bag. See The Monday Gazette for a full report.
94232811652915200	negative	Democrats call on Lt. Gov. Ard to resign: Democrats called Thursday for the immediate resignation of Lt. G... http://tinyurl.com/3m3fpwl
246697394647998467	positive	Rella wake up to shank one day thn pczeey the nxt day so who dat 3rd baby pappy lol #SheDontKnow
261161473437487104	neutral	@Ayah_moro No, I'm going to Muscat on Friday. What will you do?
261190741349511170	neutral	early bird @TomCole24 catches the strava fail. @cyclingsam9 bosses LSCC club run sat in Spartacus flemings, wheel all day.
257663678143422464	positive	October 22 .. See you @ SM Bacolod ! :">  See you there SweeT Heart! <3
260807368214986752	neutral	@DanicaPatrick  I just ran a marathon on Sunday with my hair bright pink for BCA! #BecauseICare
264193232026624000	positive	As I'm watching Candyman I realize that its it not scary at ALL! Kinda funny or it may b the liquor either way I'm laffin
256658815448145920	positive	@ForeverFlailing Well you better be dancing on the 25th! :D No but you went cray at Niggas In Paris. :)) I FEEL LIKE DEATH.
264154993689518080	negative	Not here in the East:( though...Moon, Jupiter, Capella light up evening sky on November 1 | Tonight | EarthSky http://t.co/Hv7KPxpa
264147858708647936	positive	Hello from Dublin! Tomorrow we're playing at The Button Factory. Onstage at 9, but if you come for @toquiwa_jp at 8, you won't regret it!
226024004966817792	neutral	@andy_oconnor @erickjpressman I'm going to try to bring the @gothamgirls to Volstead on Sat.  What you guys doing tomorrow?
243825919536553984	positive	Lowering the Bar may have found the first recusal motion to cite Girl Scout Cookies. http://t.co/ZmQwuuXM Thin Mints are criminally good.
100834520466595840	neutral	tonight I dreamed of being in Orleans with the bus lines of Milan, and the IperCoop of Piazza Lodi instead of the Carrefour of Place d'Arc.
262177445644488704	negative	If @marco_ten didn't like Coloccini being likened to Bobby Moore, he will hate MON claiming McClean and Johnson 'class' #safc #nufc
233963644122185728	neutral	You know you're in SF when, on a thurs night at 6pm, there are people lined up around the block to see Reid Hoffman.
255033061790593024	neutral	@richards2507 @colourpurple210 Ive just realized Minotaurs 1st Company consists of mostly Termies, Preds and Vindicators lol #ForgeWorldOnly
256008278725758977	negative	Awww hell. It was a black cop that shot the white student at South Alabama. Let's all go march naked in Mobile for Trayvon. I mean Gil.
261584813318885376	positive	Good result tonight, though! Part one of Rodgers' Gamble paid off. Have to wait for Sunday for part two. If we win that, we're off! #LFC
177954195096346624	positive	#RonPaul campaign manager Doug Wead: Contrary to media lies, doing JUST GREAT with delegates even after Super Tuesday http://t.co/cjsRQgrx
264232827514671104	positive	Yolo really u gonna tell me that I am living my life it may not be how it use to be but I love my life way more being a mother #RNS
262664182414061568	negative	@NeilHarmanTimes Just noticed you using the Spanish abbreviation "NO sure", no? Think you're missing Rafa, mon brave
100000794790727680	positive	One Night like In Vegas I make dat Nigga Famous
245879760952123392	negative	Valentine day has been cancelled..what? Why? how? you may be asking. But you see it's simple math.. 14-2-12 =0
256254993294827520	neutral	Does Girls Gone Wild still make commercials?  If, God Forbid, this one goes to extras, we may find out.
263949955427864576	neutral	So plan for tomorrow, morning jits with Frankie and Tom, open mat drilling and specific train with my great friends then PHO
172503040673329154	neutral	Anniversary of miracle, national margarita day, and ash Wednesday. #celebration
261492130806108160	neutral	@SirEddieBaby if you mix Jericho, Dbz, Fairy tales, and Ghost Rider in a 3rd person pov with magic that was mine last night
262640765249916928	neutral	Just finished watching "The Vow" for the 5th time.
263641351495745537	positive	The Bulls head to CLE Friday night.  One night doesn't a season make, but that was a solid win over WSH on Opening Night.
100332910820864001	positive	my mum & dad are going to nigeria on tuesday, everyone wish them a safe flight
262488876524920832	neutral	Mark the dates: Miss Earth 2012 coronation night Nov 24, Sat, LIVE on Starworld, 8PM. Free-TV broadcast on Sun, Nov 25, 10AM on ABS-CBN.
263795814470664192	positive	Aww love you Austin Rivers and happy to see you get start in 1st NBA game...but it's against my boys, LETS GO SPURS! #Spurs #NBA
263190340327047168	negative	.   DMDK party led by actor Vijayakanth may not sustain for a long time under the shrewd politics of Jayalalithaa.   http://t.co/dsFjXS1O
263748118091276288	neutral	FAQ: What is 'skeuomorphic design' and the executive shakeup at Apple: SAN FRANCISCO, CA - MARCH 07:  Apple CEO ... http://t.co/YCvoPl98
100230453109325824	positive	Having a good Sunday, sooooooo happy that college and NFL season is almost here, the weekend sucks without football!!!!
263681897807364097	negative	I got to piss like a Russian race horse in the Kentucky Derby with a glue trust stuck ahead of him and he in 4th place
241140200753987584	neutral	I dreamt I sat with @MaryRobinette at a Star Wars event, eating @Alinea's Lamb 86, watching James Lipton interview Ralph McQuarrie.
256227276885225472	negative	My godsister better take her ass STRAIGHT home after school tomorrow. NCA won't be the place for her to be after school
203645662078840832	neutral	[Today 5/19]Gag Concert is back with Eng Sub! Kick off your sat morning with laughter!
215373536326463488	negative	Ahhh Song Joongki.... why you still on the 3rd place ?? *sobs*
264179688719675394	positive	@vbaffour94 @timtebow love this picture! Praying for you right now Vanessa! May the Lord be your strength! :)
249039814953934848	neutral	[FAN-ACC] 120921 Incheon Airport: While waiting to board the plane, Dongwoo sat on top of Woohyun's leg !! xD ~ (cr: weibo)
263337835162128384	neutral	Oscars Well makes his debut over fences at Punchestown tomorrow. It looks as though he'll have Plan A and Darwins Fox to overcome.
263865406131933185	negative	I'm assuming that HEB ran out of candy and people decided to give out pizza instead because it was busier than Super Bowl Sunday today
254354160189845504	neutral	@T19ht_h34d that's true but until its all decided that's who @Cbus_Matt is going with. Danny Care would be 2nd choice right now.
172186257777115136	neutral	@mw55 what do you expect Thursday? Are you going to pull out that Mikey Magic on Duels day again? #hopeso
263695206195539969	negative	@RefriedBrean And then both teams took dumps in the 2nd round of the Big Dance, KU flaming out against UCLA, Mizzou losing to Northern Iowa.
263706155778441216	neutral	@Vikingdane1 Thinking a bolt action .30-06 may have to be in the cards for Valentine's Day or something.
264094767380561921	negative	I have to go to Chapel Hill tomorrow and the #USPS STILL hasn't contacted me or found my damn SPEECH PROCESSORS!!!! I hate the #USPS
264199662611873794	neutral	November 16 Breaking Dawn part 2 is coming out who gonna watch it with me ?
257537488804016128	positive	@Daisyyloera okay but you need to go to Berkmar so we can see each other everyday and it could be like 7th grade.
263231810186645506	neutral	RT: @alviniaviray1: all fans of Toni Gonzaga she there @ landaco plaza albay legazpi october 30 tonight 8pm @toniliciousz_tg @tonigfanpage
264193522813521920	positive	I think Big Bang should tell us where they're celebrating TOP's birthday on Sunday so VIPs can come celebrate together with them ^^ LOL
263961091640545281	positive	Big day out on 10Nov @QUOZhappens. Gallery hopping/talks/guided tours & more. My list of must see galleries/events   http://t.co/jPD62NeB
264254250736046081	neutral	ARRIVAL of ship: NMS 202 Port: ABU DHABI Time: Nov 2 2012 6:21AM (UTC) (Time of arrival/departure is the time the vessel approach...
264170909542252544	negative	@HarrySilk Aston Villa are a joke mate and so is your profile pic u may wanna hit the gym b4 u head to the Bridge w your bitch slaps #JogOn
100967212612980737	neutral	RT @nyjets: This afternoon's Jets training camp practice will be closed to the public due to heavy storms heading toward Florham Park, NJ
104246362429849601	positive	RT @Robbakerashton: Heading back to Chesterfield for a job tomorrow after an intense & amazing few days in Derby with the @lostalone lad ...
109393614064455680	neutral	HTC Announces Two New Smartphones - the Radar and the Titan: HTC announced two new Windows 7 smartphones today a... http://t.co/uoobqH6
264090871329337344	positive	Big game for @MiamiHEAT tomorrow, away vs the Knicks at MSG. Personally think Knicks will win... first game, MSG crowd, Sandy disaster...
264189214982303744	neutral	@HeartThrobEsco oh shit you just reminded me. I have work at 11 tomorrow at Woodchicks and a call in at 1 at Vans. could you cover it?
218344507056455680	positive	@orjan_nilsen Endymion is now rocking the charts, What nexts? C'mon tell us something
264175696979570689	neutral	Knicks vs Heat tomorrow. Kicking off the season at MSG.
264076328855273472	negative	Israel's red line on Iran: 240 kg [of 20% enriched uranium] // Number was put to Netanyahu and he "did not contest it". http://t.co/XnKk2CSr
231274508420534272	neutral	For my 18th birthday I want a lap dance from that fat chick in Rella.
192573930609971201	neutral	Jenn's post below inspired me to find a few more pics of Alex at the Independent Spirit Awards this past February.... http://t.co/PSJWMBsj
102752363693080577	positive	On September 3 at the Pride Park Ground, Derby, UK. There will be India vs Pakistan football match. That will surely be worth watching!
217130754369519616	positive	Dr. Mohamed Morsi announced as Egypt's 1st elected President after the glorious 25th of Jan Revolution. Congratulations to #Egypt
248076016290000896	neutral	Attending the World Music Festival? Bring in your ticket and receive a wrap and drink for only $5! Fri, Sept 21; Mon, Sept 24-Thurs, Sept 27
258942026408685568	positive	@GBarlowOfficial awesome cos I was ready to get on the phone at 10am tomorrow to get tickets for st David's hall!! Happy days can't wait
261577895221288960	positive	10th grade I said Nipsey Hussle the best rapper out. Everybody was like hell naw then when the marathon came out everybody was on his nuts
263570249012637696	neutral	Wonder if Chris Christie can cancel Valentine's Day and move it to April..Flowers are cheaper!
222446336115621889	neutral	@justinrsutton agreed. that's like the NBA All-Star game taking place in October.
264087629237202944	positive	@MsSheLahY I didnt want to just pop up... but yep we have chapel hill next wednesday you should come.. and shes great ill tell her you asked
263578939371442177	positive	Bowling Doubles tomorrow. Hope everything will be good tomorrow. Let the luck be with us. #Sukipt2012
258638784390905857	positive	So #CabinFever2 isn't as good as the 1st one...it's better than Taylor Allderdice tho @krdzn
262276827920334848	positive	#Trayvon My daily tweet (10-27) in memory of Trayvon Martin - killed 245 days ago ~May you Rest in Peace~ (We must never forget you.)
91687000574394370	neutral	Democrats defeat Republicans 8-2 in Congressional baseball game tonight.
100109373380108288	positive	RT @ZaidJilani: The brilliant Drew Westen offers a great critique of the Obama presidency: http://t.co/DOBUyVU
255253089152544769	positive	@SSbike yep, wanted to limit it to 1 tweet! :)  impressive palmares. While I'm here, stages in Tirreno,Vuelta,Paris-Nice,Suisse, 4th Roubaix
233812409003962368	positive	Imaaa be gone til Sunday the 19th ! :)
101120849280634880	positive	May the sun in his course visit no land more free,more happy, more lovely, than this our own country..Happy Independence Day.
232152567843540992	neutral	Forumcast Ep5: The 4th on the 5th- we talk Ghost Rider:Spirit of Vengeance,the 4th of July & Falling Skies http://t.co/DkHa5wuK
254047889716813824	positive	#BetStyleLounge this Saturday @Dtlr will be Turnt to the MAX! Come see me and @DjPharris rock out! 35th and King Dr!! http://t.co/30fmUpli
264092734116220928	neutral	Please remember that the deadline for the 1st Quarter Box Tops for Education and our Trash for Cash fundraiser is... http://t.co/cKL5wjmp
262954275930529793	negative	On MVC teleconference, it seems Jacobson found a lot more things wrong with Saturday's exhibition after seeing the tape. #UNIhoops
111660997458141184	neutral	Re doing a bio and watching the Republicans debate while smashing some Pineapple sherbet. Not sure what to make of this evening lol
256205625158168578	negative	Maino thinks I'm really going to this 2 hour tomorrow.. I'm not going! I. don't. give. a. fuck!
263945101053673472	negative	Fuck it... no one pays attention anyhow.. THIS! Next Tuesday on @thered_show, the original Nirvana drummer Chad Channing! @themixxradio
259849127058362368	negative	Things that you never do on time:  Apply for FAFSA, your 2500 word paper due on monday, restocking on ice cream.
257303224950870016	neutral	Got #Revenge on the mind? Niners host Giants in NFC Championship rematch tomorrow! Score last minute tix here: http://t.co/kd8ZaI92
249170431821615104	positive	I took my boyfriend Best virginity last night in Club Bodi...it was her 1st time goin 2 the club EVER @smokers_lane HAPPY BDAY CHUM CHUM
248452744053141505	positive	Seeing @wyeoak AND Maya Rudolph cover Prince songs with @theroots tomorrow night. My mind is pretty much blown.
262619064000724993	negative	Temple, Drexel, Penn, NY SD, state of NJ - closed for Monday and Tuesday. Philly SD? Still thinking about it. #thatmakessense #noitdoesnt
210728919836528640	neutral	Cloud Computing: WHIPTAIL Talks Big Data & the Speed of Life at Cloud Expo - Soa Wolrd: The 10th... http://t.co/sYdr66M0 #bigdata #cloud
103786117303762944	positive	Opening today "The Inbetweeners" (15) 20.45 and Cowboys & Aliens (12a) 20.20 Remember it's Super Saver Day,so you... http://t.co/OpofihG
100032113952292864	neutral	Where is @Thee_LoLaMonroe going to be at tonight in Detroit?
240754976501149696	neutral	Ideal Home Show at Christmas - Earls Court 14-18 November, has partnered with ITV to bring Dancing on Ice to life at the exhibition.
206522422000746496	positive	@RonaNishliu Congratulations Rona for the 5th place in Eurosong contest. You deserve more than this<3
103263897712201731	positive	Show em what it isRT @Trujohnson2: Love it when scouts be at our Practice..  I counted 4 today..  Broncos , Miami , Philly , && Tampa Bay ..
264089234183438336	positive	@plumpyTM Getting my Xbox back tomorrow! Honestly can't wait! - My friends wants a competitive 3v3, see if Cole is up for it man!
100274052534501376	positive	@TomFelton Hope you win tonight Tom!  Your US and worldwide fans from @TomFelton_USA and @TFeltonChicago are cheering for u!
224187664352559106	positive	@DavidArchie Josh Bradley turns 23 tommorrow!! July 15.  Hope all is well with You!! Enjoying your music. Have some Halo-Halo!
263080341865132032	neutral	@LNT_music  is having a show nov 10th @ the House Of Blues friends or anybody HMU if u want to go Thanks :)
264213618093080576	positive	Turns out Olive Garden's dinner for tonight and tomorrow is more like dinner for tonight and later tonight.
263992145738870784	positive	Now it's November won't b long til Xmas music starts on VH1. Can't wait all day everyday
244671808803069952	neutral	My official bday weekend kicking off party Friday Sept 21st @ Club Bodi and going out with a bang Grand Finale @ ... http://t.co/ugKipl13
250692636330049538	neutral	@Alyoup005 @addicted2haley hmmmm  November is an odd release date if true but if it becomes big enough maybe she could sing it at Grammys
244707217130008576	positive	@youngmensociety See you guys on the 6th of October in Bathurst along with Stan Walker. Can't wait!!! :D
261081353636950016	positive	Andre Villas-Boas talking like there may actually be some truth to the stories about Adebayor wanting to leave :'''''''). Great signing.
249191033198497792	neutral	Just like the final shot in the the shining. Rembrandt may have painted John Belushi. http://t.co/VoJm25L7. #rembrandt #belushi
263422793998299137	neutral	Ghost of Mississippi The story of the ghost that tripped Eli Manning on 4th down that fateful autumn night in Oxford. #30for30
256765946616770560	positive	@Cavillafuertee Cav ! See you tomorrow sa SM Sta.Rosa !! :**
264226305665531904	neutral	AJ went to bed at 8:30 or 9:00 tonight. Kid was tired. There was no stopping it. Hubby and I sat and watched the stuff we usually watch...
263990056765751296	neutral	Have you ever forgotten to get a Valentine's present? Your chance at Feb 17 #bonjovi tix coming up! @benandkerryshow
231554887937310720	positive	Are there any Aussie Directioners from Canberra?? going there on the 12th of September would love to meet some More Aussie Directioners <3
250251320395710466	positive	Occupy Unmasked with Andrew Breitbart - Citizens United Productions http://t.co/ppVuF9K4 via @sharethis*hAPPY & CHEERY MONDAY!* LOL or NO???
264185956305883136	negative	I don't want to take ACT tomorrow. ):
263759722858041344	positive	At least it will make up for the SAT and the Gonzaga game
261717956667518976	positive	@indomienoodlez  May Allah grants us all our HRt desires n make us better prsns than the yrs before
263749149198020608	positive	CANT WAIT TO GO TO THE BULLS GAME SATURDAY! weeee my first game of the season and papa got me some killer seats!
263528965212356608	neutral	#LazyWeb Should I get up early and avoid giants fans on Caltrain or just work from home tomorrow?
232845999448670208	positive	@ATLHustlerClub so stoked! i'm going to the irving plaza NYC show on november 18th c:
255449898810494976	positive	Enjoying my 1st time on Caltrain - bikes on the 1st floor, passengers on the 2nd floor. http://t.co/QO2tAnKe
100197713467031552	neutral	ENough muslim countries lobbying in the us for today, i'm watching 'twilight saga: eclipse ' to better understand girls)))
260823238643433472	positive	looking forward to the judd apatow guest edited issue of Vanity Fair in January. Expecting lots of Lena Dunham, Paul Rudd, Leslie Mann, etc.
100170016875491328	neutral	Wonder if the Spurs shop got looted last night? #doubtit
233980700041302016	neutral	Video: AFP - Gaza's Hamas denies involvement in Sinai attack: Following the election of Mohamed Morsi in June, r... http://t.co/kKKYvqkH
105739077680250880	neutral	#UFC @JesseSeedath Yushin Okami isn't just Anderson Silva's opponent Saturday night - he's the only... - http://t.co/pRafGi5
236135470575263744	neutral	6 - Louis Saha is going to play for his 6th Premier League club, only Marcus Bent, Andy Cole & Wayne Routledge have played for more. Travel.
249238019574480896	neutral	@FantasyGaffer got a suggestion for a GK tomorrow that doesn't cost over 5.6 ?!!. I want to replace Krul.
264206494587834368	positive	Going to see Kendrick Lamar with @Pea_Starks in jan :D
263619698845941760	positive	Good luck to all my babies taking History and Physics tomorrow! May the force be with you! Make history!
263794845666136066	negative	Whitecaps vs the mighty Robbie Keane and LA Galaxy this Thursday, 7:30. Fuck training, hitting up @SinBin_Grill
100576061624041472	negative	RT @AdamSchefter at practice, Lions rookie RB Mikel Leshoure was carted off field today with a left leg injury. > Lions dropping like flies
262133995645583360	neutral	@dannychoo When Douglas Adams wrote Restaurant At The End Of The Universe, he may have had Japan in mind. #HHGTTG
263694340579274752	neutral	@KellyEstaLoca February 2, aka Groundhog Day, we can pull it off, right?
264131735443349505	positive	@_RonDonGQ damn brah it was good too! We play the Knicks tomorrow
260556380795183104	positive	Gabe Carimi called for his 2nd holding and 3rd in 2 games. But got lucky with offsetting calls. Its his first time facing DE Cliff Avril.
263487091659395072	neutral	PSN Tuesday: Assassin's Creed 3, Okami HD: You can buy all the Assassin's Creed you can handle on PSN today. Both... http://t.co/APdsC4ZI
263483410192932864	neutral	Delmar Johnson will interview about new release of book!  BOCI Talk Radio @ 10am CST on October 31st.  Listen,... http://t.co/L45qvLSi
100046838324928514	neutral	RT @TomCrowe: Why doesn't Obama just sign an executive order that declares the U.S. has AAA rating? I mean, c'mon?
255235361964425216	neutral	Mumford & Sons tickets for the extra London O2 Arena show on Dec 18th are onsale now. http://t.co/YouEGO2T #mumfords
222564506885308416	neutral	Dwayne Bravo and Darren Sammy will donate their match fees from the 3rd ODI to the wife of Runako Morton...!! #WI
264059754161266689	negative	This bitch @backyardbetty just put frog back on Lmfao throw back Thursday
100242643342196736	neutral	For Arsenal and Spurs' sake, let's hope the futures of Fabregas and Modric are sorted before Aug 31st.
264123783458197504	neutral	@At_One I'll be in Poland but back Sunday eve, catch you then!
212658260833079296	negative	Happy Valentine's Day is trending? ?? But... it's not even February?
262858301824458752	neutral	Liverpool looking to activate Demba Ba's 7m buy out clause with Andy Carroll going the other way in january
100333560778604544	neutral	RT @howardeskin: Steve Williams just threw Tiger Woods under the bus after win w Adam Scott today. After 33 yrs and 145 wins this is the ...
101060707134619648	positive	@andrewsikora The Tigers know it's a big game as well: resting Martinez & Alburquerque Monday and bumping Verlander.
251423271344553984	neutral	You may want to plan on getting a cup of coffee at Winans this Saturday! http://t.co/sq4yW0yr
200871887767736320	neutral	P&G shifts top executives to Singapore: SINGAPORE: US consumer giant Procter and Gamble (P&G) said Friday it wil... http://t.co/4TKp7C1b
226567105963757568	neutral	@25whitney if you don't by break time tomorrow that is my second team!   I would already have them if Gary Carter was in the set...
264015488504442880	neutral	i got 2 classes then im off going back to Greensboro. im heading to NY tomorrow
264169854049861632	negative	Tomorrow is last day for early voting in Nevada. I am not inspired to vote early. I don't like many of the choices. Most suck balls.
220510751935299584	positive	@AdHunter1984 love the Greenbrier team. Tipped two of them and possibly Harris English's biggest fan. May yet add him to my staking plan.
218954101881454592	neutral	@RBKD: This just in: Rui En joins Elvin Ng & co. in CLIF2, scheduled to air 18 Feb 12. Surprise?
253687315241779200	neutral	Tonight, Obama was the Buffalo Sabres and Mitt was the Dallas Stars. It may not seem right to the Sabres fans, but Dallas still won.
251601887701372928	neutral	@AudioVixen3 Wait I think I know who it is. I may be wrong but I swear in an interview one of you said you'd like to sing a Stan Walker song
263938647852732416	positive	HOLY SHIT JACK WHITE TOMORROW! When he plays seven nation army it'll be INSANE
264078531166863361	positive	@WardChanning Hey Channing Tony Provias from Aberdeen Hope you get a sack on Murray this Sat!!!
262908458918088704	neutral	Tampa Bay Buccaneers: Game-by-Game Predictions for 2nd Half of the Season - Bleacher Report http://t.co/oHPjlwbY
109030416631087104	neutral	Safe Mode with Networking - no internet: I am troubleshooting a BSOD in Windows 7 and may come back later with m... http://t.co/2gB8dMT
200319896125579264	neutral	@rioferdy5 Harold and the Purple Crayon, although it may be for slightly younger. And anything by Dr. Seuss is always quality.
111553068902006784	neutral	Why Verizon's 4G Limits May be the Droid Bionic's Achilles Heel - Gotta Be Mobile #verizon #phone
263469409409052672	positive	Nba is back !!!!' My main man jj starting at the three for Sacramento kings gets chance to show bulls even more of what they lost tomorrow
261228639482429441	neutral	TEAM NEWS: Moussa Dembele, Emmanuel Adebayor and Gareth Bale will all miss the game tomorrow against Maribor. #THFC
264048763537072129	neutral	Given up on work for the night, really CBA! Know I'll be able to concenttrate better tomorrow anyway. Plus I'd rather talk to @DJYuzi now!
249387244668985344	positive	Taylor Allderdice might just be wiz 2nd best mixtape
105211145501151232	negative	Still fuming at Everton shambles, at least the England Cricket team should cheer me up today #kenwrightout
103882059101126656	neutral	RT @tvdfansonline: Vampire Diaries Season 3 Scoop: Vicki Is at Odds with Anna - Today's News: Our Take | TVGuide.com - http://t.co/sX3bA3d
255804479130185731	positive	@mayhemmiller Nick Diaz is da Best! Smoke weed every day and drop out of school in 6th grade! Fuck Yeah!
263882641642778625	positive	@pauleyP best line ever as abby "he wears $3000 sun glasses & has Justin Beiber on his harddrive cant we arrest him for that?
103882367793504257	positive	Arm hurts like crazy Open house tomorrow and Church tonight!!!! I love them so much <3
252526969730789376	neutral	Went to see the psychedelic Sun Ra Arkestra last night at the Barbican Centre. #trippin
261596225969721345	positive	Rehearsal wedding for my cuz @Chico_A_Dusty83 going on at pro bowl... Big day is TOMORROW!
260201236182204416	322327245	neutral	Not Available
262758494845931520	neutral	Someone be sure to tell George Clooney to keep the Andrea Gail at the dock tomorrow.  Read @StuOstro: http://t.co/PwgbB8Ck
174621353574543360	neutral	Im trying out for the NFL Combine when I get out of college #youcanbelievethat
264039385417261058	negative	Do we really care about our kids future? Think about it: Education is the 1st thing cut from budgets on every level.
261873054760701952	neutral	Remember to RSVP for our FREE Writer's Workshop next Thursday with Rosanne Bane.  Rosanne is a Creativity Coach &... http://t.co/63zkIM3A
263963523669975043	positive	Higgins "Great experience for the young group and to meet with Premier League teams a real highlight" "Very young squad to play on Sat"
104713085306159104	neutral	RT @IndyStarSports: Colts owner Jim Irsay to donate $64,753 to @IndyStateFair victims fund. That's # of tickets distributed to tonight's ...
259347616238804992	neutral	If you're looking for the GS3 off contract, it hits MetroPCS next Monday - http://t.co/vLu16S8I by @Engadget
224821439717584898	negative	Not convinced by the Haye v Chisora fight @ Upton Park on Saturday.....personally I'd rather have seen Carlton Cole v Emile Heskey
263704806659592192	positive	LOL. So Haryana has a day off tomorrow because it's "Haryana Day".
258268292232396800	positive	@MyGoldMusic  can you play wah wah or bware of darkeness by george harrison tomorrow please :)
156387292737568768	negative	Jack Welch and Mort Zuckerman are always on giving 'wisdom'. Isn't their business style part of what made this mess in the 1st. #leansix
197826014984945665	negative	Tim Roth will be playing in a movie with Jean Dujardin. i .. can't .. ok, i may pass out now.
264123775761645568	negative	Anybody want 2 tickets to Jack White tomorrow at Ally Pally? Stuck in Matlock, can't make it. Contact me!
238317297377361920	positive	@IBGDRGN Today is our Chinese July 7th Valentine's day I hope you will soon find you that she wishes you to be happy  Happy Valentine's Day
239073797825781760	neutral	Feels Like Vegas In LA @Jalexanderfunny  @NormaRoyston Auditions in 4 SATURDAY!! Movie Called RAYMOND LEGENDS U will be shooting the TRAILER
235631351825575937	neutral	Nick was the 1st one pinned in the Elimination Chamber.
232415485512253440	positive	If @TheRock wins the @WWE Title at #RoyalRumble, then he would have to defend it in his 1st ever Elimination Chamber match.
107643335698690048	neutral	And here it comes! The main bout for the evening, Anderson Silva vs. Yushin Okami #ufcrio
258167495649816576	neutral	milkily handsome in the manner of a cinematically doomed first world war infantryman: @barneyronay on Michael Clarke http://t.co/YjzCCNjb
262311874106904576	positive	@lukeymoore Good luck tomorrow! I did it once. Big David James and Harry Redknapp started the race. They wore bomber jackets...
100379863038435328	positive	OMG I can't wait to see what Beyonce is gonna do at the VMA'S Sunday August 28th! http://twitpic.com/62q0w9
111359975405780992	positive	Its 2 AM & I have to wake up at 5:30 in the morning. To sleep or to keep watching Jersey Shore? TO SLEEP! nah, I think I'll stay up :D
252075399406833664	neutral	I can't help but wonder while at the Washington Monument why they didn't utilize the grounds to create a huge sun dial http://t.co/9ftNKtms
264190673769615360	neutral	@ESPNNFL: Rivers may have just entered CMon Man territory with that INT in the end zone -- #ChargerFansBooing why did that need a hashtag
261268694934630400	neutral	Tomorrow Night Thursday Oct 25!!! FIRST BLOOD TOUR Dubstep & Trap Halloween Party with MAYHEM!!!! Greensboro NC... http://t.co/LYXmUVVt
103670215459618816	negative	I really hate to think it, but the same type thing that's happening to Miami could happen to Alabama tomorrow.
100227834416599041	negative	Sam Loco Efe (Nigeria Nollyhood star) is dead.  We are still mourning Christy Essien now it is Sam Loco's turn. May his soul RIP. #jhub
238450110546202625	positive	Starts Friday night Irving plaza NYC me and @bteband touring with Chiodos <- stoked
261375537417711616	negative	@muterundumo good argument, however ITS A GAMBLE that won't pay off, worse still I think the constitution has a deadline of Dec 4th
243206953835323392	positive	Looking forward to facing Ms. Allysin Kay this Saturday in Petrolia!! http://t.co/Z6CBqYp1  come check it out!
262190619953356800	positive	@PurpleEndorphin: I WANT TANG JUN FOR CHRISTMAS. I want him on Valentines as well!!!
200460502860697600	neutral	@StewartStarlit - Ever hear Tamias live cover of the Winans "Tomorrow"
100469986849591296	neutral	Wilshere didn't play for Arsenal on Saturday and most papers report he's 'doubtful' for Newcastle. Why would there be an England 'row' ?
264244722271387648	positive	Proud of Aishwarya's French honour: Big B: Mumbai, Nov 2 (IANS) Megastar Amitabh Bachchan says he is proud that ... http://t.co/x5721z5E
100001250887741441	neutral	@ashaLadawn yeah, Imma be in vegas from 18th-23rd so I just want a dinner in dallas with friends
100503331952271360	neutral	Hmm.. Sby deh. RT @tujukutu: Kung Fu Panda 2 (in 2D & 3D, both with Indonesian subtitles) tentatively scheduled to open on Tues 16 August
100031690159820800	neutral	@claviusrobinsky am just going to be hanging at my mom's for the week. Ross arrives the 26th and we go straight to Vegas.
102432235105419265	positive	Who wants to go see @USAEaglesRugby beat Canada's Rugby team tonight in Glendale, CO? Send them off to the Rugby World Cup the right way?
256522858317111296	negative	if jenelle comes to the game tomorrow... I'll die #missherlots #itsbeentolong #mybaby
263924763423035392	neutral	@docbungle I may relent and get one myself, but I hope it doesn't come to that. Hopefully all the decent apps will get ported to android
107672029729263617	positive	Godfrey was kinda funny though on comedy central tonight.
258989016005873664	neutral	@MlleSorbet Which one are you there for ? @NoReinsGirl myself and some friends will be at the SA game going to Twickers town for drinks 1st?
246684751505801216	neutral	Drew Peterson is no longer #Untouchable! Tune in for the Lifetime Original Movie Sunday at 7/6c on @lifetimetv: http://t.co/jNmCSInh
108125185902776320	neutral	RT @Lucirmas: Time for #MusicMonday.. Today's choice is PJ Harvey - In the Dark Places, for the album Let England Shake http://t.co/MjGI ...
213837102910152704	negative	@XochilihcoX C'mon Leo where's Endymion....... Or Amsterdam I know he likes Amsterdam. those songs are shit compared to the ones i put
261506689935753216	positive	Listen in Hour 2 for an expansive interview with poet Frank X. Walker who present his works at Murray State on November 1.  #soundsgood
261756309689483266	positive	Harry Redknapp 2nd favourite at 7/4 to be next blackburn boss!! venkys please make this happen!!!! #makeredknapparover
215954116860592129	neutral	Reminder noon tomorrow is the deadline to register teams for the Kickball Tournament at the $120 rate. Price increases to $150 after Friday
256191105102659584	neutral	Derrick Williams and the Stiemer enter the agme for Pek and Klove late in 1st quarter with Wolves leading 18-15
260232337051230208	positive	Chick in my class said Flacco is the best QB in the league. 1- why is a chick talkin football. 2. I cant wait for class tomorrow lol
260905094533500928	positive	#stAte is giving #ULOL the business...long pass play from Aplin to Jones - Red Wolves up 20-0 2nd Q #SunBelt
262072861982859264	neutral	Someone should come with me November 9th to see Romeo Santos meet&greet at Fye at 6 pm at downtown (:
249899808607842304	positive	I'm supposed to sleep now because of work tomorrow but Sen. #Johnny Enrile's life is interesting it's keeping me awake
264165914633715712	positive	They are truly changing the world One Life At A Time. If you're in Mesa, AZ tomorrow come join me and my friend @CollinRaye for a fun night!
102946589009657857	positive	As good as the fights were tonight I'm glad this one is over. One day closer to seeing Anderson Silva clown a massive Asian man #spidersense
