20020507_17.55.10-20068-20	neutral	Elaborating further on the boycott, Ramdas said the NGOs will not hold any dialogues, send any memorandums or complaints to Suhakam.
20020424_21.45.56-26903-5	neutral	Other industrial sectors posted output increases of 0-7% in annual terms.
20020121_21.31.10-15710-11	neutral	Accompanying the president at the Khrunichev centre are Deputy Prime Minister Ilya Klebanov, deputy chief of Presidential Administration, Sergey Prikhodko; chief of staff, Anatoliy Kvashnin, presidential assistant, Yevgeniy Shaposhnikov, Deputy Defence Minister Aleksey Moskovskiy and Space Forces Commander Anatoliy Perminov.
20020118_21.15.18-84-12	negative	"It violates the rule of law."
20010907_00.16.28-8800-32	negative	It was due to this isolation that America, in spite of discrediting [undermining] the Kyoto Protocol and declining to comply with the Bonn Conference [resolution], was forced to at least make a promise to cooperate in preventing an increase in air pollution.
temp_fbis_20.53.10-15177-11	neutral	It said that about 487,093 fruit trees were uprooted during the second half of last year and 32,000 donums of agricultural land were bulldozed.
20011113_20.27.12-885-23	positive	The Argentine Government wants fresh funds in order to reschedule its debt, funds that could come from the International Monetary Fund or the US Treasury itself.
non_fbis_08.09.29-13319-27	neutral	He said "history will judge" how Mr. de la R? administration would be seen.
non_fbis_05.20.33-11163-31	negative	I mean, there's nothing that's  visible at all to us in the outside world.
20011111_20.31.28-6696-10	neutral	Khatami is currently in New York to attend a special session of the UN General Assembly on 'Dialogue Among Civilizations' to have an international convention on the theme approved.
20020328_21.19.21-15525-6	neutral	Mbeki and Obasanjo have given the duo three weeks to come up with a solution that will help bridge the rift between the two political parties and arrest the deteriorating political and economic crisis in the country.
non_fbis_16.01.33-12919-40	neutral	China is also working on programs for Chinese  cosmonauts to fly to the Moon, as well as a space station.
20010916_21.24.32-9824-14	neutral	The navy vessel escaped serious damage or casualties.
20011003_21.57.16-1319-5	neutral	The most prominent form of such attacks is sea jack for ransom.
20020213_20.55.56-1089-4	negative	Police stressed they had stepped up farm inspections across the region of Campania amid heightened concern over illegal slaughtering practices in the wake of Italy's first suspected case of vCJD - the fatal brain-wasting human form of BSE.
non_fbis_07.52.36-18982-44	neutral	They  include Ayman al-Zawahri, the Egyptian Islamic Jihad leader who  is Bin Laden's close adviser and personal doctor.
non_fbis_10.12.58-29108-1	neutral	Forget space shuttles, orbiting telescopes, and more robotic  rovers on Mars.
20020208_20.37.23-17648-5	neutral	The failure of the US-made Israeli war machine to settle this unequal battle became clear in the farcical-yet-provocative, statements made by the Israeli minister of defense now present in Washington.
20020122_20.32.32-8613-0	positive	Spanish daily urges caution in judging USA's treatment of suspects
20020320_11.38.42-28823-8	neutral	Boyce, along with 12 members of the American Chamber of Commerce (AmCham) in Singapore, earlier met with President Megawati Soekarnoputri and Minister of Trade and Industry Rini M. Soewandi.
non_fbis_12.22.23-26451-38	negative	The opposition leader has been  accused of trying to assassinate Mr. Mugabe.
20011224_21.09.23-6361-11	neutral	He added: "We have not detected any signs of interference and we do not believe that the seals of the holds have been interfered with.
non_fbis_08.46.28-13637-55	negative	In the richest irony of  the war on terrorism, the Department of Defense, which normally  goes out of its way not to make news, caused an international  outcry by releasing still shots of detainees being brought to  Camp X-Ray.
20011130_12.36.18-4189-25	neutral	It mainly requires the joint effort of industrialized nations to resolve global warming.
20011208_20.31.54-28680-7	neutral	One of the main US diplomatic goals for this year is to persuade the international community to accept the NMD and Russia to agree to revise the Anti-Ballistic Missile Treaty [AMD] by flashing a carrot on a stick.
20020418_21.37.20-19607-0	neutral	The Zionist and US administrations have the illusion that they succeeded in defeating the Palestinian people and their valiant intifadah.
20011108_21.44.41-4066-1	neutral	The Czech Republic is the first country of the Visegrad group to have completed the ratification process.
20010906_12.55.04-23296-17	neutral	Neyts noticed this while reading the local press in Kenya, where she has recently been on a holiday, and in Morocco.
20020206_20.23.00-9795-1	negative	It was written, the episode was broadcast live, and there was no way that those words from the president of the Republic were adulterated, deformed, or falsified by the hidden agents of the media conspiracy.
non_fbis_08.15.19-23507-18	positive	But that ambition would be fully tested at the ballot box this  weekend.
non_fbis_11.08.55-4179-29	neutral	On rare  occasions, Cuban defectors get there by swimming through  dangerous waters or by traversing a Cuban minefield.
non_fbis_08.46.28-13637-131	negative	They're undermining everything we're  trying to do."
20011116_20.44.27-28756-26	neutral	An example of this is the simple presence or aging of forests.
20011114_20.42.07-7434-7	positive	Marx understands "the importance of the menu" for gaining the creditors' good will.
20020320_12.04.49-21742-40	neutral	But the solution to the present impasse lies with the people of Zimbabwe and Africa, not with the people of Britain and Europe.
temp_fbis_20.45.06-5529-8	negative	The U.S. administration led by President George W. Bush rejected the Protocol early last year and recently announced a new policy on climate change which aims to reduce greenhouse gas emissions relative to Gross Domestic Product or economic activities.
20020127_20.20.54-21851-1	negative	PAS President Datuk Fadzil Noor said PAS did not agree to such treatment of the Taliban and Al-Qaeda soldiers as they were prisoners-of-war and should be accorded treatment as provided for under the Geneva Convention and in line with Basic Human Rights.
20011016_22.25.44-26373-17	neutral	Predominantly Muslim Malaysia supports the US hunt for terrorists but opposes the attacks on Afghanistan.
20011127_21.30.32-24917-1	neutral	This is one of the provisions of the federal programme Energy-Efficient Economy that covers the period from 2002 to 2005 and sets guidelines until 2010, the Government Information Department reported on Tuesday [27 November].
non_fbis_08.09.29-13319-43	neutral	But Mr. de la R?sitated, and instead declared a state of  siege, which failed to bring peace.
20020315_20.21.54-4382-33	negative	These prisoners have been placed in inhuman conditions and the reason for keeping them on this island is that US law does not apply there.
20020119_21.10.42-27754-9	negative	What is clear is that Argentina's paralyzed economy was unable to tolerate the government's hardline policies, which finally resulted in the situation that we are witnessing today.
temp_fbis_20.41.29-25820-1	neutral	While mankind has unquestionably become more civilized with respect to "humanitarian treatment for POWs" today on the basis of the principles in international law in comparison with ancient times when POWs were slaughtered or enslaved, we should watch out for the possible regression in this regard.
20020318_20.48.00-11907-25	neutral	The panel was scheduled to meet in London on Tuesday.
temp_fbis_20.57.35-19171-12	neutral	The aim is to lower polluting emissions from 183 tonnes per million dollars of GDP to 151 tonnes in 2012.
non_fbis_12.19.24-26050-5	negative	"These are people that inflicted terrible death and pain on  people on this continent, at the World Trade Center in New York  and in Washington," he told reporters.
20020419_21.47.55-9546-23	positive	Probably this is the major reason why the United States is happy to see a change of government in Venezuela.
20020315_20.22.38-4806-13	neutral	The article conveyed that the Foreign Minister of Germany, which leads the European Union along with France, said, "The formation of an international anti-terror alliance does not mean it can do anything."
20020204_20.22.56-6451-4	negative	No figure has been provided by Washington nor demanded by Islamabad, but a fairly large number of these dehumanised detainees are believed to be Pakistanis.
non_fbis_06.44.52-19992-118	neutral	Fleet Hospital 20 has nine patients today.
20020111_21.00.52-4729-7	negative	It does not, of course, guarantee success at the polls -- or even solidarity in the campaign.
20020125_20.18.05-14490-2	neutral	"We are not protesting the effort to fight terrorism but we feel that the Taliban and al-Qaeda detainees are war prisoners and they are subjected to the Geneva Convention," he said.
20020122_20.36.01-11616-43	neutral	Consequently, evidence will be accepted that "a normal person" deems to have the value of evidence.
20011107_16.03.28-26714-5	neutral	Its launch will be carried out by a modernized Soyuz-FG booster designed and manufactured at the Progress aerospace centre in Samara.
non_fbis_08.35.40-23372-11	neutral	But some analysts are  concerned that Duhalde will follow it up with a return to the  protectionism and failed policies that dominated the country's  economy for half of this past century, until ex-President Carlos  Menem changed course last decade and ushered in an era of  stability.
temp_fbis_20.34.33-18786-3	neutral	Between now and 2008, the government's environmental initiative will be given concrete form in a report to the Storting this spring, in which an early quota system will occupy a central place.
20011108_21.52.21-20248-14	negative	China has repeatedly said it is "a victim of terrorism" in Xinjiang, which borders Afghanistan, and there have been reports of Uighur activists being rounded up following the September 11 attacks.
20020316_20.35.03-16511-7	neutral	The army swore allegiance to the "father of independence," regardless of the verdict at the ballot box.
20011127_21.22.54-17837-6	neutral	Judging from a few texts that De Standaard was given access to, the documents seem to be related to the Israeli Kahan Commission.
20020223_20.53.55-17301-19	neutral	A Ta Kung Pao editorial pointed out that obviously Bush did not make these remarks out of courtesy to the hosts, but that development and changes in China did indeed leave a deep impression on Bush and his party.
non_fbis_12.44.14-20223-1	neutral	AFTER SPENDING months in frigid Afghanistan caves subsisting on  Allah knows what, the 158 detainees the United States is holding  in tropical Guantanamo Bay must think they've died and gone to  heaven.
20020210_20.41.16-27812-6	negative	America has not seen such a bellicose president since Ronald Reagan, who, in 1983, referred to the Soviet Union as the "evil empire".
20011230_21.17.41-25537-7	negative	The tale today is all the more bitter as it began with such euphoria.
20020129_20.27.21-24397-21	negative	All of that stands in brutal contrast to the 1970's, the decade of the petroleum boom, when Andres Perez was the "socialist Little Father."
20020125_20.18.05-14490-4	negative	The memorandum of protest came a day after Prime Minister Mahathir Mohamad criticised the treatment of the detainees.
non_fbis_15.05.17-7881-8	neutral	It slightly resembles of these rotating glass balls  which are usually used in disco clubs.
temp_fbis_21.10.31-12974-89	neutral	That is why carrying out a project and reducing emissions in Russia is far cheaper than in most developed countries.
non_fbis_11.30.45-27115-33	neutral	Leeward is left to the single functioning air  strip, some Marines and overnight flight crews.
non_fbis_08.46.28-13637-102	neutral	In addition to the aforementioned amenities, detainees also  receive two towels, a Koran, a shortened toothbrush (still long  enough to file into a shiv), a canteen, a bucket of water,  fluoride toothpaste, and shampoo.
20011130_12.07.32-18094-2	neutral	One such measure was a directive issued on 23 November concerning the creation of military courts for trying immigrants and foreigners suspected of involvement in terrorist activities.
non_fbis_15.26.56-25086-5	neutral	Finally, the document stresses the  importance of the Pilot Program for Protection of Tropical  Forests (PPG-7) and German participation in the program.
non_fbis_15.26.56-25086-2	positive	Brazil and Germany also call on  other countries to ratify the protocol and work to enforce it.
20020320_11.58.59-16532-10	neutral	"Bush cannot conduct himself in an upright manner and he speaks insincerely!"
20020217_20.42.51-22299-0	negative	TOKYO, Feb 17 (AFP) - Some 300 people demonstrated in Tokyo Sunday against US bases in Japan and the US military campaign in Afghanistan ahead of President George W. Bush's arrival for an official visit.
20020522_22.34.49-13286-3	neutral	He  proposed to Gazprom to participate in a tender for the  privatization of petrochemical companies in Romania and also to  consider that country "as partner for supplies of oil and gas  equipment to Russia," the press release said.
non_fbis_08.03.05-5625-3	neutral	Some say the monetary fund showed callousness by failing to give  new aid to Argentina early this month, as the country's economic  program, designed with I.M.F. approval, was forcing painful  austerity measures on its citizens.
non_fbis_08.54.02-18235-32	neutral	Noting that Charles Lindbergh's record-breaking trans-Atlantic  solo flight was a response to the offer of an aviation prize, he  adds that within six years of that flight, commercial passenger  flights became common.
20020315_20.21.54-4382-20	neutral	The Middle East and many countries of the Third World were part of the plan.
20020415_21.31.55-5725-1	neutral	They were evacuated to Jerusalem's Hadassah-En Kerem Hospital.
20020212_20.42.04-19290-60	neutral	Hence, when investors saw that the dollar was trading at between 1.9 and 2.3 pesos, they began selling off their shares to make as much profit as they could.
non_fbis_15.36.10-18917-11	neutral	Chavez was brought back to the Venezuelan presidential palace  early Sunday by helicopter from a Caribbean island where he was  detained after the coup and thereafter resumed his functions as  president.
20011121_21.21.46-15196-10	neutral	The territory spent 8.7 billion dollars looking after them.
20020316_20.35.03-16511-21	negative	Either the absence of democracy in Africa is no longer any more of a problem for Europe than the lack of development, or it is time to get serious about "good governance" as a condition for aid.
non_fbis_08.40.56-18707-4	neutral	Russian  security forces in Chechnya have "demonstrated little respect  for basic human rights and there were credible reports of  serious violations, including numerous reports of extrajudicial  killings by both the government and Chechen fighters," the  report said.
non_fbis_07.29.33-28852-1	neutral	HARARE, Zimbabwe Wellington Chinyama sat down in a barber's  chair, unfolded his newspaper and without glancing up asked the  young man trimming his hair the question that seems to be on  virtually everyone's mind here: "So Joseph, have you prepared  yourself for Zimbabwe's civil war?"
20011124_20.49.56-27748-20	negative	"Misuari is not just any lawbreaking person," Lecaros said.
non_fbis_14.06.39-26143-17	negative	"For the U.S. military to treat the prisoners any differently  might very well imperil American lives," reads the editorial.
20011210_20.21.48-16389-6	neutral	Whereas his approval rating reached 84 percent and his disapproval rating reached 11 percent in April 1999, both ratings crossed one another at 46 percent in August of this year.
20020221_21.03.13-21992-12	positive	He voiced his gratitude to Bush for "having honored his commitment" made to Taipei before the Asian trip, which also took Bush to Japan and South Korea.
non_fbis_11.08.55-4179-32	positive	Some Washington diplomats consider giving back  the land a potential carrot for negotiation with a democratic  Cuban government.
non_fbis_08.46.28-13637-52	negative	It's understandable if public affairs types are a little testy.
20020122_20.36.01-11616-47	negative	There also seems to be a difference among the foreigners: In all likelihood, captured British fighters will be sent to Britain after questioning.
20020513_21.31.14-23484-6	neutral	In the near future, the ministry added, more kinds of such drugs including Nevirappine, Afaviren and Abavir will be available.
temp_fbis_20.45.06-5529-4	positive	The ! Korean government is of the view that in order for the U.S. initiative to be discussed in more detail in future international fora, greater elaboration is needed, including concrete methods to establish the levels of greenhouse gas intensity, it continued.
20011108_21.52.21-20248-18	positive	However despite previous discussions "I haven't had as much progress on individual cases as I have wished to," she added.
non_fbis_08.54.02-18235-5	neutral	The latest "tour-o-naut" to buckle up and place his  tray table in the upright, locked position is South African  venture capitalist Mark Shuttleworth.
non_fbis_08.05.55-10723-13	negative	Javier Solana, the European Union foreign policy chief, said  that despite the Sept. 11 atrocities, "changing our values and  our way of life would be terrorism's first victory."
20020106_20.26.14-23928-5	negative	By clarifying the Imam's edict the Islamic Republic of Iran made the people of the world understand that insulting the Prophet was in fact violating the rights of millions of people throughout the world.
20011210_20.21.48-16389-18	positive	Popular support for [Caracas Mayor Alfredo) Pena climbed from 5.5 to 16.8 percent."
non_fbis_06.29.16-13721-34	neutral	"This will be a big deal down there for at least two  years, guaranteed," says Army Lieut.
non_fbis_08.14.55-18533-1	neutral	WASHINGTON, Jan. 10 - A C-17 Globemaster cargo plane carrying 20  heavily guarded Taliban and Al Qaeda prisoners left a Marine  Corps base in southern Afghanistan today on its way to the  United States naval base at Guantanamo Bay, Cuba, the first wave  of hundreds of detainees who will be held there.
20011130_12.36.18-4189-21	neutral	The amount of greenhouse gases emitted by most developing nations in the past several decades only represents a small fraction of the total emission.
20011220_21.22.09-18839-35	neutral	CONSTRUCTION
non_fbis_06.25.38-22700-0	neutral	Navy Officer Balances Religious Responsibilities
temp_fbis_21.10.31-12974-78	neutral	Facts
temp_fbis_20.41.29-25820-36	neutral	Therefore, on the issue of defining these prisoners' "status," the United States must test the attitudes of the international community, especially the attitudes of European countries.
20020202_20.37.54-21168-39	neutral	The amount of money issued thus winds up being a function of these variables, not a target in itself, so that monetary policy can be used as a tool for promoting economic recovery.
20020218_20.45.17-5753-15	negative	Angry anti-US protests erupted in Seoul ahead of Bush's arrival with police storming the American Chamber of Commerce and detaining 32 students occupying the building.
non_fbis_11.09.24-151-32	positive	He  urged supporters Saturday to vote despite government  intimidation.
20020207_20.23.04-14788-48	neutral	"The Armed Forces of the Bolivarian Republic of Venezuela order all military personnel that is presently carrying out civilian duties to return to their respective units to carry out their corresponding military duties."
non_fbis_06.12.31-26764-9	negative	One can name more than a dozen countries which are  contemplating the acquisition of mass destruction weapons at one  speed or another.
non_fbis_08.21.04-13527-9	neutral	The proposal is criticized by environmentalists as ineffective  for solving global warming and warn that under the plan U.S.  greenhouse gas emissions will continue to rise.
20020207_20.23.00-14747-14	neutral	Nevertheless, he does not rule out the possibility of going to the National Assembly and presenting a report if this is decided.
temp_fbis_20.20.10-3414-4	neutral	The report quoting data from the Christian Science Monitor, points out that the murder rate in the United States is 5.5 per 100,000 people.
20020507_22.11.06-28210-12	negative	Mr. Mugabe acknowledged the country's agricultural problems last week, declaring a "state of disaster" brought on by drought and sabotage by white farmers.
20020203_20.47.22-10067-3	neutral	Does an "axis of evil" really exist in today's world?
20020205_20.41.01-8736-24	negative	After he set forth the "Axis of Evil" theory in his State of the Union speech, Bush met with increasing attacks from the international community.
20020507_22.11.06-28210-0	negative	HARARE -- Opposition leader Morgan Tsvangirai has accused Zimbabwean President Robert Mugabe of deliberately withholding food from some areas of the drought-ravaged country as punishment for not voting the correct way in March's election.
20020405_21.35.14-9737-7	negative	The Israeli army has also strongly denied reports about an assault on the Cathedral of the Nativity in Bethlehem, which allegedly began recently.
20010913_23.01.07-15764-1	neutral	Dushanbe, 13 September: Representatives from Russia, Iran, India, Uzbekistan, and Tajikistan discussed giving aid to the Afghan Northern Alliance at a closed-door meeting in Dushanbe on Thursday [13 September], a diplomatic source told Interfax
20011107_16.03.28-26714-2	neutral	The Proton to be launched on 23 November will put a satellite into orbit for the Russian Defence Ministry's needs.
non_fbis_15.08.17-13301-5	neutral	Russia pioneered space  tourism in April, 2001, when the Californian millionaire Denis  Tito was taken to the ISS for a ten-day space trip.
20020128_20.46.06-8042-8	neutral	In May 2000, "Taiwan independence" activist Yao Jiawen claimed in Tokyo, Japan that the Taiwanese authorities instructed its "Foreign Ministry" to change the English translation of the "People's Republic of China" on passports to "Taiwan," and name all overseas agencies "Taiwanese" agencies.
20020220_20.47.21-9712-7	neutral	Prime Minister Koizumi aligned himself and established a distinct cooperative stance in response to the President who has displayed unrelenting resolve and confidence in "fighting terrorism," in declaring: "The expression, 'Axis of Evil,' reflects the resolute determination of the United States to deal with terrorism.
non_fbis_08.27.54-12647-5	neutral	Pedro Carmona Estanga, the head of Venezuela's most important  business association, was installed as interim president at a  ceremony at 6 p.m.
non_fbis_06.44.52-19992-88	neutral	That's a technique across correctional  facilities in the United States."
20020507_18.02.46-24802-15	negative	So, why do Rice and the US Administration launch campaigns against, and interfere in the affairs of, the Palestinian leadership?
20020320_20.36.59-7133-24	neutral	These UN Conventions are the Treaty on Principles Governing the Activities of States in the Exploration and Use of Outer Space including the Moon and Other Celestial Bodies 1967 (Space Treaty 1967), the Convention on International Liability for Damage Caused by Space Objects 1972 (Liability Convention 1972), and finally, the Convention on Registration of Objections launched into Outer Space 1974 (Registration Convention 1974).
temp_fbis_20.41.29-25820-3	negative	It is reported that the US Armed Forces are regarding the captives interned in Guantanamo as dangerous terrorists and Islamic Muslims.
temp_fbis_21.39.02-16166-9	negative	US activities, meanwhile, show no sign of promoting the universal values of democracy, human rights and peace.
20020111_21.05.06-7601-2	neutral	Following the formal ratification of the Kyoto protocol by all the parliaments of the concerned countries, that protocol will become equivalent to a Belgian law.
temp_fbis_20.57.35-19171-27	neutral	Carl Pope, the director of the Sierra Club, considers for his part that the Bush Administration "is sticking to the polluting policies that the energy industry asked for rather than taking the sensible steps that can protect our health."
20020311_21.42.46-13715-5	negative	Russia is accused of the "excessive use of force" against Chechen separatists, of "injudicial" shootings and arrests in Chechnya.
20010914_22.04.48-17941-4	neutral	This is because the Palestinians were, and still are, hoping that the Americans would realize, if they have not already realized, the justice of the Palestinian cause and the enormous injustice suffered by the Palestinians, who were expelled from their homeland, whose land was occupied, and who were deprived of the minimum political and human rights.
non_fbis_11.11.15-6639-4	neutral	This grand bargain to uplift the world's poorest continent would  have been in jeopardy if Thabo Mbeki, south Africa's president,  and Olusegun Obasanjo, Nigeria's president, had not agreed to  suspend Zimbabwe from the 54-nation group of former British  colonies known as the Commonwealth.
20020521_22.21.24-5526-0	neutral	TIRANA, may 21 (ATA) -- Parliamentary Commission on Electoral  Reform is now complete with all members that are to represent  parliamentary parties.
non_fbis_06.29.16-13721-28	neutral	That may be so; unfortunately, as Amnesty International has  pointed out, under the Geneva Convention the Pentagon has no  business making such a determination.
non_fbis_11.11.15-6639-11	negative	Many of the continent's other governments found  little fault with the way Mugabe ran the election, despite  overwhelming evidence of voter intimidation and manipulation of  polls.
20020315_20.22.38-4806-18	negative	Bush's dogma astonished the world.
20020221_21.03.19-22060-9	neutral	"The position of my government has not changed over the years," Bush said.
20020403_20.58.08-21315-3	neutral	No immediate report of casualties was available, but the police reportedly managed to herd the students away from the embassy gate.
temp_fbis_20.41.29-25820-42	negative	The core issue is whether the Taliban and al-Qaeda members are "POWs" or "unlawful combatants."       Avna Kidlon [name as transliterated], senior policy advisor to Amnesty International, said: "The status of the detainees is an issue concerning their life or death.
non_fbis_08.03.23-18607-7	negative	The one thing the climate policy would not do is require  anything of anybody, sticking with the position Mr. Bush has  held for more than a year on the climate issue: that firm limits  on the so-called greenhouse gases would drag down the economy.
20020128_20.46.06-8042-19	neutral	In his 2001 New Year's speech, he proposed the ambiguous "conformity theory," which takes the tone of unification but promotes independence in nature.
20020212_20.42.04-19290-48	neutral	In a session that traders described as "wait and see," trading volume hit 32.6 million pesos.
20020211_20.31.22-12363-1	neutral	Coast Guard officials said the vessel, Triumph Kaohsiung, sank at around 11:30 p.m. at a point about 110 kilometers west of Goto islands in western Nagasaki Prefecture.
20020303_21.09.29-14261-13	positive	But proposals involving a timetable for the imposition of post-election sanctions put forward by Canada's Prime Minister Jean Chretien to the leaders' retreat provided the first sign of a possible breakthrough.
non_fbis_12.09.12-23643-29	negative	This week,  Sydney's Sun-Herald said he was not a traitor but "a naive,  patently stupid young man who chose the wrong heroes."
non_fbis_17.58.35-21375-4	negative	Earlier this week some 50 Israeli army officers were reported to  have been on strike and refused to attack Palestinian ruled  areas in protest of the occupation policies of the Zionist  regime.
20020507_17.55.10-20068-26	neutral	According to Ramdas the NGOs will meet again after the 100-day period to review their position.
non_fbis_06.21.24-4640-5	neutral	They have even  demanded upgraded accommodations, seemingly forgetting that  these are the leaders of a worldwide terrorist organization who  have repeatedly vowed to kill innocent Americans through war or  terror.
non_fbis_16.23.04-4326-17	negative	Rock-throwing youths responded as the rally wound  down.
non_fbis_10.35.30-7542-6	neutral	"The Taiwan issue is the most important and sensitive issue at  the core of Sino-US relations," she said at the biweekly  ministry briefing.
non_fbis_09.11.12-16761-8	positive	"We will urge there be no provocation.
non_fbis_08.14.55-18533-16	neutral	No one was injured and the identify of the  snipers remained unknown tonight, military officials said.
non_fbis_11.09.24-151-15	positive	"They are supporters of the opposition," he said.
20020322_21.03.06-12522-2	neutral	He was detained in March 2002 once again.
20011211_20.59.09-4817-2	positive	Noting that President Chen Shui-bian has on many occasions expressed goodwill to mainland China, Tsai said so long as Beijing leaders can carefully mull the significance of Chen's statements on cross-strait affairs, particularly the "one China" issue, there should be opportunities for the two sides to resume talks.
20020314_20.27.25-21759-11	negative	Palestinian territories remain under occupation and the political process that was launched in the early 1990's to end it has floundered.
20020509_22.11.01-7259-11	negative	Sachs also addressed the exacerbating condition of the AIDS pandemic in China, saying that China had the technical ability to control AIDS infection, but still needed a comprehensive strategy, including local surveillance network, increasing government subsidiary and free medicine for the poor.
non_fbis_08.11.35-9355-4	neutral	The strike is later made  indefinite.
non_fbis_08.10.09-13801-6	neutral	"I had also some  personal things to deal with."
20020205_20.41.01-8736-31	negative	At the annual meeting of the World Economic Forum held in New York, NATO Secretary General George Robertson said that in charging Korea, Iran and Iraq with so-called "Axis of Evil", the United States must produce evidence.
20020131_20.58.51-26741-5	negative	Soon after the meeting, the ministers said Sadc would not accept or participate in any form of sanctions on Zimbabwe by the EU or Commonwealth.
20020301_20.57.02-23111-12	negative	It is also the United States that has placed the international situation in such a complex state and is going haywire to dominate the world.
temp_fbis_20.46.47-22286-0	negative	Islamabad, March 6, IRNA -- Leading Pakistani defense analyst Hameed Gul on Wednesday rejected this year's US State Department report on human rights, saying it was "a pack of blatant lies and propaganda."
temp_fbis_20.53.10-15177-32	neutral	He referred to the legal cover and protection settlers enjoy, and the encouragement this gives them to continue their aggressions.
temp_fbis_21.31.45-20536-12	neutral	Many had disappeared without trace.
20020320_12.03.37-20669-27	negative	Critics of the land reforms say the measures have also aggravated a food shortage in Zimbabwe that threatens to worsen because of drought.
non_fbis_15.29.53-18099-4	negative	Once again, the governing class of a South American country has  proved itself utterly unable to come to terms with the needs of  the population, basically because it has become removed from the  reality of the country.
non_fbis_06.44.52-19992-54	neutral	For lunch, it's  pasta or vegetable stew, dry cereal including Froot Loops, a box  of raisins, two granola bars, a bag of chips, and bag of peanuts  and water.
20010620_13.40.05-15087-0	neutral	The Kimberley Provincial Hospital said it would probably know by Tuesday whether one of its patients had Congo Fever.
non_fbis_08.46.28-13637-37	neutral	And  we can go only where the officers take us.
temp_fbis_20.57.35-19171-13	positive	To encourage industry and consumers to demonstrate environmental public spiritedness Mr. Bush proposes tax incentives of $4.6 billion for the adoption of renewable sources of energy.
20020315_20.22.38-4806-23	negative	It seems to be the first time that the European countries have reached such a consensus that they cannot wholly agree with the United States.
non_fbis_08.36.15-7509-6	neutral	The future of the protocol, which sets targets for all countries  in an attempt to cut pollution, will be decided this year at a  meeting in Johannesburg.
non_fbis_08.09.29-13319-31	neutral	The lower loan amounts would  benefit individuals whose income is expected to decline by 30  percent to 50 percent in a peso devaluation.
20020322_21.05.41-14545-66	positive	It is a legitimate struggle which Mugabe cannot dismiss as a Western imperialist ploy because its demands are clear and unambiguous: a more democratic system of government, a more democratic framework for conducting elections, an expanded Bill of Rights and so on.
20011210_20.40.44-4958-5	neutral	He said the Kingdom is now part of that increasing global spending on CRM, which is projected to hit the $10 billion mark by the year 2005.
20020320_11.38.42-28823-2	neutral	"We take seriously the government's responsibility to protect Americans -- not only Americans but also other foreigners in Indonesia.
20020414_21.17.08-16542-11	negative	The Palestinian people and the entire Arab World are waiting for a proof that international law protects human beings in general regardless of their color, ethnicity and religion.
20020320_11.38.42-28823-11	neutral	The delegates include Tan Hup Thye from Refco Singapore Pte Ltd., Stuart Dean of GE International, and Edward Gilbert of Merrill Lynch (Asia Pacific) Ltd.
non_fbis_14.06.39-26143-13	neutral	A tribunal, formed by the United Nations, must  address the issue of these captured fighters and determine how  they will be dealt with."
20020301_20.57.02-23111-21	negative	In order to add credibility to the US imperialist war maniacs' conspiracy, they did not forget to label our country as the number one country in WMD and ballistic missiles sales and concerned technology sales that were already mentioned.
20011112_20.33.31-29984-19	neutral	Nevertheless, according to the researcher from the UNAM [National Autonomous University of Mexico] Economics Department, Angel de la Vega, since the Fox administration does not have the security of a fiscal reform available, it cannot be ruled out that Mexico might collaborate with OPEC in the event of a more serious reduction in oil prices.
non_fbis_06.44.52-19992-115	neutral	While she sees the detainees as patients, she allows that  they're not "regular patients."
20011210_20.40.44-4958-11	neutral	It consists of the use of direct-to-customer channels, through mainly e-mail and the World Wide Web (WWWW), along with other emerging technologies such as WAP.
non_fbis_06.44.52-19992-20	negative	"It must be freaky," chimes in her colleague.
20020505_21.59.17-14271-3	neutral	I'm ready to go back," Vittori told Italian general Mario Arpino during a telephone call shortly after the Russian Soyuz space capsule made its touch-down in Kazakhstan.
20011116_20.44.27-28756-39	negative	Even the United States, which declared for its own reasons that it did not intend to ratify it, has been giving indications that it will adopt domestic measures using concepts capable of being harmonized with those set forth in the protocol.
temp_fbis_20.46.58-22510-0	negative	["Opinion" U.S. Human Rights Claims Only Empty Rhetoric]
non_fbis_12.16.50-28640-22	negative	"This is a slap on the wrist for Mr. Mugabe.
20020421_21.33.09-24778-1	neutral	The meeting which will bring fifteen European Union (EU) members countries and twelve Mediterranean countries together will be held in Valencia and start on Monday.
20020211_20.26.52-10078-2	neutral	Scientists will evaluate available dioxin-related research results and define present requirements for further research.
20020204_20.22.56-6451-12	negative	Incidentally, another 325 Pakistanis are currently rotting in Afghan jails.
non_fbis_20.43.13-27926-15	neutral	That would give the prisoners the right to a three-tier appeal  system reaching possibly to the Supreme Court.
20020131_20.58.51-26741-11	neutral	The minister said complying with some of their demands was like giving away the country to its former colonial masters.
20011218_21.00.30-21204-40	neutral	Will Argentina be declared bankrupt on 19 December?
20020203_20.47.22-10067-9	neutral	They were destined to collapse, disintegrate, and meet with a total failure; their reputation was ruined in historical records; and they earned eternal notoriety.
20011107_16.03.28-26714-9	neutral	The rocket will put a Meteor-3M hydrometeorological spacecraft into orbit.
temp_fbis_20.34.33-18786-4	neutral	Norway and the other rich countries have a moral responsibility to achieve real reductions.
20020320_20.36.59-7133-40	negative	In claiming compensation from the Soviet Union over Cosmos 954, Canada was forced to navigate numerous procedural complications.
non_fbis_12.19.24-26050-27	neutral	Quite the contrary," said James Wright,  a senior Foreign Affairs official.
20020517_22.08.22-24562-10	positive	Chinese and ASEAN officials said the decision by Chinese and  ASEAN leaders to establish a free trade area is a "historic  milestone in economic co-operation between China and ASEAN" and  "demonstrates strong commitments by China-ASEAN leaders to  regional integration and economic globalization as they pursue  peace and stability and prosperity in the region."
20020202_20.37.54-21168-74	neutral	An arrangement with an attractive implicit interest rate could also be devised.
non_fbis_11.08.55-4179-9	neutral	During the  1994-95 rafter crisis, 50,000 Cubans and Haitians were housed  there in a tent encampment after U.S. naval vessels had picked  them up at sea.
20020320_20.36.59-7133-48	neutral	The basic principles of the Space Treaty 1967 oblige Australia as the launching state to open the possibility of humanitarian cooperation in the field of space endeavour.
non_fbis_08.27.54-12647-10	positive	"We know that the action encouraged by the Chavez government  provoked this crisis," said Ari Fleischer, the White House  spokesman.
20020109_14.12.17-21564-7	neutral	As many as 117 people and 58 vehicles crossed the border through that checkpoint on Monday, the spokesman said.
20020224_20.56.08-8888-0	negative	US President George W. Bush is insisting on his somewhat insane plan to lump Iraq, Iran, and North Korea together.
non_fbis_09.18.38-22306-9	neutral	"We have a national executive meeting ... where we will be  looking at the figures and give the reaction of the party," said  David Coltart, MP for the Movement for Democratic Change (Mdc).
20020315_20.42.26-19148-5	neutral	"On the basis of all these reports and consultations, and proceeding from the principle that South Africa will act as part of a collective international effort, a comprehensive statement will be made in due course.
20020320_20.36.59-7133-32	negative	This would of course require advanced technology and great cost to bring the matter to a claim submission.
20020206_20.23.00-9795-32	negative	Today, with this official "celebration," Venezuela is in mourning.
20020303_21.11.57-16690-15	positive	The BBC reported that Blair was hopeful that if Mugabe did win the election then Zimbabwe's suspension from the h would follow.
temp_fbis_20.46.58-22510-7	neutral	Indeed, the U.S Administration, which claims to advocate international human rights issues and which tries to play the role of a world policeman, is actually condoning the most atrocious human rights violations committed in the United States itself.
20011113_20.27.12-885-15	neutral	The new federal pact will necessarily mean that those who won the elections will have to give up funding.
20020204_20.23.24-6873-1	negative	In his State of the Union address to the US lawmakers on January 29, Mr. Bush categorically identified Iran, as also Iraq and North Korea, besides their "terrorist allies" as a functional anti-US entity and as a collective "axis of evil" in the global arena.
non_fbis_06.29.16-13721-17	neutral	The  Pentagon has resisted calling the detainees prisoners of war,  preferring the terms unlawful combatants or battlefield  detainees.
20011220_21.22.09-18839-21	neutral	During the reporting period, 138 billion kWh of electric power were produced, which was one billion kWh (0.7%) more power than during January-October 2000, despite a 3.7-percent reduction of output of electric power by nuclear power station.
20020331_21.09.25-22686-46	negative	Terrorism thrives in an atmosphere of hate, and the Israeli occupation and the use of military force are creating the fertile soil from which future terrorists will be recruited.
non_fbis_12.08.27-27397-49	negative	The last thing South Africa wants is to add  thousands of refugees fleeing war and political turmoil.
temp_fbis_20.34.33-18786-7	neutral	The explanation is that the increased concentration of climate gases in the atmosphere and the slowness of the climate system will make a certain degree of global warming unavoidable.
20020425_21.45.53-9610-0	negative	From the vantage point of Latin America and the Caribbean, there can be no doubt about the United States' complicity with the military and civilian authors of the abortive coup d'etat against Venezuelan President Hugo Chavez.
non_fbis_11.08.55-4179-24	neutral	With an outdoor movie theater, bowling alleys, a McDonald's and  a mini-mall, Guantanamo Bay is a curious slice of Americana on  the edge of the Caribbean.
non_fbis_06.12.31-26764-8	negative	In other  words, countries which are seeking or developing such arsenal at  a slow pace do not seem to come within the scope of the "axis of  evil".
temp_fbis_21.28.50-13504-2	negative	Opposite the cages, those cages of theirs not even two meters by three meters -- which seen together look like a chicken farm run by a sadist -- built from wooden beams and sheets of metal, cement, and barbed wire, exposed to the rain and the wind of the Tropics.
non_fbis_12.45.44-23455-27	neutral	To avoid further conflict, NASA and the space agencies of  Russia, Europe, Canada and Japan established criteria for future  space station visitors.
20011015_22.26.42-7148-4	neutral	They are waiting for the arrival of chemical experts.
20020111_21.05.06-7601-43	negative	Only a division that takes account of every sector's possibilities and is borne by the various target groups guarantees that Belgium will achieve its Kyoto aims without draconian measures having to be adopted at the eleventh hour.
20020508_21.54.31-15463-1	neutral	Three militants were killed in an encounter with the troops at Nambal, Jumasthal Behak (Kulgam) in Islamabad district yesterday.
20020419_21.47.55-9546-14	neutral	The Pentagon spokesperson Clarke went a step further to explain that US Deputy Assistant Defense Secretary [Rogelio Pardo-] Maurer for Western Hemisphere Affairs met with Venezuelan Armed Forces Supreme Commander and Inspector General Lucas Rincon in December of last year and made it clear to the latter that the United ! States "supports democracy" and that "we in no way would support any coups or unconstitutional activity."
non_fbis_08.03.23-18607-31	negative	As hints of the emerging plan circulated in e-mail messages by  environmental groups and conservative groups, it appeared that  no one was particularly pleased.
20020303_21.09.29-14261-26	negative	The issue has threatened to fracture the organisation along rich/poor, black/white lines, despite calls from its head, Queen Elizabeth II, in her opening address Saturday to work to bridge cultural differences.
20020425_21.40.05-5224-10	neutral	Oddly enough, the peoples that US officials like to speak for are the same ones that suffer from unfair US policies, not to mention that those peoples never gave US politicians the right to speak for them.
20011123_20.59.38-14856-18	positive	Professor Shapiro and a growing number of other scientists believe DNA-based computers may lead to a number of useful applications -- they could be planted inside cells, where they would watch for irregularities or even synthesize drugs.
20011112_20.33.43-387-41	neutral	Her hoses have to be directed at internal terrorism.
20020202_20.37.54-21168-79	neutral	If any withholding arrangement is implemented, it will apply to all exports, not just some.
20020207_20.23.04-14788-45	negative	The FAN is not responsible for the president's excesses
non_fbis_04.33.07-17094-21	negative	The UK foreign secretary, Jack Straw, said: "For months the  government of Zimbabwe has conducted a systematic campaign of  violence and intimidation, designed to achieve an outcome -  power at all costs."
20020219_20.45.06-11781-23	neutral	Also, there is a possibility of armed attacks on Japan.
20020204_20.22.56-6451-6	positive	Unlike Pakistan, these governments have at least gone to the trouble of finding out how many of their citizens, no matter how misguided, are being held.
non_fbis_15.16.19-1897-14	neutral	There has already been a similar incident in space.
20011124_20.49.56-27748-25	neutral	"Definitely," he said.
20011208_20.31.54-28680-17	negative	But after the Chinese side released all the US crew members, major US political figures changed their stance immediately and threatened to use human rights, trade, and Olympics hosting issues to "retaliate" against China.
20020320_11.41.36-1407-4	negative	If someone earns 1,000 and spends 1,500, he will inevitably succumb to bankruptcy.
non_fbis_12.19.24-26050-2	negative	OTTAWA - Canadian troops will hand over any enemy fighters they  capture to the Americans, Art Eggleton said yesterday,  dismissing concerns from Liberal backbenchers about the  treatment of Taliban and al-Qaeda prisoners by the U.S.  military.
non_fbis_12.07.16-6586-2	positive	Lawmakers meeting in a special session late yesterday were  expected to approve the 54-year-old lawyer and provincial  governor as president.
20020217_20.53.10-28693-9	neutral	Washington announced in April 2001 the most comprehensive arms package to Taipei since 1992, including four Kidd-class destroyers, eight diesel submarines and 12 P-3C submarine-hunting aircraft.
temp_fbis_21.10.31-12974-61	neutral	It was aimed at reducing the concentration of greenhouse gases in the atmosphere and assigns countries quotas on their emissions.
non_fbis_06.10.04-18139-11	negative	"This is  unacceptable and a gross misstatement of facts," the spokesman  said.
20020510_21.50.13-28912-4	neutral	Last month, it announced it was cutting 800 jobs worldwide as part of a recovery plan.
20010917_23.34.07-17177-1	neutral	Pilgrims from many countries are to come to Kazakhstan to meet the Pope, a press centre for preparing the [Pope's] visit has reported.
20020301_21.00.59-25256-15	neutral	Unemployment prevails mainly among chemical, mechanical and civil engineering graduates, he said, adding that engineers specialised in electrical, computer and architectural engineering have no problem finding jobs.
20020128_20.46.06-8042-28	neutral	The promotion of "gradual Taiwan independence" by the leader of the Taiwanese authorities is from his misjudgment of two situations: the internal situation and the external situation.
20020306_20.49.12-24038-0	neutral	AMMAN -- Jordan said it will sign the Kyoto Protocol, a UN pact on impeding global greenhouse gas emissions, following a recent Cabinet decision, according to Faris Juneidi, director general of the General Corporation for Environment Protection (GCEP).
non_fbis_12.19.24-26050-15	negative	Mr. Godfrey said, "When I see those hooded prisoners being put  on planes to Cuba, I say to myself, 'Would we allow that, if  Canadian troops were taken?' "
non_fbis_04.33.07-17094-5	neutral	Earlier this year, the  EU imposed a travel ban on Mugabe and 19 members of his regime  and froze their overseas assets.
20010620_13.40.05-15087-4	neutral	He said it was his opinion that the patient -- a woman -- was suffering from tick bite fever.
temp_fbis_21.03.47-22424-20	neutral	For example, there is only one submarine attached to each naval base.
20011201_21.19.03-816-2	positive	The highway to the stars is looking radiant for the Belgian "cosmonaut."
non_fbis_08.39.09-12713-25	positive	There is a deep faith here, however, in the power of democracy.
non_fbis_10.35.30-7542-14	neutral	"Our position is clear," he continued.
20020320_11.41.36-1407-27	neutral	Then what?
20020324_20.55.32-6296-5	negative	The main goal of the visit is to broaden economic cooperation between the two countries, whose present-day pace is not fast enough.
20020205_20.41.01-8736-21	negative	He added that that would be the most unfortunate part of Bush's speech, he cast away the chance for improving relations with Iran.
non_fbis_08.27.54-12647-40	neutral	Mr.  Chavez's interior minister, Ram?odr?ez Chac? was taken  into custody, and the police were looking for a strong Chavez  supporter, Freddy Bernal, the mayor of a district of Caracas.
20020418_21.37.20-19607-14	neutral	This reconstruction will take place more quickly than what the criminals in Tel Aviv and Washington think.
20011112_20.33.31-29984-15	neutral	But Ken Miller, from the firm Purvin &amp;amp; Gertz, included an additional factor.
20020425_21.40.05-5224-2	neutral	National Security Adviser Condoleezza Rice stated after Venezuelan President Hugo Chavez triumphantly returned to power at the request of his own people that she hoped Chavez got the message that his people had sent to him, which is that his policies are not useful to the Venezuelan people.
20011203_21.23.57-11596-2	neutral	He added that a third person was moderately wounded in the explosion.
non_fbis_04.24.14-26782-17	positive	In preparation for ratification, the government has already  adopted a framework that would achieve the protocol's target on  greenhouse gas emissions.
20020203_20.47.22-10067-2	negative	It goes without saying that the three countries mentioned reacted strongly to it and other countries also found it very abrupt, so they all started trying to decipher the message within.
20020118_21.16.15-1122-11	negative	The US has caused controversy by stating the detainees are "unlawful combatants" and have no rights under the Geneva Convention.
non_fbis_07.16.31-13271-2	negative	Voters lined up for  hours at polling stations, many of them in vain.
non_fbis_06.10.04-18139-6	neutral	A mass awareness campaign was launched as part of the  observance of the Year 2000 as the Year of Human Rights and  Human Dignity."
20011111_20.41.07-12494-3	negative	He was responding to a question from Gulf Times whether there would be demonstrations during the WTO ministerial meeting, which opened in Doha yesterday.
20020316_20.25.51-11532-1	positive	The world's justice- and peace-loving peoples are unanimously demanding a fair and peaceful Middle East settlement to be at the earliest possible date.
20020314_20.40.44-29118-19	positive	However, a large number of middle-aged people, who benefited from Mugabe's reign, are still nostalgic about the lost time and voted for him with a strong hope for economic revival.
20011016_22.25.44-26373-16	negative	The declaration was necessary because terrorism was the "most dangerous enemy of law-abiding citizens and an affront against law and democracy", Syed Hamid said.
temp_fbis_21.10.31-12974-104	neutral	Experts' Opinion
20020114_11.18.53-27931-28	negative	Aside from the sensitive legal questions, Pimentel said there is a growing impression that Misuari could pose a security threat to the country.
temp_fbis_21.28.50-13504-16	negative	Even its most loyal ally, Great Britian, is showing signs of disquiet in the statements made by its members of parliament, and in the reports carried by its media.
20011115_20.41.29-15150-10	negative	But the government has not taken any concrete steps regarding the cutback of greenhouse gas emissions, maintaining a wait-and-see approach instead.
20020120_21.15.19-21938-6	neutral	Pictures taken by a US Navy officer and released to the media show a group of prisoners, suspected members of Usama Bin Ladin's al-Qa'ida network, kneeling in orange jump suits and mancled at the waist.
20020322_21.05.41-14545-17	negative	Politicians who in the run-up to the election peddled theories about how the "will" of the people would prevail notwithstanding the labyrinth of constitutional provisions loaded against a free and fair election must now admit that they were wrong.
non_fbis_12.19.24-26050-29	neutral	About two dozen members of a Canadian  reconnaissance team arrived in Kandahar on Sunday in advance of  next month's deployment of the 750-member battle group from the  3rd Battalion of Princess Patricia's Canadian Light Infantry.
temp_fbis_20.23.33-17594-17	neutral	Nonetheless, Japan, changing its stand this time, opposed the draft regulations to put the "Kyoto Protocol" into force and even called for liquidation of the draft.
20020328_21.19.21-15525-4	negative	The two envoys met MDC leader Morgan Tsvangirai on Thursday and Saturday last week and outlined their brief and how they intended to proceed in trying to break the impasse.
20020106_20.26.14-23928-7	negative	Now the United States has issued an assassination order against millions of human beings without having any proof, reason or documentation.
20020419_21.47.55-9546-15	positive	Since the United States "supports democracy," then why did Maurer have that meeting with Rincon?
20011228_21.10.24-16924-8	negative	The president charged that attacks targeting his person have gone on for over 10 years, and that he has been accused, among other things, of ties with the guerrillas, of buying arms and trying to set up a communist regime in Venezuela.
non_fbis_08.27.54-12647-9	positive	Officials portrayed the  ouster as a victory for democracy, even though Mr. Chavez was a  legitimately elected president.
20020122_20.38.16-13557-2	neutral	As Interfax-Kazakhstan news agency learnt at the RSE, a total of 79,000 tonnes of oil and oil products and 37,044 tonnes of dry cargo were transshipped through the port during the quoted period.
temp_fbis_20.45.09-11809-12	negative	However, it will be difficult for the Self-Defense Forces to provide logistic support to US forces attacking Iraq under a special antiterrorism law aimed at eradicating terrorism, which was enacted after terrorist attacks in the US on 11 September.
non_fbis_12.14.07-203-32	neutral	Let us even,  sometimes, expect more from people born to every earthly  advantage, and sometimes less from those born without.
20020326_21.07.32-24343-21	neutral	By referring to the designs of the Russia spaceship Soyuz, it is very possible that China will apply the lift control technology in its manned spaceship.
20011220_21.22.09-18839-13	neutral	At enterprises that process wood and manufacture wood products , output volumes increased 25.9% during the first ten months of the current year as compared with the same period last year.
20011107_15.37.27-28157-0	positive	These days, the Israeli government is adopting a relatively new tactic regarding its plan to withdraw from the Palestinian cities and towns that it had re-occupied more than three weeks ago.
non_fbis_12.22.23-26451-0	neutral	President unleashes army, rocket launchers, MiG-21s
non_fbis_11.04.20-23621-11	negative	Argentina is now broke.
20011130_12.36.18-4189-23	neutral	Furthermore, on a per capita basis, emissions by developing nations are also far less than that by industrialized nations.
20020125_20.19.13-15223-7	negative	"We have enough evidence on their involvement in violent acts and their plans to use violence, as well as their connection with international terrorists," he said, stressing that the KMM had no confidence in the democratic system.
non_fbis_06.25.38-22700-25	neutral	No Answers
non_fbis_04.08.51-29183-6	positive	Their prayers are now led by a victorious  enemy soldier - what could be worse?
non_fbis_08.27.54-12647-20	negative	In addition, the interim government repealed 49 economic laws  passed by the Chavez-controlled National Assembly last year,  legislation that business leaders feared would damage the  economy.
20020118_21.16.15-1122-7	neutral	The four-member team, which includes a doctor, will inspect conditions and treatment of the increasing number of Taliban and al-Qa'ida prisoners arriving at the base from Afghanistan.
non_fbis_12.14.07-203-30	neutral	From British lords down to humble  skinheads, sneering at the American "vulgarity" confers a  comforting sense of personal and national vindication, when no  other prop can be found.
non_fbis_14.06.39-26143-32	negative	The vitriol continues.
20020124_20.24.37-12857-4	negative	It is also continuing its bombings in Afghanistan although there is an interim government in place there now.
20020131_20.58.51-26741-32	neutral	The team will arrive in Zimbabwe a month before the crucial March 9 to 10 election, he added.
20020224_20.56.08-8888-33	negative	It is true that Washington emphasizes repeatedly that the United States is in a war, but the right of all prisoners of war has long been denied these people who are so far only suspects.
20020320_12.04.49-21742-1	negative	By A Special Correspondent - Britain's Prime Minister, Tony Blair, privately did two things concerning Zimbabwe during the recent "retreat" by Commonwealth leaders in Australia that raise questions about today's meeting in London by the troika of Australia, Nigeria and South Africa.
20020115_21.09.21-9865-1	negative	According to the communique, received at the Swiss news agency ATS, the 37-year-old M. Turover --considered by the Swiss courts as a key witness -- had asked the Swiss Government and the Swiss Public Ministry that he be put under protection, believing himself threatened by the Russian Mafia because of leaks by Swiss court officials.
20020304_20.50.30-97-0	positive	Today the Council of EU environment ministers adopted the Commission's proposal for a decision to ratify the Kyoto Protocol.
non_fbis_12.16.50-28640-30	negative	"Canada must push for punitive action against Mr. Mugabe and his  band of thugs that have brutalized the people of Zimbabwe, which  means an indefinite suspension from the Commonwealth, a ban on  travel for Mugabe's cronies and to freeze their personal  assets."
20020303_21.09.29-14261-27	negative	Several Asian nations have privately said they would also oppose sanctions.
20010831_23.55.20-21157-2	neutral	According to reports received from family members in Rumonge [southwestern Burundi], the fishermen were freed by their kidnappers, the FDD-FNL [Forces for the Defence of Democracy-National Liberation Forces] rebels, who had confused the fishermen's boat to be that of the Burundi army.
20020207_20.37.46-24515-9	neutral	Those with two children mostly undergo sterilization.
20011130_12.07.32-18094-16	neutral	The recent action of the American president clearly demonstrates the need for the American administration to observe human rights.
non_fbis_06.35.13-26224-16	neutral	Bush began enunciating his policy on Taiwan in November 1999,  saying that he would honor "our promises to the people of  Taiwan" and "we deny the right of Beijing to impose their rule  on a free people."
non_fbis_15.05.17-7881-6	neutral	On its way home, the shuttle launched into space the Starshine  micro-satellite, which had been designed by students.
non_fbis_07.29.33-28852-16	negative	"But if the MDC  wins, I believe Mugabe will announce martial law, throw  Tsvangirai in jail for plotting to kill him and send the army  into the streets."
20020331_21.09.25-22686-36	neutral	His problem is that he does not know what to do with it.
non_fbis_09.53.15-23595-22	neutral	A  succession of officers filled the TV screens to say they  supported the people and that the killings were "not tolerable".
20011127_21.22.54-17837-8	negative	It published a report, but not all the documents and interrogation reports were released, because they were deemed damaging to the state's interests.
20020121_21.25.32-10485-10	positive	Fortunately, not everyone in the Bush administration is of the same opinion.
20020131_20.58.51-26741-0	neutral	'Club, EU attempting to perpetuate colonial relationship'
20020225_20.52.55-19163-7	neutral	That restructuring has to go beyond the relations between the provinces and the central government, a traditional question in Argentina, the president said.
20020322_21.05.41-14545-32	neutral	Our constitution does not specifically provide for political rights such as free and equal campaigning platforms for competing political parties.
20011228_21.10.24-16924-18	negative	He said that Venezuela was led away from that path because the same thing would have happened here.
20020207_20.22.42-14586-24	neutral	Thus, Carreno excused the White House official, whom - he argued - was misled by the smear campaign and information sabotage that has been unleashed against Chavez in the country and abroad.
non_fbis_05.20.33-11163-54	neutral	Q: Because other administrations told us that they've talked to  the Saudis about human rights and democracy issues,  participation in women's rights and all of it.
20020306_15.01.41-17868-15	neutral	Meanwhile, the report called Afghanistan "a triumph for human rights in 2001," saying that after the U.S.-led war on terrorism, Afghan citizens have been released from the brutal and oppressive rule of the Taliban and Afghan women, who suffered violence and repression, are now beginning to resume their roles in society.
temp_fbis_21.37.46-9337-0	neutral	As usual, the US State Department published its annual report on human rights practices in world countries last Monday.
20011016_22.34.35-3190-9	positive	Dostum also favoured a possible return of Afghanistan's former King Mohammad Zaher Shah.
20020113_03.20.43-12807-5	neutral	Missing passports find their way to human traffickers, he said.
non_fbis_12.16.50-28640-15	negative	Election observers reported thousands of voters were not given  the chance to cast ballots in the election, while others were  intimidated into voting for Mr. Mugabe's governing ZANU-PF  party.
20020314_20.38.10-27533-11	neutral	A further four suspects were arrested in a similar operation in Frankfurt.
20020201_20.45.53-22539-6	neutral	The sharp shooters posted on the turrets and the patrols that tour the camp with their Alsatian dogs never lose sight of the prisoners: not even when the latter attempt to catch some sleep on the 5 cm. thick foam rubber mattresses or when they use the sanitary bucket.
non_fbis_05.22.13-11526-16	negative	African leaders closed ranks at the Commonwealth summit out of  fear for their own power, he said.
20020208_20.29.29-13302-19	negative	However, he added that Soto would receive advice from a military attorney and two civilian lawyers before whom he would have to make a deposition about his critical opinions on Chavez's regime.
20011024_19.59.31-21964-0	neutral	Tehran, Oct 21, IRNA -- Visiting Venezuelan President Hugo Chavez here Sunday underscored the need for coordinated efforts among members of the Organization of Petroleum Exporting Countries (OPEC) to keep oil prices at a 'fair' level.
20020321_21.05.18-8344-2	neutral	China hopes the United States will not do anything against the spirit of the three Sino-U.S. Joint Communiques, she said.
20020412_21.18.30-8033-21	positive	They have an existential conflict: Chavez wants to take over the institutions, and they want to oust him from power."
20010916_21.24.32-9824-10	neutral	The navy craft had approached the small boat thinking it was in distress as an elderly man, a teenager and another person onboard had put up a white flag.
non_fbis_12.21.28-26118-0	negative	Why Kyoto is a rip-off
20011124_20.49.26-27556-4	neutral	He added that Grandi had outlined to Tanka a four-pronged approach to the crisis -- improving conditions in camps, expanding the UNHCR's ability to deal with any further refugees, assisting non-governmental organisations involved in dealing with the crisis, and encouraging refugees to return to their homes.
20020316_20.25.51-11532-4	negative	The Middle East issue, essentially, is an issue of reinstating the Palestinians' national rights and of recovering the deprived Arab land from the Israeli aggressors.
20020320_12.04.49-21742-27	neutral	Why were several former and recent employees of the Commonwealth Secretariat accredited as observers?
20011220_21.22.09-18839-22	neutral	Production by thermal and hydroelectric stations increased 3.6% and 11%, respectively.
temp_fbis_21.37.46-9337-38	positive	Whoever engages in terrorism, whether he or she is of Han people or of a minority people, should be brought to the justice, Ma said.
20020414_21.16.03-15717-4	neutral	However, Chavez who is known for his ala Fidel Castro left-leaning anti-American philosophy had on a number of occasions rebuffed US requests for more oil exports.
20020314_20.23.54-19638-46	positive	In a rally held in Syria, activists emphasized that "we will continue to strengthen our solidarity with the Korean people and always stand with them in the same trench steadfastly."
20020219_20.52.48-16582-3	neutral	There is controversy about which type is more credible.
20011218_21.00.22-21144-10	negative	Likewise, the more recent creation of Israel was accompanied, under the indifferent gaze of the Western and Soviet world, by the forced exodus of hundreds of thousands of Palestinians.
non_fbis_08.10.09-13801-22	positive	Mr. Marx declined to say in an interview whether he had favored  imposing the restrictions.
non_fbis_09.11.12-16761-22	negative	In another controversial move, the US Defence Department said on  Wednesday it would take part in a closed-door conference next  month that private organisers call a "defence summit" with  Taiwan, an event which would typically anger China.
20020223_20.53.55-17301-4	positive	When he revisited the Great Wall, he could hardly hide his excitement.
20020114_11.18.53-27931-11	neutral	"If the government was able to extend amnesty to our Christian brothers, like (former renegade Army officer Gregorio) "Gringo" Honasan and others, why can't it accord the same privilege to Chairman Misuari?" Rasul asked
20020314_20.40.44-29118-3	positive	My fist carries a force, which can make one tumble and roll over 77 times," Mugabe boasted in a recent rally.
20020121_21.29.47-14352-1	neutral	Nearly 60 percent of the investment will come from the central government and state-owned enterprises, a local official said Monday.
20011116_20.44.27-28756-2	neutral	Its objective was to complete the regulations governing the Kyoto Protocol and thereby create political and technical conditions for the latter's ratification by the international community.
20020306_21.00.52-4167-9	negative	The tone of Tang's press conference was markedly different to that of last year's equivalent event, during which he roundly criticised United States arms sales to Taiwan.
20011118_21.04.32-17074-1	neutral	A study by Dr Neil McKerrow, chief paediatrician at Pietermaritzburg's Metropolitan Hospitals Complex, shows that 50 000 Aids orphans live in the city.
temp_fbis_21.10.31-12974-23	neutral	This is indicated by a well drilled in the ice cap of Antarctica 30 years ago, which helps to comprehend what has happened to climate.
20020422_21.26.55-3999-1	neutral	"It seems as if they are seeking to create an uncontrollable social situation," the legislator stated this morning, referring to the demands presented by the IMF to the country for reaching a new agreement that would bring in foreign financing for the government's accounts.
non_fbis_06.12.31-26764-17	neutral	This  is, in fact, the fear of all countries, as they feel that  democratic regimes are more restrained and responsible when it  comes to resorting to weapons of mass destruction.
20020124_20.45.56-235-11	negative	For the EU and the Commonwealth, which are due to meet shortly, they should realise that they are running out of meaningful options to influence the course of events in Zimbabwe.
20011125_21.01.04-6923-21	positive	But the Prime Minister's official spokesman today said Tony Blair was pleased with the progress that had been made on the military, diplomatic and humanitarian fronts.
non_fbis_06.35.13-26224-18	neutral	It  said that if China attacked Taiwan, "the United States will  respond appropriately in accordance with the Taiwan Relations  Act."
20020219_20.45.06-11781-14	positive	He explained a view aimed at solving the issue through diplomatic and other means for the time being.
non_fbis_06.20.40-8369-14	negative	Al-Qaeda is a terrorist  organization, not a state, and its crazies wear street gear and  operate disguised as civilians.
20010906_12.55.04-23296-61	neutral	But this can only change if we negotiate.
20020122_20.32.32-8613-17	negative	But for the time being, what exist are indications and shadows of suspicion which must materialize or be dispelled through knowledge of the facts from the relevant reports.
20020224_20.56.08-8888-29	negative	It is the American mentality indeed that we will not be able to change until the end of mankind.
20020322_21.05.41-14545-52	neutral	Two points must be made.
20020201_20.41.37-18755-2	neutral	This enemy comprises several nations and terrorist organizations.
20020122_20.36.01-11616-13	neutral	Many countries are parties to them, but the United States has not ratified these protocols, so that the additional protection they offer is difficult to enforce in a conflict in which US troops are taking part.
20010906_12.55.04-23296-60	neutral	Their criticism that we obstruct agricultural products from the south is justified.
non_fbis_13.44.36-19236-32	positive	The United Nations' secretary-general, Kofi Annan, appealed for  calm after the poll and urged Zimbabweans to refrain from  violence.
non_fbis_12.08.27-27397-39	negative	But we are scared.
20020419_21.31.07-25924-8	neutral	He reminded (the press) that currently there is an OAS mission in Venezuela with those very objectives.
20010620_13.40.05-15087-3	neutral	Saeed said indications were that those tests would be negative too.
temp_fbis_20.41.29-25820-86	neutral	The exercise should include sports, games and outdoor activities.
non_fbis_14.06.39-26143-9	neutral	The Citizen argues that Canada should "insist" the United States  "allow a 'competent tribunal' to decide the legal status of the  detainees, as required by the Geneva Convention.
20020214_20.43.10-5176-11	negative	North Korea has likened Bush's "axis of evil" remark to a declaration of war.
temp_fbis_21.00.37-23670-2	positive	What is also realistic is the idea that it will be easier to persuade the main polluting agents to take measures by providing incentives to them, rather than by constraint.
20020505_21.59.17-14271-4	neutral	Russian officials said the three men, including the world's second space tourist South African millionaire Mark Shuttleworth, were in fine condition.
20020131_20.58.51-26741-3	positive	"The Zimbabwe Government has no mandate from the free and proud people of Zimbabwe to return this country to a colonial or neo-colonial status.
20020217_20.53.10-28693-5	neutral	Richard Bush is chairman and managing director of the Washington-based American Institute in Taiwan (AIT) -- a body authorised by Washington to handle exchanges with Taipei since it switched diplomatic recognition from Taipei to Beijing in 1979.
20011125_21.01.04-6923-9	neutral	However, night fell before the Alliance could secure the city, increasing the danger of militants fighting back.
20011220_21.22.09-18839-24	neutral	In January-September of last year, barter and cash payments accounted for 18.3% and 66.4%, respectively.
non_fbis_08.27.54-12647-19	neutral	Mr.  Chavez had renamed the country the Bolivarian Republic of  Venezuela.
20020321_21.05.18-8344-4	positive	Zhang replied that Chinese Vice Foreign Minister Li Zhaoxing has put forward China's stand on the matter while making strong representations to the U.S. government with the hope that the United States treats the matter seriousness it deserves.
20020320_12.03.37-20669-7	negative	"It is a bad report that can only lead to bad decisions," Moyo said, denouncing the report as "opinionated" and "one-sided" and saying it "lacks credibility and cannot withstand any objective scrutiny."
20020109_14.06.40-17312-18	neutral	The event is classified as a level-three incident on the International Nuclear Event Scale (INES), and is the most serious ever in Sweden.
20011114_20.42.07-7434-25	neutral	There were meetings at Olivos over the weekend of 3-4 November, which resulted in the official decision to appoint Marx as the main negotiator of the fine print in the agreements.
20011218_21.00.30-21204-18	neutral	We have stopped counting the number of times financial bailout plans have been set up to help this or that government in difficulty.
temp_fbis_20.42.47-22260-5	positive	Protesters carried banners reading, "Ratify the Kyoto Protocol," and "Koizumi say 'No' to Bush: Stick to Kyoto Protocol."
