264192562405994497	positive	@CraigOyok haha you gotta give me the info tomorrow then lol
262047205970571265	neutral	I am gonna Meryl Streep the fuck out of this tomorrow
228113092670791681	neutral	Free hugging day?tapos may Free Kissing Day? o.O  kailan na ang MalanDay? @EmmieIsMahName @annabananaftw
224057065746862080	neutral	This time NEXT SATURDAY NIGHT we will be about to kick off MEGAchurch with Stan Walker, JC Epidemic & Michael Franzese! 7 sleeps!
256353471085805569	positive	PlayStation Network maintenance scheduled for October 15 http://t.co/P9jkuYJ9 That'll be the new store then. Exciting!
100454339935617024	positive	Kim Coates was awesome on #Entourage tonight. Although it makes me really miss Sons of Anarchy. Can't wait #SAMCRO
255235361964425216	neutral	Mumford & Sons tickets for the extra London O2 Arena show on Dec 18th are onsale now. http://t.co/YouEGO2T #mumfords
263675786177949697	positive	@the2scoops Much of last season, too, esp 2nd half. Tho I loved Jack White, and Mick Jagger with Arcade Fire / Foo Fighters was amazing.
262675133527883778	positive	Pakistan hopeful of Bangladesh visit: Pakistan's cricket board said Sunday it hopes to arrange a tour by Banglad... http://t.co/raBnxJ2P
100003164631207936	neutral	@murphylee r yall going to be in dallas friday & saturday?
107657063471128577	positive	The Boys' took care of business tonight! 23-17 over the damn viqueens. Felix, Dez, & Romo went HAM!
102568207910567939	positive	@rinecho9239 good morning Irene ^_^ have a nice day!
238162013900136448	positive	When did Wilt Chamberlain have time for basketball?: TUESDAY marked the birthday of greatest athlete to come fro... http://t.co/xi1otZ6p
261860733485195264	positive	@HIBanffHostel @mtnorquay would love to! flying out to Van on the 14th and working in Whistler! Will defo head over to Banff tho!! #Canada
256865726114172928	neutral	@Cianaf Capello had poor english in his first press conference and used a translator,by 1st game he spoke fine. Cost isnt' an issue #Trapout
258844062927421440	neutral	5 minutes to learn what the Raspberry Pi is all about http://t.co/ITLdCHar
263096225274925056	neutral	##$$## Black Friday Deals Canon EF 70-300mm f/4-5.6 IS USM Zoom Lens with Hoya UV Filter + Hood + Accessory Kit for ... http://t.co/yykYkq2Q
230160970914336769	neutral	l!! where is terrance he need  to cme back to the bluff should've stayed with him wednesday instead of going to turner house!! :))
263721486219608064	positive	Just did Spartacus 2.0 and sauna...imma be sore tomorrow but so worth it
256835430778036224	neutral	Gonna watch Goon for the 27th time now
242217227825340417	positive	Wilt Chamberlain 2 may be the best one
261527660126171136	positive	Campbell must feel like he's won the lottery tonight. Sat in SJP, on a European night, with Krul, Coloccini, Cabaye, Ben Arfa, Ba and Shola.
262725243460800513	neutral	My team is pretty straight on both leagues. On the 2nd league my first 5 are Nash, Paul George, Melo, Randolph & Bynum.
241140200753987584	neutral	I dreamt I sat with @MaryRobinette at a Star Wars event, eating @Alinea's Lamb 86, watching James Lipton interview Ralph McQuarrie.
258681137222795264	neutral	Rob on the 'Kyle and Jackie O' show on Oct 23rd: http://t.co/qznYakjw
100122665355980801	positive	@Sara__Rodrigo its almost 6pm in japan now..heheh..but good morning to you too
258884695884955648	neutral	Off to St. John's to help coach the girls softball team! Iqaluit on Wednesday #lastweekendhome
102976601473552384	positive	RT @BDUTT: 15th august. The anthem still chokes me up. The flag still makes me proud. Gandhi still looks over us. happy  Independence day
263549771162198016	neutral	#wordtomymuva I'm going to that Lakers Vs Heat Game Feb 10th in Miami #IAmNotPetty
264145074210889728	positive	@TimOcchipinti Were going to be at Boys and Girls Club to clean tomorrow at 10am. They told us to bring boots and gloves. All are welcome.
264221978607636480	neutral	Dinner in Athens with my friend, @stevebeuerlein. Preparing for our game on @SEConCBS this Saturday. #OleMiss #Georgia http://t.co/4QqWxtnd
262258586397323266	positive	@StanCollymore Espanyol vs Barcelona on 27 September - 15 mins with Barca scoring a pen in the last minute to win
250430338218729472	neutral	I wish Ron Jaworski was still in the Monday Night Football booth. I enjoy Tirico and Gruden, I just think that Jaws offered a lot too.
264157132776144898	neutral	At the Greensboro comedy zone working on material I might use tomorrow during the 2nd round of the ultimate comic competition
264240041021280256	negative	You know what, i dont give a shit about tomorrow YOLO
237501131314581505	neutral	This Saturday!  Come see what it's like to train for the NFL Combine at Body Space Fitness.  Click the link below... http://t.co/kpT4Ltxm
264200833707679745	neutral	Even though I already know how it ends... Im watching the CMAs tomorrow just to see blake drunk
263019062953664516	positive	Reasons to Celebrate:  Forcing the turnovers: The game Sunday between the New York Giants and ... http://t.co/4zqe5Tn6 #nfl #nyg #giants
264258285136408577	neutral	DEPARTURE of ship: ARABIAN ORYX Port: ABU DHABI Time: Nov 2 2012 6:41AM (UTC) (Time of arrival/departure is the time the vessel a...
248998875623481344	neutral	@BoneCrusher57 Yeah I'm like, 20 minutes from West Liberty. Text me the name of the stadium tomorrow. I'll put it in my GPS.
189939715154255872	neutral	Careless World is the album of the year by @Tyga
260510516986904576	positive	Going to the GRAMMYS First entertainment law breakfast here in NYC tomorrow! I'm so excited. One step closer...
262129098288152576	neutral	Go try and win a PS Vita at the Lollipop Chainsaw Event at Fish & Co. @ Glasshouse. You may get bitten by zombies, but it's a PS Vita!
263831999159099393	neutral	Shout out to all the girls who will be taking the walk of shame into cvs tomorrow to by a plan b #dressinglikeaslutcomeswithaprice
193758541868314624	neutral	Tomorrow?? Who promised you tomorrow?? Give yourself to the lord today!! The Winans.
236567692033814528	neutral	Arsenal v SUNDERLAND: New signing Louis Saha set to lead the line in absence of Stephane Sessegnon: Sun... http://t.co/ULUdCbdG #Arsenal
249198198890057728	positive	Niggas In Paris was playing in the waiting room at the clinic and this old lady sat tapping her walking stick and bobbing her head. So cute.
198271820577771520	neutral	@artsbcdotorg  Plan a couple of days here on Gabriola for our Theatre Festival in August.  Theme "Mardis Gras".  Over the top in events!
112926350511321088	positive	RT @DuhImWinning: An iPad on one side of the bed streaming Family Guy and my MacBook on the other side streaming porn. Ah, what a nice S ...
100607300238180353	neutral	Real Madrid have signed a seven-year-old Argentine boy, a spokesman for the club confirmed on Monday http://tinyurl.com/43ye3bh
262921934981971970	positive	I hope yall not sleeping on the #Blackout Homecoming Party this Friday at Club Pulse. Shit is really bout to crinack.
258625516481953792	positive	Looper was amazing!!! Now to the theatre to see Simon Callow's 'The Mystery of Charles Dickens' ...loving my Wednesday off work :-)
100304509791776768	positive	Watching director's cut of Alien.  Maybe it will give us some ideas for Merlin tomorrow. :-)
264159409800871936	neutral	@Lo3o2 Oh iight I can dig it but how you going to act tomorrow night tho younging ?
264230416897159168	positive	taylor swift is coming with ed sheeran june 29th? most perf news i've heard all night.
264208831398154240	negative	I wanna go to the studio with Ulysses n them tomorrow,but i cant. #BARS
248970917244465152	positive	Big L may be my favorite artist right now. Even tho he gon. RIP
245558175561048064	positive	Loved the hair style from Friday's Jason Wu #NYFW show? We're giving you the step-by-step to recreate the look http://t.co/ToqV0jJC
100244223315558401	neutral	Trynna go to the movies today and see "Rise of the Planet of the Apes !"
261909771186208769	positive	@KuroiDaiyamondo I recognized Bomi cause she's my 2nd fav... <3 btw, if I'll ever marry Hoya, i'll buy him a YoonJae dog... *.*
101813635491430400	negative	Tony Romo better be on point tonight! don't have time to deal with his foolishness!
246684751505801216	neutral	Drew Peterson is no longer #Untouchable! Tune in for the Lifetime Original Movie Sunday at 7/6c on @lifetimetv: http://t.co/jNmCSInh
101710617383153664	neutral	RT @fauxjohnmadden: With the start of NFL Preseason upon us.. Tonight marks the beginning of the Raiders season, and the end of the Raid ...
264011728084410369	neutral	#Broncos Peyton Manning named AFC Offensive Player of the month. It's his 5th such honor, second to Tom Brady's 6, tied w/ TD.
243918098250481665	positive	Apparently tomorrow is Nation Kissing Day. Ladies, you're more than welcome to stop by.
256040222343696385	neutral	Meet the man making a documentary defending Joe Paterno: http://t.co/nAxv9SSZ (he may look familiar)
261310617602904065	neutral	@InVinceAble_45 Yeah with Miss May I too. It's on the 1st at Backstage Live
263920096295153667	negative	Lady Gaga fears classmates: Los Angeles, Nov 1 (IANS) Singer Lady Gaga is still in touch with some people from h... http://t.co/25O8eW8p
220570352777052163	neutral	@JustFranJ in the CL final when Lehmann got that red card, he chose to sub out Pires in the 10th minute to get Almunia in. Pires felt
262964830514843649	neutral	Kyle Williams Monday Press Conference: Bills defensive tackle Kyle Williams talks about coming back from the bye... http://t.co/xsxJvUnh
261914665070776320	neutral	@SaraAnnwylArt indeed you may, or you can have the little warbler who flew all the way from Siberia only to hit the lighthouse on Bardsey...
252785598492979201	neutral	Wanna WINWIN some tickets to the Vice x CPH:DOX - DK x DR party this Saturday with James Murphy and 2ManyDj's on... http://t.co/9HhkqNfI
256656082552905728	positive	#Hot30sGo1DenTicket May the odds be ever in your favour Aussie Directioners!
239533906062364672	positive	Tomorrow I am off to Petrolia to see "the Waltons" lol and over to London for Evans side of family reunion.
263405084770172928	negative	Theo Walcott is still shit, watch Rafa and Johnny deal with him on Saturday.
261437005261570048	neutral	My photos up at Photoplus and the Olympus booth. Come out and say hello! Ill be here till Saturday. http://t.co/iIAxfJn3
263304719471087617	neutral	#Iran US delisting MKO from global terrorists list in line with Iran campaign: Tehran, Oct 30, IRNA -- Secretary... http://t.co/9wWvxEbf
100318790037929984	positive	RT @barcastuff: Alexis Sanchez: "Of course I'd like to play already on Sunday against Real Madrid. It's true I wanted to join in the US. ...
264246661344272384	positive	just found out that the boys will be on ellen on november 9th... AHHH so happy :')
258589252147892224	negative	We're experiencing some issues with Fuel TV (Ch 39). Should be back up Friday or Monday.
249844104580722689	positive	Going to a Sunday matinee of Dredd 3D. Probably most excited for the return of Lena Headey's natural hair color. Sarah Connor > Circe
264209471486713857	negative	Have to say I think Jason & Taylor may have been robbed by the married duo tonight of Blake & Miranda...
263353475700760578	negative	I'm not gon believe that Victor Cruz is the real deal until he lines up outside, no slot, and doesn't disappear like he did Sunday
261268694934630400	neutral	Tomorrow Night Thursday Oct 25!!! FIRST BLOOD TOUR Dubstep & Trap Halloween Party with MAYHEM!!!! Greensboro NC... http://t.co/LYXmUVVt
238347530151280640	neutral	who's going Joseph Wright tomorrow?
264068217515941888	positive	Dont miss this Tonight and tomorrow!   BIG Day of the dead celebration!... http://t.co/0G5BAW47
232606807082819584	neutral	On Thursday night, White Arrows, Hindu Pirates and Group Love entertained the crowds who showed up on the sand a... http://t.co/I8OT6DS1
258762578539462656	neutral	On the net looking to buy a house in Rosedale by April at least 4bdrms n 2full baths
264203349757394945	positive	Just landed in Las Vegas!!! So excited to start canvassing for Obama tomorrow with @schuy_g and @Kimbemo! :) #GetOutTheVote
101377616078057472	neutral	@yungbrodee: Cabana this friday.... you might find Marissa and Irene there being rachetts trying to get niggas with bottle service #Hoes
199500770700308482	positive	Good Monday everybody! Wish we could start this morning with a little King cake....
241382989374820352	neutral	So theres a Jordan's release tomorrow at Florida Mall, am I going to be a sneaker head and go get them ??
264203198867320832	neutral	@WhiteyVDaPrince ya but my dad is most likely taking it to San Fran tomorrow :/
263591647504375809	neutral	*  "[Congress may provide for the Case of Removal of both],  declaring what Officer shall then act as President."  (Article 2, Section 1)  *
261196843491418113	neutral	@brupe1 Yes, it is. Over the summer, Danny McBride confirmed "Eastbound & Down" was renewed for a 4th season. No word on a premiere date yet
262660134298345472	negative	Seriously all of you people are dumb saying that all of the schools in CNY are going to be closed tomorrow...
241306661199958016	neutral	@em_fost 3rd floor ISAT on the roof you'll see it when you walk up the stairs its on the right
264096361081884672	positive	@Real_Liam_Payne Saturday I buy my ticket for the #TMHTOUR in Belgium! I'm so happy!!!!
262444330390798336	neutral	Just found out about the @theatreeagles production of Dickens performs A Christmas Carol, surely a must this December. http://t.co/mEhqFeCX
101454064570732545	positive	Rick Porcello is not Rick Wild Thing Vaughn. I am worried the real Ubaldo is back. Good thing Verlander is tomorrow. #tigers  #yikes
107598339922604032	positive	Anderson Silva better fuck up Yushin Okami tonight.
238002033087623168	neutral	Before he was "Dr. Seuss" Theodor Seuss Geisel was an ad guy: http://t.co/MR16q4kf What was your 1st job? http://t.co/pL4RaN8R #MyFirstJob
100503244962406400	neutral	RT @tujukutu: Kung Fu Panda 2 (in 2D & 3D, both with Indonesian subtitles) tentatively scheduled to open on Tues 16 August ^ISK. #infobiz |
263612951385239552	neutral	Missing half the day for the TOK speaker tomorrow and Friday is a day 6. CHILL WEEK
103052708277256192	neutral	This week marks the 34th anniversary of the death of Elvis Presley.  Elvis died in Memphis on August 16, 1977 at... http://t.co/AEURv6c
104983737409871872	positive	@TwittaBeast @immaculate_nat at da end of da night no girl that roll with me is on da MTA! They are above that as long as I can afford that!
263975524387418112	neutral	ATHENS (Reuters) - Greek lawyers launched their defense of a prominent journalist on Thursday charged with break... http://t.co/Scfu9vyc
264123272453566464	neutral	I might invite myself over Julian's house tomorrow now that I think about it lol
258599234645946368	neutral	http://t.co/TtQf1MqA Haye: Vitali deal 'signed': David Haye still expects a fight with Vita... http://t.co/hPW1ggRp CLICK-1st-LINK! 2WIN
257050051342385152	neutral	Preparing a Saturday roast, meanwhile Rick Stein criticises modern film on the telly. The world has gone slightly backwards.
264109442705010688	positive	@TheEllenShow Congratulations on you celebrating British kid singers Sophia Grace's and Rosie's 1st Anniversary of a visit of your show. How
260885935644893184	neutral	Nominations are now open for the Citizen of the Year awards held on Australia Day. Three categories. Close Nov 30. See: http://t.co/YEYDjjcl
258167495649816576	neutral	milkily handsome in the manner of a cinematically doomed first world war infantryman: @barneyronay on Michael Clarke http://t.co/YjzCCNjb
262646697681895424	negative	wait if the power is out tomorrow then i'm going to miss a new how i met your mother, NOOOOOOOOO
215189748623486976	neutral	@rbusch17: The Anaheim Ducks are interested in Sam Gagner of the Edmonton Oilers. Could be part of a trade for the Ducks 1st round pick
264215390773727232	neutral	Alex Poythress had 11 points and 7 rebounds in his debut with Kentucky during an exhibition game on Thursday. He played 28 minutes.
264156121747558400	neutral	Hey everyone! If you are competing in districts at Lake Braddock on Monday you need to make sure to do the DECA test by 5pm tomorrow!!
246838101710888961	positive	@amackin07 Love! I love all the episodes with Kristin Chenoweth (she plays April Rhodes). I'm a fan of hers (obviously) lol!
103157324096618497	positive	All I know is the road for that Lomardi start at TONIGHT!!!! We will set a record for a pre-season MNF I can guarantee it.
105029581387464704	positive	Ironman UK, Bolton highlights on tomorrow: 7.10 am on channel 4, or watch back on 4OD! Hope i can get a sneaky glimpse on it!
263337835162128384	neutral	Oscars Well makes his debut over fences at Punchestown tomorrow. It looks as though he'll have Plan A and Darwins Fox to overcome.
217031985107963904	positive	Dr. Mohamed Morsi announced as Egypt's first elected President after the glorious 25th of Jan Revolution. Congratulations
264021351034138624	positive	Looking forward to Friday day and night! Excited to be involved in the seminar portion at Drexel and the show at... http://t.co/Y2GfBkiF
225011609762930689	positive	Gambled on Chocolate Day as a successful theme day at work..turns out chdn DO like chocolate. Wed. is Gross Day. Hope kids like gross stuff.
263318539748921344	positive	So lucky that I'm off college Tuesday, Wednesday and Thursday next week when I'm going watching Evanescence on Tuesday night :D
246209679783501825	neutral	Pires"For Cesc it is difficult because at Arsenal he knew he was going to play every Saturday, was the captain of the team and a crack.''
262586844129132544	neutral	Winter Storm Watch remains in effect from Monday evening through Wednesday morning for the Smoky Mountains. 4-8 inches of snow is possible.
264186739881570306	neutral	@zurr08 will you be joking the naugles to be for dinner on Saturday night at Olive Garden for Kayla jos b-day...
256522858317111296	negative	if jenelle comes to the game tomorrow... I'll die #missherlots #itsbeentolong #mybaby
257572330581139458	positive	#classic! @KWAMEDIDIT: FRIDAY OCT 19th!!!! THE ALUMNI will be rocking Philly!!!!! FREE SHOW  @ the Liacouras Center 7pm CLASSIC HIP HOP!
264208965196455936	negative	Hearts throbbing, might not make it to my 21st... #SIKE! Better watch out world, Courtney's here & no ones stopping me.
100125491968741376	neutral	Did you know, Lady Gaga reads "Letters to a young poet" every morning? http://t.co/122DPk8
264058285609598977	neutral	Search on for absconding 'rapist' footballers: Police: Kolkata, Nov 1 (IANS) Police are still on the ... http://t.co/X9vdkcmN @yahoonews
226697561182973952	neutral	Some had been saying he'd peaked, even back in Paris-Nice in March when the leaves hadn't come out on the trees. He's serving hat sauce now.
224705328644755456	positive	Blessed is the heart that bends, it will never be broken--- Lucas Scott Good pre-bedtime OTH after a busy day! Can't wait for tomorrow #zzzz
100816091399462912	neutral	Camp Notebook Day 10: The Raiders took the field for their 10th practice of training camp and started to prepare for... http://dlvr.it/fRj82
244525624943865858	negative	They better take Joe Pa to the Pet Semetary... They may never win agdin
258144286036611075	neutral	@taaaneex yea I was just thinking that! Btw Reece is going to be in Kyle and Jackie O tomorrow I think.... In the studio
100757019845332992	neutral	Who going to the Lions game Friday?
260541933036908544	positive	@TheFalcoholic Why. Do you really want the Falcons to go to Chicago in Jan for the NFC Championship game. GO LIONS.
100577145906135041	neutral	WOW. RT @AdamSchefter WR Titus Young is the only one of the Lions top three picks in April still standing.
264123251071004672	neutral	@kay_klinger I think staying with Cole , idk.though . I might come to Lima sat .
253583618998411264	neutral	Marvel's Phase Two Kicks Off with 'Iron Man 3' Trailer on October 23rd http://t.co/0i2T0iTo #Featured #Hype #MovieNews
248234871238037508	neutral	Pacino is going to play Joe Paterno.  This is the 2nd time he has starred in a film, that has the line 'say hello to my little friend- SNL
230252879926136832	positive	I might act like tomorrow Valentine day and pamper my gf maybe then she'll feel better
221260623399493634	positive	Think I'm gonna have to have a MaccyD Breakfast on the ways to Spurs tomorrow ;)
259520681023258624	neutral	King Cake and boudin for breakfast. Yep! I'm in southern Louisiana, where the weather is warm (not hot) and sunny. Wine tasting tomorrow!
261095675784228864	neutral	Good by @eth38, quickly punched out!RT @BenCuzzupe: Tippett Saga turning more than 5th day wicket at the Adelaide Oval: http://t.co/JfHtRnoT
262596155450478592	neutral	Hoya, Sungyeol and sungjong with Bae yong jun. look..sungyeol's hand! http://t.co/0qXMyy9J
262468530409205761	positive	@Epithemiou Hey Angelos have you never thought of matching the food with wine on Saturday Kitchen, a perfect job for your delicate palate.
256350729332195328	positive	Siapin nih..Like A G6,That What Makes You Beautiful,Just Dance,Boom Boom Pow! Ready for the day after tomorrow
100092222699081728	positive	Went to see "Rise of the Planet of the Apes" tonight. It was pretty dope; I give it 5 Bananas.
262578597447991298	negative	Frustration for Kobayashi, Perez in India: Reaction from Sauber, Caterham, Marussia and HRT after the Indian Grand Prix on Sunday.
100032906751258624	neutral	I caught Adam Jones home run tonight, check me on ESPN top plays at Midnight! One handed w/ a soft pretzel in my hand on my iPhone
263716188805283841	neutral	Live at the Roxy on the 11th of November!!! get your tickets now! http://t.co/iXElrfWD
255623063876538368	neutral	So I thought yesterday was Tuesday. I'm thinking today will be a little like the movie Ground Hog Day.
96679152068988928	negative	@charliemax Democrats will quickly implode and concede.  Obama will either veto the Boehner bill or invoke the 14th Amend...then IMPEACH!
264213446374076417	neutral	Anybody going to Long Beach Comic Con this Saturday?
254763594749710336	negative	Anyone know where I can buy arolladora tickets? For pico Rivera? On the 14th?? WSS sold out:(
261275586255802368	neutral	Working tonight is seriously interfering with the fact that its Wednesday and The Challenge is on #wahh #getmeouttahere
100062692756295680	neutral	RT @GaGaInfo: For those who haven't heard, Lady Gaga has attended Britney Spears' Femme Fatale Tour tonight! GodgaLovesGodney
187742971859451904	neutral	Track meet tomorrow South Florence, Timmonsville, and the worlds finnest West Florence #tracknation
263996792373387264	neutral	The total number of Distressed Properties For Sale declined for the 4th straight week to 282 in Fairfax, Loudoun, and Arlington
244601001510846465	neutral	About to watch Safe House for the 1st time... #Redbox #Latepass
232845999448670208	positive	@ATLHustlerClub so stoked! i'm going to the irving plaza NYC show on november 18th c:
255551158301634560	positive	4 more days to go and we're off to the @bycLIVE London Conference on Saturday - we're excited to network with other Youth Councils again!
244847551315054592	positive	@MovesLikeRoy: I luv seein all the thik sexy footballers return 2 the gridiron 2day! <--*THIS* And the #sporno that is NFL Combine in Feb!
106327590406598656	neutral	RT @robstaton: From now on our commentaries will be FM one game... AM & DAB the other. So tonight Everton vs #SUFC is on FM, Blackburn v ...
100049306941276161	negative	Pretty upset I'm not goin to see the jets practice tomorrow /:
111406627818717185	neutral	RT @Carly_Coughlan: Big Brother last night on Channel 5 peaked at 2 million and beat BBC TWO, ITV1 and C4 in it's slot. Plus CBB Final t ...
263840156333768704	positive	Excited about @UseClear for Mac...November 8 can't come soon enough! Clear for iOS + Mac = minimalistic todo list nirvana.
264167430564237312	negative	Upset alert in ACC men's soccer: #1 Maryland down 4-2 to Wake Forest late in the 2nd...AND down a man after an earlier red card.
262136823449526272	negative	Worse thing about Saturday morning TV! The omelette challenge - pointless and annoying TV, even James Martin looks bored!
259802064803217408	neutral	What will happen to #PortChuck if Port Charles voters vote to change the name of the city to Port Pine View on the Nov 6th referendum?
214864129553477633	positive	I rented Sherlock 2 and Ghost Rider 2 this last friday! They were both good! I rented Journey 2 last night! It had a really cute guy in it!!
262845848713584641	neutral	Demon Gaze, a next-gen Dungeon RPG for the the PlayStation Vita [1st trailer and screens]: Kadokawa Games today ... http://t.co/BBuO2Vzt
100668742882705409	neutral	@PsychoSix-Smoker Beohner "got 98% of what he wanted."  Fact: Dow down 634 today and Boehner OWNS every point. #p2 #fok #maddow #teaparty
243903832139132928	positive	So apparently tomorrow is National Kissing Day. I'm gonna eat an entire bag of Hershey Kisses and call it a day.
263451729411072000	positive	@jodiianto Lmaooo that's def in Ajax. I guess I'll give it to ya in December :)
249229909917069312	neutral	Edsall gotta play the Gregg Williams tapes in the locker room before the game tomorrow.
195517229989756928	214168111	neutral	@Juliiaxxx Jaa ik mag, maareh kan je zaterdag stad? want heb die H&M card nog en die is t/m 29 april geldig X
219889336110415872	neutral	Yo unnu memba #AmbroZia THIS SATURDAY at Oneil's Place enuh!!!!!! Bear TingZz Production it loud!!! U hav u ticket yet?!?!?
109740407818166272	neutral	Four Lions is on C4 at 9pm Sunday if you haven't seen it
262949140676354051	neutral	In his session at the 11th International Cloud Expo, Brian Clark, Vice President, Field Services, at Objectivity... http://t.co/F827Jz6Q
259983635946565633	positive	Howay Newcastle beat the Mackems and then we can do them over next Tuesday! #NUFC #MFC
104290907716718592	positive	RT @DC_Zol: @ParamountUK #COWBOYSandALIENS Watched it last night, Cowboys & Indians (+plus Aliens too) - brilliant Western with a touch  ...
111523236113694720	neutral	Tonga will perform the first haka at Eden Park on Friday; the All Blacks can choose to do their haka simultaneously or once Tonga finishes.
261621725618401280	neutral	Time for Thursday Night Football as the Tampa Bay Buccaneers take on the Minnesota Vikings. #NFL
259561711005212673	neutral	Watching the 2nd Ghost Rider film is like watching Nicholas Cage go through a drug induced psychosis.
100047490711158784	neutral	i shall now spend the rest of the night on Netflix. #addiction
234228215365906433	neutral	nickelodeon slimefest is on saturday 15th of September at the Hordern Pavilion near moore park feat. justice crew, stan walker and many more
263322298147303424	neutral	has ny budy have idea about at when we will receive study material for the BCA 2nd year for which the exam will held in December, pls advise
263477931916021760	neutral	I want to go to Chapel Hill tomorrow for Halloween!
235472255046529024	negative	@GuillemBalague @SkySports He has 3 years left on his deal so AFC's resistance may be to strong. Where do you predict Espanyol will finish?
259080015503835136	positive	My Sis won tickets for the Jonas Brothers concert @ Fort Canning on Monday....
103142957296795648	neutral	The final B-Lg draft pick game is tonight on MNF (ESPN).   @sfgiantsfan55 (NYJ) vs @OsunnyG (HOU).  Current leader is Ken with 27 pts.
217893365218414593	neutral	I'm going to Cypress Hill at Open Air Gampel Festival in Gampel, Switzerland - Aug 18 http://t.co/otIQ07Jr
259140700338278400	positive	Last day to buy SPC cards is tomorrow! Please support so we're able to give you an awesome Halloween!
104472362187104256	neutral	Signing flat papers today and then skating with my new Derby chickas tommorrow #nervousmuch!
255759543466852352	neutral	Cliff Avril on whether he would have been healthy to play on Sunday (Lions on bye): "I would have played."
261315391794597888	neutral	@AnaBanana12 do you like @OurNameIsFun? Presale is tomorrow for Jan 31st show at DAR Constitution Hall.
255724676901376001	negative	@bhhopppps_24 and I'll pull out the Kentucky Derby  picture from 9th grade. #blackmail
263380499597234176	negative	Without Carl Nicks, Bucs to shuffle O-line: Some major news out of the Tampa Bay Buccaneers on Tuesday afternoon... http://t.co/jAXDgq0P
253978328933998592	neutral	@spiderholster Please help! Love my holster bought Feb '12 at WPPI but it's frayed in many places. Urgent need for help b4 Oct 27 wedding ta
255403512081551360	positive	Congrats to team Spleaders for winning the Kickball Tournament that was held October 6th! http://t.co/D3gwQrgI
259079924441284608	positive	Hopefully watching the Lorax will get my mind off tomorrow
264058599624540161	positive	So excited about the opportunity to go listen to @drlindseyduncan speak in Knoxville, TN tomorrow night!! Looking forward to learning! :)
100002367457603584	positive	@first_and_15th yees I'm down. All my Detroit frnds always talk about those malls but I've never been there! It's gna be my 1st time yaay!
260576874567176192	neutral	All my coworkers go to Brookwood. That's the only reason I may go to the game!
263829163868291072	positive	Jeremy Lin was a +23 for Rockets in his debut. That's the 2nd-best plus-minus for him in any game in his career.
112747052827545600	positive	Family Guy on Netflix, I think I'm sleeping downstairs tonight
174423831245627393	neutral	watched Unofficially Yours with Richard Mark Morcella, his partner and Jaja Abastillas
102432588098056192	positive	Yassss, Deus Ex is actually out 26th august. that's brightened up my day a bit:)
102976668825698305	positive	@hughhefner Make sure you & the girls watch seasons 1-5 of #Dexter, before season 6 premieres Oct 2.  Seasons 1 & 4 are the best!
112504781687357440	positive	Last night I had a dream that I made it to the VMA's , & I was on 106&Park talking about my album coming out. Time to make it all a reality.
100197531790745601	positive	Glad to see the coaches are paying attention to their poll. Auburn, which is likely to finish 5th in SEC West, No. 19 in country?
262408059022897152	neutral	@pushplayjt the @okcthunder should have traded @JHarden13 for Monta Ellis and 1st round pick... #smh #bucks #thunde #bemilwaukee #BucksPride
263983815372992512	neutral	Video of the 1st points for Anthony Davis, Lin, Harden, Rivers, Drummond, Harrison Barnes & JRich on their new teams http://t.co/wWDtUItU
264256276199010304	neutral	Downloading different versions of the Greek alphabet song to listen to on repeat on a Thursday night.. This is my life now..
101665177153454081	neutral	Since Tottenham's game against Everton was postponed, they will start the season against Man Utd at Old Trafford on 22 August. @xuanyi7
247259170401812480	neutral	To anyone who hasn't seen the 1st half of David's first ever recording for Nandito Ako, check the link below! http://t.co/p2O83qRW
260188814633492480	neutral	@kylepetty : Pit road speed limits are the major cause of fuel mileage racing. The King's 7th Daytona 500 win is the only mileage race prior
100590944558125057	neutral	I also had a dream last night that football season started and the Ravens were playing the steelers and Ray Rice was running all over them
264058381835333632	neutral	Join Phil on November 8 at the Better Software East Conference in Orlando where he'll be speaking on How to... http://t.co/4kf840Xg
254246440627486723	neutral	We got tickets for the Late Show with David Letterman which will air tonight!  Look for us in the 3rd row.  Billy Crystal is the guest.
263925399053021184	neutral	@ForeverJeTi: Tiffany will be one of the MCs along with CNBlue's Yonghwa and Beast's Gikwang for SBS KPOP Super Concert on November 10.
175896455565938688	positive	@Novomix30 good field for Paris-Nice. First sportive of season for me tomorrow so good weekend off and on the bike
199151378256510976	positive	Happy sixth of may, or what's referred to as national Hate the Inventor of the Margarita Day.
263321723997413376	neutral	Remember to all my basketball people here NBA League pass has a Free trial from now to the 8th of November
100092772228403200	neutral	RTRTRT @GreenDaySoul: RT if you love the song called last night on earth by Green Day.#IndoWantsGreenDay
237956036340895744	positive	The only 2nd coming I'm interested in is @springsteen bringing his Wrecking Ball back to the UK  #HisAlmightyBruceness
263795814470664192	positive	Aww love you Austin Rivers and happy to see you get start in 1st NBA game...but it's against my boys, LETS GO SPURS! #Spurs #NBA
259513924079190016	neutral	Beyond Obama's Hope: the work of Shepard Fairey http://t.co/mirRNqMR
103007027080605696	negative	if the #iPhone5 doesn't come out on September 7th, I'm suing Steve Jobs...I can't put up with the Motorola Razr much longer..
264067748462723072	positive	The 10th Annual Colossal Castle Contest has begun!:  The Colossal Castle Contest is one of the longest running L... http://t.co/1myXTi8N
198113428232077312	neutral	Gotta get my liver/kidneys ready for Saturday -- Cinco de Mayo! Or, as I call it, National Margarita Day #2.
263966422387011585	neutral	@morgwolfe @jillianlucas3 @mack_mays movies Friday night! "Flight" with Denzel Washington!!! Don't make plans because I just made plans!!!
264156172909674496	positive	Oh and we are playing @ the United Center at 1pm on December 1st COME SUPPORT US AND BUY A TICKET FROM ME TO WATCH THE BULLS!!!!!!!
264009022850613250	positive	Excited for tomorrow's Photo Session with Indhi fashion design studio at TheLoniousStudios http://t.co/TkcVagnS
100167495461240833	neutral	@ageofben im in ireland at the mo bro, got your text, im back tuesday, meet wed maybe?
261798529536774144	neutral	Tickets have come to see #TheUsed on November 8th at the NIA! Sweet, even though Evanescence are headline I'm just going to see The Used!
261271791769636864	positive	Gonna ride the Love Train tomorrow..dig it ...Soul Train...Ojays. .bad ass...do it... https://t.co/H6BwziP3
112775987275640832	neutral	Charlie Sheen's "winning" ways get roasted on TV: LOS ANGELES (Reuters) - He may have looked like he was "... http://t.co/AzsR30A
263481107377422336	positive	@BerniePleskoff no problem. Are you going to be at the Rising Stars game on Saturday?
264170260767318018	neutral	@GetAPairOf_JAYS he cut Kevin and Jacob, did he tell u there's practice tomorrow
111344128507392000	neutral	I just typed in "the Bazura Project" into google images and the 7th image is a photo of my dad. Also Glenn with moustache is there. #WHATTHE
248561169445572608	positive	The late great Andrew Breitbart's new movie, Occupy Unmasked, comes out Friday. Who's going? #tcot #gop #teaparty
101119108082438144	negative	What if Cena wins the Undisputed WWE Championship match at Summerslam this Sun? A riot is very likely to take place!!
245276598138437632	positive	Foothill vs. Laguna Hills is @Cox3 game of the week. It airs Friday 11:30 pm Saturday 1 and 8 pm Sunday 1 and 7 pm 9/17 8 pm 9/18 8 pm
261038961206652928	neutral	India is the 132nd country out of 185 countries in the world to do business easily, by World Bank! Singapore is the 1st and 4th is USA!
208601188952834049	neutral	We'll be at the YPAAC Blondes vs. Brunettes flag-football game tomorrow. Doors open 1pm at University of Denver -... http://t.co/ygNbXNxx
240195388693413891	positive	The Snickerdoodle-Strawberry Ice Cream Sandwich is BACK!!!!  We'll be at the SR Wed. Night Mkt, Guernville Farm... http://t.co/c1OS35kC
102402303105048576	neutral	SHHHHHH secret party! TONIGHT! Meet at the Brooklyn Bridge http://t.co/gPruFtl
263181656796585986	neutral	From our matrimony and vacations department - the "Wed 'em 'n' Spread 'em" marriage and honeymoon combo. With daily party rafts to Somalia!
263734976003059712	neutral	#map: Somalia: Somali Refugees in the Region - As of 31 October 2012 http://t.co/O2WaeLyF #UN
104186079791423488	neutral	RT @ImJustTez: COWBOYS ! RT @AdamSchefter: NFL just declared Terrelle Pryor eligible for the supplemental that will take place Monday, A ...
263137858599153664	positive	Thanks, Dave! Great show tonight.  Sorry, Craig. I've got to get to bed. I'll catch you tomorrow. @Late_Show  David Letterman
105363020154273792	neutral	Storms are starting to pop. Storm motion today in Tampa Bay is NW at 10-15mph so if you see dark skies to your SE...
100170016875491328	neutral	Wonder if the Spurs shop got looted last night? #doubtit
243532170847731713	neutral	When all is said and done, Fluke will still need a job.  DWS are you watching?  Never mind you are out of office Nov 6.  #tcot
224102818594832384	positive	It's Josh Bradley's birthday tomorrow. So what time is the party? LOL
103610752316870656	positive	The complete 5th season of #Dexter is available on DVD today! Or you could just watch it On Demand.. http://ht.ly/64rcd
256548792298520576	neutral	Anyone going yo watch the Lakers vs Heat game in Miami February?
264253391369285632	negative	Martin must be dreading it. It's make or break for him tomorrow. It's the nature of the beast
171315670653480960	positive	Khader Adnan is a hero, he's the Palestinian spring and hopefully the spark of a 3rd intifada. #KhaderExists
262718268794609664	neutral	Wait what's suppose to be going on tomorrow at cypress?
264242247283920896	positive	It's so early here in Germany, my American friends are just now getting drunk. Off to Prague, knuckleheads! Talk to you on Sunday! #CzechRep
103399578719621120	neutral	RT @djlogansama: After Hours tonight - Jammin, Dimples, Durrty Skanx, Harry Shotta, Byron & Romo audio download: http://t.co/gV3p2wn> BIG!
264141898913050624	negative	@SiClancy didn't BR want to ship him out in the Dempsey deal? He's 6th choice at min behind LL, JA, SG, NS, JJ. Who will take Cole and co?
100230453109325824	positive	Having a good Sunday, sooooooo happy that college and NFL season is almost here, the weekend sucks without football!!!!
240215933455585280	positive	@sandraa0407 @Stillsanna @JRoyaal Dongwoo's reaction to 7th rank is just hilarious!!! xD
264237398609780736	positive	Good Luck to @lilpeterr tomorrow at the #FreakShow in Las Vegas !! Get after it man. You're going to smash on fools! :)
263374051026821120	neutral	@oceanaswansea is it true LMFAO are there tomorrow ??
260851260956221440	positive	@TeamStradley mines personal thinking Tebow is better then Flacco. I don't care how bad he played Sunday
196619895948062720	negative	Giants 3rd-round pick failed drug test at NFL Combine: Jayron Holsey knew it would hurt him bec... http://t.co/PZPzx0Dv #newyork #sports
264221354952380416	neutral	@TGood52 ima hit u up tomorrow.  Aye i still laugh at that ufc beer pong from u had in the garage at AZ lollll
217966300725657601	positive	Hopefully doing a meet and greet Friday Night With Stan Walker and Elen Levon :D  Bring on the celeb life!!
100078457249210368	positive	@360FromTheEdge Happy B'day in Italy :-) I know it's tomorrow but party is today! enjoy your time a mom&davide my disabled boy: we love U2
261677896127627265	positive	Btw come rock with us on sat in Covina. Ill be in costume. Wear yours as well so I don't feel like in 12z http://t.co/xsAdYZba
209563908430770176	positive	LIPA 4:19 http://t.co/tAjnLOaV beat the bad weather join us for our taster sessions wed and thurs at Joseph wright centre
100091807853068288	negative	@ScoreboardSteve I gave Verlander a slight edge over CC, but after today against Boston, he is no Cy Young material.
261370795564085248	positive	Noel Gallagher tomorrow.. can't wait to see the legend!!!!!
256942247784873984	neutral	met Slum Village, Just Blaze, and 9th Wonder. saw Fred The Godson, Raekwon, Nipsey Hussle, and Trae The Truth perform, all in one day.
235765330746695681	neutral	Kinder Morgan Foundation grants of $1000-$5000 for education are due the 10th of each month. http://t.co/bk43mKQz
263640792415997953	positive	@CUTE_AF I'll make you the cd's while at work so you may add it to your collection if you like! lol :) Girl Poetic Justice n Gold Alpinas!
264162375182217217	negative	@joeeewilliams that sucks, amazon might have some left .. hate that i won't have it until 11am on Tuesday though
111597464968101888	neutral	Pavol Demitra with the Blues: 5th in scoring ALL TIME with 493 points in 494 games, 2000 Lady Byng Trophy, & 3 All Star Games in 8 seasons.
225114137250889729	neutral	Lightweight might go to the royal rumble in phoenix in January
257855290920280064	negative	Of course I'm not home when my team in town  :/ "@SteveyC16: Knicks vs Celtics preseason game in Albany this saturday....who going??"
101574714840977409	neutral	Coming home tonight, I saw a "We support Italy in the Rugby World Cup" in a hair salon in Newmarket. Ha! How come... http://fb.me/FqjKXVEB
100636341393559552	neutral	Internship Website Launched in Nebraska: Nebraska Governor Dave Heineman today announced the launch of a new web... http://bit.ly/puZdEw
256465357336895488	neutral	OK, who's going to Dethklok, Black Dahlia Murder and All That Remains in Oakland Nov 26? http://t.co/fRDYgdWQ
264113797667622912	positive	I love the drive to Starkville can't wait till I make it into the college in January #AChiversParadise #onthereal
264096306572713984	neutral	B-CU Fans: A live video stream of Saturday's football game vs. Morgan State will be available at the following link... http://t.co/o5ROL0ND
224486559007780865	negative	I'm at a sweet 17th party now, n saw someone that looks like Song Joongki. Omo! Too bad, he's younger than me, ahahah.
202882754491326465	positive	Pastor Winans will always be cool wit me because 'Tomorrow' by the Winans is one of my fav gospel songs!  And he sent my Nippy home right!
259297553886101504	positive	Grab the latest issue of The Record out on campus now and stay dry this morning! Happy Friday!
263825480262762496	negative	Sister is rubbing it in my face the fact that she has no school tomorrow and I do, #ULazySackOfShit Thalia Its all love though lmao
176907848574439424	negative	Didn't get a chance to post this the other day. Goodbye Ralph McQuarrie. May you return as a Force ghost to guide young artists... #StarWars
257905485393567744	neutral	@rdew925 @ErieOtters are having @MonstersHockey day Saturday. Want to go? Avs prospect Michael Clarke plays for Windsor.
262290898602319872	neutral	Greenbrier & Summers Counties have just been placed under a Winter Storm Watch for Monday night through Tuesday... http://t.co/MzibczZ1
260947943882911745	positive	Happy 17th to HRT! We love you!!! @ Shan & T-Bone's http://t.co/NSmZQTnI
258379289462968320	negative	Monta Ellis commits his 1st foul! He's cold with 2 missed FTs, a foul and a miss to start Q3. #Bucks trail #Bulls 70-60, mid Q3.
245645831494066177	neutral	Anderson Cooper and Kristin Chenoweth on His Coming Out: Anderson Live premiered Monday, with Kristi... http://t.co/ShOnXlDa #gay, #lgbt
100019348588077056	positive	Win or lose I think most Dallas fans would agree it's just great to play in games as big as this one tonight again after yrs of mediocrity.
261096758728331264	neutral	Andre Villas-Boas has played down speculation that he is already lining up a January bid for Brazilian Willian. -jla
208446714837876736	positive	A signed Tom Boonen shirt is only one of the items in the #EYclassics auction. Curious for more? Joing us this Sunday! http://t.co/glKiVhIx
251562626843283456	neutral	Tomorrow I'm downloading some Chance the Rapper and Nipsey Hussle
100124007289978880	positive	RT @msolveig: We love Italy ! Tonight in Marina di Pietrasanta with @IamLafaille
263994209206415361	neutral	@sophiebould @DennyDingDong @dave_cooper @RobinSavagePics not checked with Lou but 22nd def out can do 21st though. shall i text Baylis?
228956189000597505	positive	Han mon dieu le remix de I am the best dans Dream High 2, je meurs XDDD
259045070257393665	neutral	Zimmerman to appear in court: A notice to appear was filed Thursday in the case against George Zimmerman. http://t.co/qOhwpzcr
264054028089036800	neutral	Another 4 hours of Science tomorrow before I'm at my grandma's for three days and KWVR for the HST and Standard 4 on Saturday! #WeekendPlans
118212675707744256	neutral	No Andy Rooney on tonight's #60Minutes?! Can someone make sure that he's still alive?
262979301463433216	neutral	Vronsky in the Philippines? Banana Karenina banished O'Trivia to Siberia last Monday Night at Red Lion Tavern!
247857995495665664	positive	It makes me happy to see that Ron Jaworski isn't on Monday Night Football. Suck it @jawsespn
263251125598310400	neutral	Boarded up and Evacuated: Ritz Carlton at the Battery http://t.co/TfX4RAhI--stayed her with @JasmineAlexis for her 21st bday
226884412694994944	negative	Anyway, sorry for these random tweets about The Finder. unfollow for the night. I'll be back to normal sports stuff tomorrow
253973298873004033	neutral	@Way_Too_Dope_ they've been letting Gregg Williams go to the Rams game they MIGHT let Sean Payton go to the game Sunday, and Loomis and Vitt
100061423287287808	neutral	@A_Bautista26 Wow really? I go to Mexico every December to spend the holidays over there.(:
233963644122185728	neutral	You know you're in SF when, on a thurs night at 6pm, there are people lined up around the block to see Reid Hoffman.
102115800701337600	positive	I saw a photo of Aaron Rodgers with some awesome scruff going on today. Did I mention he was at the White House today? IZ COOL.
212172954275037184	positive	Tomorrow by The Winans is on my heart so heavy this morning... Wonder who needs to hear it!
207610356141531136	neutral	@MACCartel412 @Looney412 @jungphil609 just added to the June 15th show at Rex Theatre! @TOLLYBANDZ LIVE!!!
264230793386283009	positive	RSVP for the Annual Dinner closes this Monday! Be sure you register via the website ASAP :) http://t.co/UFwG2rlC
246382892685615104	positive	Eric Arc Elliott may be the best rapper in Flatbush ZOMBiES.
100002521464053761	positive	Going to see Rise of the Planet of the Apes tonight...oh yeah.
264237743578685440	positive	@JbaGs17 good looks homie, Im goin to pretty lights tomorrow night so lets burn it down ASAP after that.
259720938365542400	positive	Had a wonderful workshop on Thursday at SAG office with Carol Nadell of Selective Casting. She is such a... http://t.co/lMvxPhsh
100167365307797504	negative	RT @A_Arshavin_Fans: The safest place to be in Tottenham tonight is the Spurs trophy cabinet.There's no chance of looters visiting there.
260807368214986752	neutral	@DanicaPatrick  I just ran a marathon on Sunday with my hair bright pink for BCA! #BecauseICare
262650827418783744	neutral	Who starts at QB on Friday? I'd play Nichols. Have said that all year. He had a big Q4 with key targets and has already played Calgary.
100155398174150656	positive	So u tx me and ask if I can spend the night.Haha I DON'T EVEN KNOW U (Kevin hart voice) haha
101136546928926720	neutral	Currently scheming with @wernickVT . Tech vs. Clemson in Blacksburg October 1st? I think yes. #oolegooo ! be prepared @vtrel. It may happen
259024949740711936	positive	Home now and I am sacked out with my puppy on my couch on the afternoon sun after a long Thursday... Douglas Adams was a genius #HHGttG
263488695225692160	neutral	STAR's office hours are in SCC room 324 Sunday and Monday: 1-8pm, Tuesday-Thursday 1-9pm Come talk to us about anything!
255622566180421632	negative	News Release 09 October 2012  Customers of the Negros sub-grid experienced a partial outage today at 5:45PM (cont) http://t.co/TLekrZox
262196878538592256	negative	well...i wanted to go to the black forest tomorrow and take pics of the leaves. now i'll have to take pics of the snow. #thanksweather
109076990899916800	neutral	(Droid-Life) Additional Confirmation that the DROID Bionic will be Here September 8 http://t.co/M0cIbmK
263996143199993856	negative	Ghost Rider: Spirit of Vengeance was a lost cause. You had nowhere to go but up after the 1st movie. And then you decided to dig a hole...
176884776194686976	neutral	Geoff Shackelford: Honda Classic Ratings Up 78%: Michael Hiestand with the http://t.co/bhTkmp2i http://t.co/lpceXHmM
257425054353195009	positive	1D have a surprise for Aussie Directioners with whispers they may return to the Australian Xfactor! http://t.co/WSuHZyGf (via @Navigating1D)
262511757115944960	positive	I love watching Mersey side derbys but you just know Mariner will ruined it in the 1st 10 minutes
264143660394901504	neutral	Springsteen is here Sat but if that's not your thing Rick Ross will be in Lexington the same night at @Rupp_Arena http://t.co/7SX6vy0r
251395341772009472	negative	Acta gets the ax. Wrote about him and other managers on the hot seat on Tuesday http://t.co/wXmASsbT
255383517456916480	neutral	The Fall Career Fair is this Wednesday 10/10 in the Murphy Center from 10am-2pm. Free to all MTSU students and... http://t.co/LxieTioy
117186087671181312	positive	Would love to know the truth about Amanda Knox. http://t.co/CqW8Nbw8
258670735831216131	neutral	@BlGJ0E @SaltAndHepper Preview of the NFC Championship game Sunday?! I'm feelin' an offensive shootout hahaha #Vikes #Cards #GameOfTheWeek
250104211570823169	neutral	Saw this after the game Saturday.   @ Former Site Of The Now Removed Joe Paterno Statue At Beaver Stadium http://t.co/mwGzBUWR
258918845417418752	neutral	Ivanovic reaches Kremlin quarters: Ana Ivanovic advanced to the quarter-finals of the Kremlin Cup on Thursday by... http://t.co/xbIC4XmT
103399007484772352	neutral	So far today Ive been asked who will win the Rugby World Cup and what the score would be between Darlington/Fleetwood
100110048285564928	negative	@paulm340 Haha! Unlike Scotland, it's bloody scorching here this morning, having my brekkie outside before heading out  - later!
264215131683164162	neutral	Natalie's visitation is at 3-7 tomorrow at Zeimer's East on Hebron, the funeral is at 10 at Holy Rosary on Saturday. Msg me if you have ?s
103233636798701568	positive	So pretty much im gonna believe that myt 10,000th tweet will come sometime tonight during the MNF game Jets at Texans on ESPN
264061376719376384	neutral	Choirs off next Friday or the one after that... Tryna get a handful of people to go out somewhere for dinner... Anyone interested??
264079295243223041	neutral	i may or may not be obsessed with Poetic Justice.
247202347762200577	neutral	@_OGlena going to Berkmar game Friday ?
254600864868749313	positive	Breezin' won the Best Pop Instrumental Performance at the 19th Grammy Awards
261062686115246080	neutral	Nascar Daytona 500 New Journal Complete Feb 19, 1978 Newspaper from the Daytona 500 Race http://t.co/UiizopGu #eBay
264076328855273472	negative	Israel's red line on Iran: 240 kg [of 20% enriched uranium] // Number was put to Netanyahu and he "did not contest it". http://t.co/XnKk2CSr
263532553460408320	positive	Tryna be more than temporary , love you everyday like February . I'm tryna make us soo official like #loverboy
238057757188702208	neutral	Who going to Club Bodi tomorrow
256665577408581632	positive	Last day of our MAX conference here at Twickers with Mark and Eric up presenting the Roadmap after an awesome 1st day yesterday #MAXCC
100017009445699584	negative	PRAY NO ONE GETS HURT OR KILLED IN LONDON TONIGHT GUYS. This looks like it's gonna go on for hours.
246096300930654208	neutral	Tomorrow night Roger Sanchez at Cielo get on the guest list here; http://t.co/LiLeHZZQ   VIP RSVP... http://t.co/palaUgOA
101435434487382016	negative	@princesslisa I want Sanchez to go away and have Mota be 5th starter!
261454218358042624	negative	IEBC warns it will revert to manual voter registration if BVR kits delay, says poll timetable may change.
259014085281185793	neutral	SPC is bring Giuliana and Bill Rancic for Breast Cancer Awareness month on October 30th in the GC Ballrooms for a FREE event! Check out...
100967212612980737	neutral	RT @nyjets: This afternoon's Jets training camp practice will be closed to the public due to heavy storms heading toward Florham Park, NJ
231543017868247042	positive	TOMORROW!!!! @ForeverTheDay will be playing at the Strawberry Festival in Watsonville from 11am - 12pm! Come out and support FTD!!
259369787858227200	neutral	@A_Collier The Galaxy S III will be available in select stores this weekend and in all MetroPCS stores and our website on Monday the 22nd.JG
264180595557539841	negative	@justinbieber is gonna be in Louisville, Kentucky tomorrow & I can't go to the show. I guess I'll just sit and listen to his music & pretend
161143598816038912	neutral	@chelseafitch @chelss_lewis WPPI starts the 19th I believe.  That's why I'm flying out the afternoon of the 18th.
264216613400752128	neutral	I should've been guarding Parker on that last play. He may have scored but I bet I would've been on the right side of the court.
249638331422474241	negative	Our 1st SEC contact about NYSE delay (7/2010) was none other than Mark Donohue. Same guy who botched early Madoff inquiry.
201602804169715712	neutral	Looks like Indonesia will face the Pats in the semis. Warriors lead the Singapore Slingers, 77-67, with over 6 mins left in the 4th
264096814926528513	neutral	The cast & crew of #TheCuriousSavage! See it here at ASH November 16 & 17! #FallPlay #ThespianGazelles http://t.co/P45cRX6l
263965009741225984	positive	Roma enjoying a run in the sun http://t.co/mI6hCu86
263603782045270016	positive	If you haven't seen your Good Giving Guide yet, check it out online.  The Challenge starts Nov 1 - we appreciate your support!...
263213019063013376	neutral	@Manlyboyze I would put Gillard 2nd best behind Hawke, Rudd 3rd, Keating 4th, then all the rest, then Howard last #Showdown
253584132129583105	neutral	For the French fan of @RobLowe The tvmovie : Drew Peterson : untouchable Will be broadcasted Thusday 16 October at 2:55 PM on #TF1 !
264181786802806784	positive	#FRIDAY Love that movie, Kinda awkward watching it on Thursday tho ...
247123100339150848	positive	I liked 'Kendrick Lamar - The Rave / Eagles Club - September 22, 2012 ...' in the The Rave / Eagles Club App http://t.co/CVb3RIxS
176593373350739968	negative	Idk how I feel about The Kandi Factory. Kinda cheesy? Yeah. This was a bad first episode. Not good enough to be a Sunday night show.
100395197317398529	positive	@VH1 We're so happy AdamBehindTheMusic trended in the US & worldwide tonight!! Thanks so much for showcasing Adam on this special!
252158370193223680	positive	Space and @BarbicanCentre were the Place tonight. The Sun Ra Arkestra was brilliant.  @ Barbican Centre http://t.co/hxhooS9O
215573277056315392	negative	Cofield should have hopped off the DM sticks after his 3rd year. Niggas was tired of him lol
264243350260027392	negative	Think imma go see Flight tomorrow.. Denzel's the shit
103458972203368449	neutral	Today, Wisconsin's last two recall elections will be held. @pmwenzel looks at the candidates in Kenosha's race. http://ow.ly/64mE0
251601887701372928	neutral	@AudioVixen3 Wait I think I know who it is. I may be wrong but I swear in an interview one of you said you'd like to sing a Stan Walker song
260829007694680064	positive	Babysitting all day tonight... blahhh.. but cant wait for Friday!! Club Pulse baby!!!! Whoot Whoot!!!!
263868187383300097	neutral	Ajax caretaker coach Jan Pruijn jokes he needs to sideline top talent  Billiat and Manyama played best after... http://t.co/16PIFEZI
264197758964101120	neutral	@_Addrriiaannnaa yea , I just been in ISS i'll be back tomorrow
261127405769465856	positive	@T_yeon9 eonni!!! please win the MAMA award for OST! Fighting! and take care, i want to see you on Jan 19... an ordinary fan from somewhere!
103383378350440449	neutral	So do I go to watch Rise & Super 8 today and then Cowboys tomorrow? Or do I leave it and do all 3 tomorrow? But be bored today...
100500162224467968	neutral	@missDCdarling We've got Leonardo da Vinci: Painter at the Court of Milan coming up in November, how does that sound? http://t.co/U0dHRjy
263482993690161152	positive	Psych and garage rock fans will love @THEVACANTLOTS @LovelyBadTweets & @__cosmonauts__  at the Echo on Nov 6th! Tix http://t.co/Kh7ZPEqE
263487091659395072	neutral	PSN Tuesday: Assassin's Creed 3, Okami HD: You can buy all the Assassin's Creed you can handle on PSN today. Both... http://t.co/APdsC4ZI
251397216802066432	neutral	Nothing is going to change between now and Wednesday. If Acta has went this long w/o being canned, might as well finish the season w/him.
260223269553192960	neutral	@GregABedard fans on TV before the 3rd & 16 late in Q4 had the "oh no, here we go again" look.
