724	negative	This is hypocrisy from David Cameron % not that long ago his policy commission was actively pushing for the complete deregulation of the mortgage market.
1040	neutral	I have been the member of Rajya Sabha from Madhya Pradesh for last three years and this state is not new for me,
405	neutral	In the event of non-compliance with the above decisions, SADC shall in collaboration with the African Union and the United Nations consider other options to restore constitutional normalcy,
812	neutral	by William A Fleckenstein that his policy of keeping rates too low for too long inflated the housing bubble. The collapse in the US subprime-mortgage market led to about $1.2 trillion in write-downs and the bankruptcy of Lehman Brothers Holdings Inc. Given the decoupling of monetary policy from long-term mortgage rates, accelerating the path of monetary tightening that the Fed pursued in 2004-2005 could not have prevented the housing bubble,
1007	positive	As far as I am concerned the National Anthem should stay exactly as it is, which is fine. 'Secondly, those lines are so utterly banal that even an 11-year-old would disown them. 'I am perfectly happy to be British and perfectly happy with the National Anthem as it is. I certainly don't aspire to rewrite anything.
1479	neutral	President Emil Boc made a briefing connected with the stage of the discussions with IMF, the European Commission and the World Bank. It is an accelerated agenda of the discussions, and the president emphasized the preventive character of the loan meant to counter the effects of the world economic crisis,
408	neutral	Every day it becomes clearer that the Durban Review Conference is not about combating racism, but about promoting anti- Israel and anti-Semitic propaganda within the framework of the United Nations. The Obama administration and Secretary of State Hillary Clinton deserve praise for sending a strong warning signal to the UN. Unfortunately, the efforts by the U.S. administration to ameliorate this process have not succeeded,
316	neutral	Is patriotism something you like only when it is brandished by Barack Obama?
953	neutral	In the case of Zimbabwe, it is important to note that we would need to do a lot in terms of fully repaying what we owe the IMF, the World Bank and the African Development Bank,
561	neutral	I have not made any decision about joining the BJP or merging my party with BJP. In return (of support), I neither want any seat (in the Lok Sabha polls) nor do I want to reach any understanding,
1383	neutral	Today's failed gilt auction should be of real concern to everyone. 'It is too early to say, but the risk is that at some point the Government will not be able to fund its huge debts, and that could push up interest rates for families and businesses at the worst possible time. 'The fact that the Government cannot sell its debt the day after the Bank of England Governor warned about too much borrowing vindicates the argument the Conservatives have made about the dangers of Labour's debt crisis.
740	neutral	Submitting to Hamas' demands would have dealt a mortal blow to moderate elements in the Palestinian Authority and the entire Middle East, while the extremists would have been greatly strengthened,
1309	neutral	 either this guy committed perjury on behalf of his client, Dr. Aribert Heim, or Ruediger Heim,
844	neutral	It [JLP] will be disappointed that profits are down so much, but M&S is going to be way down. John Lewis still has pricing power and is one of the few retailers that has.
780	neutral	Ukraine has cancelled its visa regime with EU member states, the United States, Japan and Switzerland,
591	neutral	Since June 2003, the European Union only allows imports of chilli products which have been tested and are certified to be free from contamination by the Sudan 1 dye. In addition, Member States are obliged to carry out surveillance of the products on the market. This system has proved its worth as since its introduction, several hundred contaminated products have been found on the market or at our borders, and have been recalled and destroyed.
402	neutral	This is in addition to the five million pounds (7.2 million dollars) that we have already given directly to the African Union for AMISOM,
1093	neutral	I wish that the year 1388 be the year of peace, happiness and prosperity for all Afghans. A large pole adorned with colourful flags was then hoisted-a key moment broadcast live on television during which some believe prayers can be answered and miracles happen. Many of the estimated 10,000 people who packed their shrine for the event told AFP they would pray for peace. Others like Ahmad Shah asked for good health or prosperity. I wished that my business would improve. I believe in Ali's miracles,
831	neutral	Our message to Abu Sayyaf is: Please spare and release Mary Jean, Eugenio and Andreas,
1112	neutral	I arrived in Indian Wells earlier this week and I am eager to get back out on court,
1245	neutral	We will continue to be surprised on the bearish side by the data that's coming out - this keeps the demand deterioration argument very much alive, and pushes the OPEC production cuts to the backburner, precluding OPEC from becoming a significant force in this market,
502	neutral	I like to win, to attack. My tactics therefore next weekend in Ofterswang and afterwards in the World Cup finals in Are will be to attack,
1196	neutral	Government policy is that servicemen have a priority within the NHS and I would hope that managers remind themselves of that.
1379	negative	We know from the Bank of England minutes that it plans to buy gilts - it is all about the details of that strategy, but it is not a positive for sterling one way or another,
370	neutral	We have tremendous confidence in Secretary Geithner , and we are working with the committees of jurisdiction in order to get nominees both up to Capitol Hill and through the process of getting them into government,
988	neutral	It is inevitable that this verdict will be compared to the acquittal of Ramush Haradinaj. This will additionally strengthen the impression about the Hague tribunal's double standards,
545	neutral	We certainly believe South Africa has decided not to give a visa to His Holiness the Dalai Lama under pressure from the Chinese government,
956	neutral	From the loan that we took up, EUR 5 bln from EU and EUR 1 bln from the World Bank are intended for the Finance Ministry. Not any EUR intended for the Finance Ministry and not any EUR from the money intended for BNR can go to salaries or bonuses. This money is for Romania,
1188	neutral	Lebanese Forces leader Samir Geagea and Kataeb leader Amin Gemayel and I have many differences, but my issue with Bkirki is strictly political and I thanked the Maronite Patriarch Nasrallah Boutros Sfeir for his stance against political bribery,
1406	neutral	Although their troops have been bravely fighting alongside ours in Afghanistan, it is welcome news to have them fully reintegrated in all NATO military matters and we look forward to working even more closely with them in the decades to come,
1355	negative	Microsoft did not tell us anything thus far
832	neutral	Larry King Live,
479	neutral	As in the rest of Europe, the Czech Republic is feeling the effects of the global economic and financial crisis, especially in the regions. The European Commission is working closely with the Czech authorities to ensure that they make the most of the EU structural and cohesion funds, in order to boost competitiveness and create jobs. In addition to reimbursing agreed project costs, the Commission will advance more than €1 billion in Cohesion Policy grants to support investment in the country in 2009; this i
731	positive	England need another batsman to establish himself. Andrew Strauss is good. Alastair Cook is going to be very good. Kevin Pietersen is unbelievable. Paul Collingwood is steady but Owais Shah and Ian Bell have shown only glimpses.
357	neutral	Currently we estimate it (the unemployment % Itar-Tass) within the range from 2.2 to 2.8 million people,
355	neutral	Le Figaro
732	neutral	I haven't offered much advice on this tour to Strauss nor have I been asked for it,
1209	neutral	Mrs Hani is a victim. The loss of her husband [due to Derby-Lewis' actions] has made her a victim. By participating, there is some comfort to the victim.
493	neutral	It is for the U.S. to decide how best to regulate Internet gambling in its market, but this must be done in a way that fully respects WTO obligations. I am hopeful that we can find a swift, negotiated solution to this issue,
1139	negative	additional pressure should be exerted, if needed, in order to force Hamas to reach a deal and become more flexible.
1008	positive	As far as I am concerned the National Anthem should stay exactly as it is, which is fine. 'Secondly, those lines are so utterly banal that even an 11-year-old would disown them. 'I am perfectly happy to be British and perfectly happy with the National Anthem as it is. I certainly don't aspire to rewrite anything.
592	neutral	High-quality, attractive translator training curricula provided by universities throughout the European Union contribute to a secure supply of skilled professionals not only for the Commission and the EU institutions, but for all translation markets
292	neutral	We accept the foreign forces on one condition: that Obama changes Bush's policies,
359	neutral	By going after big symbols like Coca-Cola, he is sending a message he will take on anyone,
1174	negative	The police do nothing. When we first went to them and told them that spurious liquor was killing people here, they just laughed t us. They said they had all died their natural deaths. Now, we will make sure that this mafia is completely rooted out of this area,
487	neutral	The European Commission wants the end of the technical negotiations in 2009. When ratification is concerned, there are various estimates. The Commission does not want to state a date
1363	neutral	There was no bust-up with Ronaldo - he was nowhere near me.
1192	positive	As our ambassador to Afghanistan, General Eikenberry will be able to draw upon extensive experience in engaging international partners and facilitating a more collaborative effort with the Afghans,
1542	neutral	&gt;Bharrat Jagdeo has handed over documents to Bahamian Prime Minister Hubert Ingraham, as proof of Clico Guyana's $6.9 billion (US$34 million) investment in Clico Bahamas. According to a report in the Nassau Guardian, the Bahamian Prime Minister told reporters on Monday, that he had had a face-to-face talk with Jagdeo at the Caricom Heads of Government meeting held last week in Belize. Ingraham told reporters that he had
1011	neutral	Could he really have believed that we wouldn't attack at the San Siro?
1338	negative	He has been up front about what he views and hasn't stepped back from that, which is he hopes for failure. He said it and I compliment him for his honesty. But that's their philosophy that is enunciated by Rush Limbaugh and I think that's the wrong philosophy for America ,
741	neutral	Peace... is a common and enduring goal for all Israelis and Israeli governments, mine included. This means I will negotiate with the Palestinian Authority for peace,
858	neutral	We had discussions with Pakistan President Asif Ali Zardari, Prime Minister Syed Yousuf Raza Gilani and Foreign Minister Shah Mehmood Qureshi,
1221	neutral	In this regard, President Motlanthe requested His Majesty King Mswati III, in his capacity as the chairperson of the SADC Organ Troika on politics, defence and security, to constitute such an observer team,
847	neutral	She's the one who's in crisis. Renamo's not in crisis. She was recruited by Renamo to be head of the parliamentary group. It was me who put here there. It was Dhlakama's will
700	neutral	The Health Ministry has prepared all the normative acts that go in public debate, and in two weeks the hospitals from Romania will be subordinated to the local authorities, as they are financed, either by Local Councils or by County Councils,
538	positive	Our generation has so much to take on our shoulders when His Holiness passes. The Dalai Lama has unified the hearts of all Tibetans,
1457	positive	This is a dream come true for 11 of our member countries. It will surely help to lift the bar of football in these countries. My sincere hope is that the governments and business organisations join with us in this FIFA initiative that will take the sport to even greater heights
1059	neutral	He flies off to Los Angeles tonight to be on the Jay Leno show,
514	neutral	If His Holiness's visa is refused, then I won't take part in the coming 2010 World Cup-related peace conference,
1577	positive	We know that right now the DRC government is continuing to pursue the FDLR to make sure there is peace, together with MONUC,
331	neutral	I believe the issue of the deployment of a missile defense facility on Czech soil was among the main and fundamental reasons for Czech society and the Czech opposition to criticize the government led by Topolanek,
1348	positive	He's a player who strikes fear throughout the Premier League by his aerial power in the opposition's box,
673	neutral	We could have been Governor of Canada living in Ottawa in the Government House,
1199	positive	All NHS providers will be legally obliged to have regard to the NHS Constitution, which gives patients a legal right to choice.
438	neutral	the White House intends to reissue a regulation that will be very similar, requiring cash be paid before it goes.
1055	neutral	We agreed with Naftogaz head Dubina that Gazprom would not use fine sanctions to Naftogaz,
1052	neutral	Comrade Basescu got scared of Crin Antonescu and realizes that as time passes, the chances of Basescu to be reelected decrease and the chances of Crin Antonescu increase. I don't think that this is a decision, but definitely Berceanu did not make this declaration at random, he probably wanted to test the reactions of the public opinions to such a political move,
753	neutral	But, it is also wider than just SA. There are areas where the rest of the Southern African Development Community can chip in,
1124	negative	We definitely don't want to see the goodwill of the international community exploited by Hamas and serve Hamas's extremist purposes,
1460	neutral	My forecasting record on this recession is about the same as the win-loss record of the Washington Nationals.
1147	neutral	the overwhelming majority of casualties were Hamas operatives and others who were, under international law, legitimate targets.
769	negative	All of this to-ing and fro-ing about who said what and when about Sir Fred Goodwin's pension casts further doubt on the competence of the minister's handling of this matter and on the conduct of the directors and the chairman. 'They should never have allowed Sir Fred to behave in the way that he did. 'Instead of this demeaning haggle over the size of the pension, it should be stopped.
916	neutral	I hope that Ed Miliband has taken steps to ensure that there is no conflict of interest. 'While the publication of the list of ministers
1449	positive	The agreement [with Yisrael Beitenu] will note that we are interested in a unity government and, should this transpire, there will be changes,
895	neutral	With this arrest warrant, the International Criminal Court has made Omar al-Bashir a wanted man,
581	neutral	If these plans are carried out, we run the risk of looking like a Third World country,
821	neutral	From the grandstand or on television (the cars) won't look or sound any less 'Formula One' than the current, ultra-expensive cars,
1525	neutral	Lieberman tried to delegitimize the Israel Police,
974	neutral	The Secretary-General is deeply saddened and dismayed by the assassinations of President Joao Bernardo Vieira and his Chief of General Staff, General Batista Tagme Na Waie,
1166	neutral	That's the value of the assets of Deripaska's companies, minus debt,
490	negative	Talk of a Grand Strategy betrays the real intentions of the European Commission. 'The idea that we might turn our military bases over to the EU, for projects the British people have never given their assent to, is a twisted fantasy.
1220	neutral	We have decided that for next season we will go with Luca Toni, Miroslav Klose, Ivica Olic and Thomas Mueller,
1216	neutral	national elections held no earlier than 20 August will allow ISAF to provide the right security conditions in support of the [Afghan National Security Forces].
386	negative	Vince Cable seems oblivious to the fact that RBS swelled the coffers of the London exchequer by £4billion a year over the past 10 years through corporation tax.
1558	positive	after conclusion of ratification process of the Lisbon Treaty, problems related to institutional actions will be overcome to a great extend.
450	neutral	Fatah tries to draw Hamas to recognize the Israeli occupation by putting pressure on us that the commitments of the Palestinian Liberation Organization (PLO) must be respected,
442	neutral	In his White House run, Obama assailed the economic policies of his predecessor, President George W Bush. But the dismal deficit figures, if they prove to be accurate, would amount to more than four times the deficits of Bush's presidency and raise the prospect that Obama and his Democratic allies c ontrolling Congress would have to consider raising taxes after the recession ends. By the auditors' calculation, Obama's budget would generate deficits averaging almost $1 trillion a year of red ink over 2010-2
1310	neutral	If that is the case, then someone is lying - either this guy committed perjury on behalf of his client, Dr. Aribert Heim, or Ruediger Heim,
660	neutral	But his chances that the US Supreme Court will grant his petition is very slim,
594	neutral	The European Union of course rejects each act of violence and if a new chef d'etat is established by pure force, military force, or against the constitution, that is not somebody we consider.
643	neutral	This is a serious matter for those airlines operating the 777 with Rolls-Royce engines,
338	neutral	Prior to Rod Blagojevich, we had George Ryan, and he's in jail,
1443	neutral	The Tories voted against Labour's radical welfare reform last week and are going to attempt to block it again in the House of Lords.
1421	neutral	When Gen de Gaulle decided to pull France out of the integrated Nato command,
702	neutral	Speaker Nabih Berri had a part in the Judiciary High Council, and that is why he did not oppose the appointments,
1295	neutral	NASA decided to hold an election to name its new room at the International Space Station and the clear winner is Stephen Colbert,
441	neutral	To have a successful presidency, the social life of the White House has to match the times. That's when it becomes such an added benefit to the presidency. It happened in its greatest form with the Kennedys,
1135	positive	I see no reason not to talk to Hamas,
930	neutral	There had been no talk with the Congress party regarding any seat sharing arrangement. What we can say right now is that the UPA (United Progressive Alliance) cannot form the government at the centre once again without Samajwadi Party support.
1111	neutral	The players want to finish on Sunday because they have to leave for Indian Wells (the venue for next week's ATP event), but we?ll see.
1150	neutral	Unfortunately, the banning by Hamas coincides with Israel's decision to ban the marking of the event in Jerusalem,
1039	positive	We got Kevin Garnett sitting on the bench and I didn't want to look down there, because I wanted to put him in,
1507	neutral	If Varun Gandhi's comments are correct, then it is very unfortunate,
1360	neutral	Just the rumor of IBM potentially purchasing Sun creates an enormous opportunity because all of the Sun accounts are very concerned what will happen to the Solaris platform and Sparc microprocessor,
1489	positive	UNIFIL, in close coordination with the Lebanese Army, is doing its utmost to ensure security in the area at all times,
340	positive	They are bailing out just about anybody that shows up and says they need cash. The public has grown weary of it and instead of throwing a banker to the wolves they have decided to throw Wagoner to the wolves,
1549	neutral	that refuse to incorporate the highest standards of the OECD and the United Nations
1089	neutral	We discussed this question especially as Mr Muallem came here with a high-ranking security official, which is confirmation of the will of the Syrians to solve this problem,
1108	neutral	In spite of their cheerful statements, Bakiyev will not be a candidate for a second term. So far he has only behaved as if he's going for a second term, otherwise the [governing] party [Ak Zhol] and its command structure would disintegrate,
1241	positive	This is an extremely important measure to ensure sustainable management of fisheries resources. I am delighted that Norway's proposal received broad support, and that with Norwegian financial backing the FAO will now initiate a process which will lead to international guidelines in this area. It is a major problem that fish which could be used as food are discarded, and the Norwegian Ministry of Fisheries and Coastal Affairs has put a lot of effort to address this issue over the last year,
1177	neutral	to wait and see what the alliance between the Kateeb party and MP Michel al-Murr achieves.
1287	neutral	On April 1, if the Government goes ahead with its fuel duty hike, it will join local authorities in conveniently forgetting that drivers also face the threat of severe financial hardship from the credit crunch.2 He criticised the local council in Richmond's proposed 800,000 raid on car parking, Edinburgh's unjustified doubling of parking permit costs for large families and proposed workplace charges in Nottingham and Milton Keynes. He went on:
297	neutral	It would be insane for the UK to take any of the Guantanamo Bay prisoners just because Brussels wants to cuddle up to President Obama. This is a classic case where the British Government should tell the EU where to go.
1063	negative	the media reports today that a large bomb has been prepared by the Real IRA for an attack in Britain underline the need for a strong security response. The murders are appalling but this business of preparing bombs for use in Britain just cannot be contemplated
1322	negative	We submitted a bailout program only a week after the coalition was formed, and it's not the government's fault that the government's anti-crisis program has not been considered and supported by the Verkhovna Rada.
1554	neutral	&gt;Sheikh Nahayan Mabarak Al-Nahayan, UAE Minister of Higher Education and Scientific Research and Chancellor of the Higher Colleges of Technology. He was addressing the Wharton Global Alumni Forum - organized by the Wharton School of the University of Pennsylvania, the world's first collegiate business school - being held for the first time in the Middle East in Dubai. The United Arab Emirates is very enthusiastic about the possibilities of global and regional economic collaboration and look forward to more
830	neutral	He had risen to the rank of captain during the Falklands conflict and had played for England and Wasps rugby union teams on his return. He also managed the golfer Luke Donald.
1392	positive	I look forward to meeting with my NATO counterparts and discussing with them our common interests and shared security concerns,
1428	neutral	The assumption made in our focus on Europe was that there would be no invasions of anyone's land borders. Well, that turned upside down. And that created an angst, a sense of tension among many of the NATO nations,
1284	neutral	ECOWAS is concerned about what has just happened in Guinea-Bissau,
942	neutral	There is no quick or easy solution to protect clubs from the global crisis ... but one proposal which seems to be gaining a consensus is limiting professional contracts like we have already in the Champions League,
1143	neutral	the overwhelming majority of casualties were Hamas operatives and others who were, under international law, legitimate targets.
430	negative	I calmed him down and told him not to worry, Begin would get it in the end, because even his opposition wants peace more than him. He was in tears,
1531	neutral	US position is based on the principles and norms of international law. Official Washington considers on three principles: inadmissibility of use of force, self-determination of people and territorial integrity. US officials are interested in regulation of the conflict have publicized their opinions more than once so far. Co-chair of OSCE Minsk Group, Matthew Bryza (USA) stated in Yerevan two weeks ago that US position was based on the aforesaid three principles.
1244	neutral	We had the run-up last week, but now people are looking at weaker demand signals and that's making them think we're going to need another round of cuts from OPEC,
1075	neutral	We have spent a long time with Pakistan Muslim League-N and we want to resolve all the issues with the PML-N in an amicable manner.
329	neutral	Perez Roque's style has always been much more conformational, maybe bombastic, then Raul's,
1499	positive	Not all of the member-countries are quite as committed to the idea [of human rights], but the existing traditional Asean spirit of consensus is already a significant progress. As long as there dialogue [among them], the HRB is likely to be given a mandate that will address protection as well as promotion [of such rights], and will underline the universality of human rights,
303	neutral	As far as the expectations I had for a president who is a pro-choice president and did not share my pro-life views, President Obama has been honest about what he intended to do and has done those things,
1012	neutral	I grew up in a polarized world that was basically East-West. That's the Cold War,
1227	neutral	Christian Chivu, Walter Samuel, Materazzi and Burdisso are out.
513	neutral	My contract expires at the period of 2010 World Cup,
1508	negative	As a political worker and a resident, this is my clear opinion that legal action should be taken against him (Gandhi). I feel he cannot escape the legal action in fact,
1299	positive	We founded Google Book Search on the premise that anyone, anywhere, anytime should have the tools to explore the great works of history and culture -- and not just when they happen to be at a computer,
787	neutral	I trust that the EU member states will deal with this according to the renewed consensus on enlargement, which is the basis of the EU's enlargement policy as decided in December 2006, and subsequently in the European Councils ever since,
817	neutral	I have a contract until June with Real Madrid. I don't think it will be my last contract.
1138	neutral	Hamas has presented its demands to the Egyptian mediators, who relayed them to the Israelis. We hope that the Zionist enemy will accept our demands in the coming days.
404	neutral	there is a resolution by the African Union and there is an Arab summit in Doha. I believe they will push forward Arabs' ideas toward this topic.
312	negative	It is an embarrassment for the Obama administration to continue the Bush administration's practice of refusing dialogues with others,
721	negative	The second explanation for the bank being comfortable is because the Finance Ministry has pretty much mopped up all that the banks offered in January and February. On the one hand, the ministry needed to pay out its outstanding debt to business operators, the now famous 2 billion euros, and then it needed to offset the almost 7?percent deficit in the revenue projected and revenue collected,
825	neutral	There are few people around the world that have the type of disaster experience that Craig Fugate has,
1545	negative	When it comes to the banks squandering their customers' money ... I have discovered that it wasn't only Sir Fred who was getting money off RBS, it was also the right honourable member opposite who got £30,000 off the Royal Bank of Scotland for just two after-dinner speeches.
790	neutral	We will offer whatever it takes to make sure these things come back to Gandhi's motherland,
685	negative	Ken Clarke is causing political carnage in the Conservative Party once again by coming clean on the Tory tax giveaway for millionaires.
1273	neutral	Is this the first step to Russia joining OPEC? Stay tuned,
637	neutral	The MPC of the South African Reserve Bank will from now onwards meet according to the schedule below.
1119	neutral	We are not in a hurry. We have already chosen the Hamas leaders who will be represented in the five reconciliation committees. After we finish our consultations we will announce the final names,
636	neutral	Our biggest problem at the moment is who is going to give us money. If the money is available who should it be given to, the Reserve Bank of Zimbabwe or the Ministry of Finance? Should it be given to commercial banks or someone else?
923	neutral	I was by myself with Brodeur and saw Richie on the corner on the left side. I thought it would be open net for him,
1194	negative	Tory plans to raise revenue looked flaky six months ago, but now we are in a recession they look even more like fantasy figures. 'With the Shadow Cabinet clearly confused, it is time that David Cameron came clean on what tax rises or spending cuts he will make to plug the holes in his tax plans.
335	negative	raise significant questions about what information Merrill Lynch and Bank of America executives shared with federal officials that oversaw the Merrill acquisition by Bank of America,
848	neutral	I can 100 per cent categorically deny any knowledge that Mr Chambers had decided to take performance-enhancing drugs.
492	neutral	It is for the US to decide how best to regulate Internet gambling in its market, but this must be done in a way that fully respects WTO obligations. I am hopeful that we can find a swift, negotiated solution to this issue.
520	neutral	We do not have doubts on playing at the World Cup in South Africa 2010,
290	negative	Today's news that President Obama will open the door to direct taxpayer funds for embryonic stem-cell research that encourages the destruction of human embryos is a slap in the face to Americans who believe in the dignity of all human life,
1418	neutral	NATO is no longer the organisation some people speak of. Forty years ago, General de Gaulle was withdrawing from a compact organisation, an organisation erected against the Warsaw pact and led exclusively by the United States,
645	negative	Only an NGO like Amnesty International that has no political responsibility has allowed itself to make such allegations based on very partial enquiries and to launch a call to the UN on the basis of partial testimonies and newspaper clippings is totally irresponsible,
720	neutral	We are concerned about the Transparency International report on corruption in Kenya. Graft continues to hold back development and progress,
1142	neutral	As I said before, we don't want Hamas to recognize Israel, but we really want a government that can be accepted by the West and the international Quartet that could help end the current blockade imposed on our people,
610	neutral	I have been hearing from the European Union that the priority is diversification...of routes, supplies, sources. But the declaration...would only enhance the dominant role of Ukraine as a transit country.
738	neutral	We have worked with the Palestinian Authority to install safeguards that will ensure our funding is only used where and for whom it is intended and does not end up in the wrong hands,
1210	neutral	There can be no greater injury than the killing of one's spouse. The attempts to make the position of Mrs Hani irrelevant is completely out of context with our common law,
1471	neutral	Our demands are well known and have been submitted to the Egyptians. If they agree to our demands and release our prisoners, Schalit will be free,
334	negative	raise significant questions about what information Merrill Lynch and Bank of America executives shared with federal officials that oversaw the Merrill acquisition by Bank of America,
657	neutral	We did arrest a lot of his (Khan's) colleagues. He was under house arrest in Pakistan since 2004, but just a month ago, the Supreme Court of Pakistan let him out from house arrest and we have never been able to question this man and I think in terms of US interests in Pakistan and Afghanistan, it is critical that we question him and that we have assurances that the Pakistanis have him totally monitored so that whatever is left of this network is thoroughly destroyed
484	neutral	The De Larosiere group's proposals represent an essential step forward. They are ambitious but practical. The spotlight is now on the European Commission. It is a test of Barroso's courage and conviction. Today should be an important day in the history of international financial markets - but we shall see if the current conservative European Commission is capable of taking the recommended steps.
1189	neutral	Orszag told reporters. Deficits so big put upward pressure on interest rates as the government offers more attractive interest rates to attract borrowers. I think deficits of 5 percent (of GDP) are unsupportable,
1237	positive	We didn't really get ourselves in the game. We were a little bit short on the runs and then Sehwag and Gambhir played outstandingly to take the game away from us.
339	negative	We are left to look back and say that Wagoner's appointment as both chairman and CEO in 2003 was little more than an act to ensure the dynasty of GM boardroom arrogance and failure continued,
1462	neutral	I have maintained throughout that I am innocent and that the (Scorpions) orchestrated a campaign against me and the South African Police Service to tarnish my image and the image of the (police) to further their own interests and to justify their continued existence.
663	neutral	We will accept the Supreme Court's decision whatever it may be
618	negative	The Conservatives have tried to brush this under the carpet but the official report finds Caroline Spelman was using taxpayers' money to pay for her nanny.
1281	negative	such a conspiracy will become counterproductive and boomerang on the Bahujan Samaj Party and its leader Mayawati.
533	positive	There's no doubt that life without the Dalai Lama, in the current state we're in, would be a terrible blow,
486	neutral	It is possible that Estonia will request an extraordinary assessment from the European Commission and European Central Bank (ECB) this year,
1584	positive	Over the past five years, Facebook has evolved to make sharing information more efficient and to give people more control,
1559	neutral	This is the Greens' views ... And the agency caused problems the last time when we tried to get a majority of our members to support the Lisbon Treaty,
353	neutral	I wish to express my sincere condolences to the families, friends and comrades of the two soldiers who were tragically murdered last night (Saturday) and those who were injured. My thoughts are with them all at this extremely difficult time. Northern Ireland's First Minister and DUP leader Peter Robinson said there must not be any retaliation for the attack. He said:
761	negative	In many ways Applegarth is a bigger villain than Sir Fred Goodwin. This is an outrage.
547	neutral	We certainly believe South Africa has decided not to give a visa to His Holiness the Dalai Lama under pressure from the Chinese government,
421	neutral	The United Nations is deeply concerned over a lack of direct information from his abductors on the condition of John and has reason to believe he could now be very seriously ill,
522	neutral	The cabinet's position is that we do not want the 2010 World Cup to be used as a platform to advance the political causes of various groups,
1167	positive	It's hard to say no when asked to take part in a Little Britain sketch for Comic Relief.
531	neutral	Congress has an animosity towards Varun's family which is a known fact. No action was taken against Antulay's anti-national comments. Kapil Sibal reacted even before the Election Commission (EC) issued any statements, which clearly denotes their ill feeling towards Varun's family because they are with the BJP
587	neutral	We are aware that some people resident in other countries within the European Union needing transplants are being referred to the UK.
670	positive	What the [International Olympic Committee] has done, what the IOC environmental commission has done and indeed what the Olympic movement has embraced is, for me, a return to the original Olympic spirit,
1328	neutral	Jade wanted a celebration of her life. It will be very much a Jade Goody Production with Jade doing her own thing her own way.
365	neutral	I don't know whether Mr Salmond has ever set out the implications of what would happen to Scotland as an independent country if one of the world's biggest banks, RBS, had collapsed,
964	neutral	We examined the monastery and other ects. The impression is that there will be a lot of work to do here. We think that the volume of work is comparable to the restoration of the Kremlin or the construction of the Christ the Saviour Cathedral,
907	neutral	Fox News Sunday,
1427	neutral	NATO needs Russia and Russia needs NATO,
504	neutral	There is only one country that will host this World Cup and that is South Africa. And yet you find countries like Canada, Australia are more enthusiastic it seems than our own South African population,
460	negative	Its culture is extermist, is radical, is hostile, denies Israel's right to exist, and it belongs more in the camp of the Taliban and al Qaeda and the Moslem Brotherhoods of the world, all of which are very, very uncompromising. What can we do?
1349	neutral	My name is Peter Moore, I have been held here for nearly eight months now.
1509	positive	Against the advice of the EC, I said that the candidature of Varun Gandhi will not be cancelled at any cost and I would go to his constituency (Pilibhit) for campaigning,
646	neutral	Thanks primarily to the Republicans in the House of Representatives, the Republican Party has once again decided to be the conservative party in this country,
435	neutral	head health care reform here in the White House,
341	negative	Rick Wagoner stands for an imploded centralist system,
1300	positive	We founded Google Book Search on the premise that anyone, anywhere, anytime should have the tools to explore the great works of history and culture - and not just when they happen to be at a computer,
472	negative	Al-Qaida is the group that killed 3,000 Americans,
755	negative	We feel ashamed at the way the Congress has surrendered to the Trinamool Congress which is trying to drag the State into chaos by obstructing all development activities.
440	neutral	I want to make sure that our family, as well as the staff and all the people who come to the White House and eat our food, get access to really fresh vegetables and fruits,
1006	neutral	The Kremlin's actions are [designed to] scare the governors,
760	negative	I don't think it's appropriate that the taxpayer should be providing any more benefits to Fred Goodwin.
983	neutral	Having considered the inspector's report and recommendations carefully and agreed that the statutory criteria are met, I have decided that the South Downs, including the so-called Western Weald, should be confirmed as a National Park.
494	positive	The future prosperity of this country depends on getting higher education right. As these proposals show, Fine Gael is determined to reform the higher education sector and reposition our Universities and Institutes to become world leaders in education. Delivering quality higher level education cannot be left to chance,
977	neutral	We will be lighting a candle of hope for Claudia in the chapel at Bishopthorpe, where prayers will be said on the hour for Claudia and her family. When I asked Peter Lawrence if there was anything I could do for him, his answer was simple:
1178	neutral	Murr opposed the obstruction of the presidential elections. He supported Bkirki and its principles, which were violated. The development of his position led to rapprochement. However, this possibility does not mean that we authorized MP Murr to form alliances in the Metn. His vision of the [electoral] battle in the Metn is different from ours,
682	positive	The agreement has a dramatic and important potential to influence the conduct of the state in the next years, and the Labor Party will have a direct and meaningful influence in implementing the values and concepts it believes in,
459	negative	Al-Qaeda is conducting attacks with no planning and no clear goals,
509	neutral	So far in this group, Bulgaria have drawn all of their three World Cup qualifying matches,
1296	neutral	We are older than Google, Slashdot, or Facebook, and I'm not aware of any Web hosts that were organized in 1995 and are still privately owned and operating under the original management,
1226	neutral	With Jared Dudley leading the way, the Suns' reserves had 36 points and 15 rebounds. Denver's Chauncey Billups, fouled by Hill with 5.4 seconds remaining to prevent the Nuggets' from attempting a tying 3-pointer, made two free throws to cut the Suns' lead to 116-115. The Nuggets fouled Steve Nash on the inbound play, and he made both foul shots with 3.9 seconds left. Carmelo Anthony, who led the Nuggets with 29 points, missed a 3-pointer from the left wing in the final second. Billups had 20 points. It's a
684	neutral	I totally refute these allegations. Since 2001 when I opened my constituency office in Swansea, I have always had a joint leasing arrangement with Swansea West Labour Party for certain equipment, which is used by both my office and the local party. This equipment has been upgraded as and when they are no longer functional for the job required. All of these costs have been cleared by the National Assembly's Fees Office.
913	neutral	I think that the best way to judge movies is, like, 10 years after they're released. I think they should actually do the awards that way. I think they should have done the Academy Awards this year for movies from 1998,
655	neutral	If we had taken the decision to allow LIAT to simply fold, the fact is that Caribbean Star... would have been subject to the decision of the US Supreme Court, there would have been a receiver, the assets would have been frozen... we would have had a real problem, a crisis, genuine crisis,
286	neutral	absolutely devastate the historical legacy of the Obama administration,
1555	negative	By separating the elections for Bulgarian Parliament from those for the European one with the motif that the voters will become confused, the Bulgarian Socialist Party (BSP) and the Turkish Movement for Rights and Freedoms (DPS) insulted their electorate much, much more. Isn't this a direct admission that people who vote for BSP and DPS cannot ever read the ballots?
735	negative	The appointment of Dennis Ross, whose track record shows his unacceptable radical viewpoints about Iran, is inconsistent with Mr. Obama's claims about his willingness to create change in Iran-US relations and contains no positive messages for Iran,
1193	neutral	Due to the force's current financial position, we are unable to increase the number of police officers employed within South Wales Police,
516	neutral	This is a stocktaking a year before the World Cup in South Africa,
1541	neutral	But I was asleep! So he recorded a little answerphone message and Jack (husband Jack Tweed) played it to me,
912	neutral	A good example is the investigation into the murder of Anna Politkovskaya.
1588	neutral	My conception would be the creation of a new, European Opel in which a private investor takes a stake in addition to the current parent company, General Motors,
1367	negative	Contrary to his empty grandstanding and the embarrassing ignorance of members of the National Assembly, Iwu's term expired last August by effluxion of time.
288	positive	At this point, Americans seem willing to support President Obama in his effort to win the war in Afghanistan,
807	neutral	in the light of more positive developments within Lebanon, the formation of the national unity government in which Hezbollah are participating, and for that reason we have explored establishing contacts.
901	neutral	China expresses its worry over the arrest warrant ... and urges the International Criminal Court not to hear this case for the time being,
1051	negative	The commonplace dodge between PSD and PDL, but especially the reelection of Traian Basescu are two major reasons for PNL to close ranks and to position ourselves as the only alternative to the current (non)governance,
1354	negative	I'm still left without much information about how Microsoft is ensuring American workers are being protected or specifics of its H-1B visa hiring practices,
1197	neutral	Policy is that servicemen have a priority within the NHS and I hope NHS managers remind themselves of that.
1477	negative	ETA is the threat that hangs over all elections in the Basque Country,
791	neutral	NewsHour with Jim Lehrer,
1582	neutral	It is necessary to say that I didn't have any public or private interview or talks with media during this week as I was busy all the time with participating in the Economic Cooperation Organization (ECO) summit in Tehran,
1442	neutral	Lately, for reasons connected also with internal policy, with the extended discord and with successive electoral years, our influence in NATO and Europe is not there where we hoped to maintain and develop it,
1506	neutral	Someone from Raising Malawi visited me last week and told me that my son may be visiting me sometime next week. I am delighted, I want to see my son.
728	neutral	We need to have a defence minister in whom the Australian Defence Force has confidence, in whom the Australian public has confidence and who can work effectively with his department,
540	neutral	The South African government has not extended any invitation to the Dalai Lama to come to South Africa.
1205	negative	These recruitment figures show the real priority of the people running the NHS. 'It is shocking that a service which is meant to be about frontline medical care is taking on far more managers and bureaucrats than it is medical staff.
363	positive	It will be an intense match. Ireland has Trapattoni, who is a great coach,
401	neutral	If the African Union is to play its full part, it must have means to support future short-term operational deployments, and the capacity to develop the essential capabilities necessary for the long term,
451	negative	Fatah is still deceiving and it doesn't meet its obligations, it released 45 of our prisoners in West Bank but arrested 39 new people,
1303	negative	I do not have any medals thanks to Tudjman. The knowledge of he who calls upon me is questionable, and should know that he needs to protect the law. It was the law that stated that I need to answer the tribunal, and those lawyers who call upon me for disrespecting the law, it is known who they are, know more about everything than law, it seems
744	neutral	The Women Airforce Service Pilots of World War II were trailblazers and true patriots,
1255	positive	Our message is that non-OPEC [countries] should join OPEC [in helping the market] and we emphasize that a price lower than the current one does not have a justification at all and it stops development,
527	neutral	There is an urgent need and we must prioritise domestic gas supply over any other project, since the country needs power to realise the seven-point agenda of the Federal Government,
1468	neutral	I do not know whether Shalit is still alive or not.
1242	neutral	OPEC will review the oil market at the Vienna summit and will decide about its production policy in view of the world economic growth in this year and 2010,
1235	negative	We are ready for the debate. I myself have been asking Stanishev for one. He sent me the invitation at 5pm and now at 8pm I am here outside his office to talk. I want the debate to be in his office so that he can feel comfortable. I want all media to have access to the debate, not just one, and I don't see why he should pick a certain TV station and a certain day for the debate. BNT is not his own private TV station so that he could ask me to appear there. I see 11 TV cameras here and I am here with my econ
550	neutral	The comments of the minister of health were rather unfortunate in the sense that this position on the Dalai Lama is an official position of this government,
291	neutral	On the Iranian threat % Israel cannot tolerate a nuclear Iran. I have heard this statement from President Obama as well,
482	neutral	I am deeply concerned by the decision of the Sudanese authorities to revoke the operating licences of a number of leading international NGOs. If these and all other international NGOs are no longer authorised to work in the country, then the continuation of humanitarian life-saving operations in Darfur will be in serious jeopardy. This can have dramatic consequences: the very lives of hundreds of thousands of people would be at risk as these NGOs provide a lifeline to so many innocent people. I urge the Gov
615	neutral	RNC Chairman Michael Steele and elected Republicans are focused on fighting for reform and winning elections. The Democrats' problem is that the American people are growing skeptical of the massive government spending being pushed by congressional leaders like [House Speaker] Nancy Pelosi,
1232	positive	We will not release a player like Ribery who still has two and a half years on his contract. You don't sell such a player, you keep him,
543	negative	Regarding the Dalai Lama's overseas activities, we resolutely oppose any country's government having official contact with the Dalai Lama or enabling or offering a platform for his splittist activities,
909	neutral	Towards a Green New Deal
994	neutral	The judge has dismissed an application by the state for leave to appeal against the judge's decision to grant Mr Bennett bail on condition that the judge does not believe that any court would change his decision.
187	neutral	Porn star candidate campaigns on campus
970	negative	Tsunami fears ease after quake
1316	negative	Anna Nicole Smith fans mourn in cyberspace
1486	negative	Dryer blamed for fire killing 39 cats, dogs
1129	neutral	Enron boss gets 24-year sentence
1389	negative	Catania punished for fan violence
21	neutral	Tom Cruise and Katie Holmes set wedding date
811	negative	Sri Lanka floods displace 60,000
142	negative	Kurdish Lawmaker Killed in an Attack in Baghdad
1036	neutral	Cheney starts visit to Japan, Australia
217	neutral	Magazine lists women who had abortions
881	neutral	Indonesia may sell, not give, bird flu virus to scientists
1397	neutral	Bush: It's time for Congress to back energy plan
1230	neutral	Vietnamese bank plans IPO listing
1115	neutral	Foetal mechanism helps heart failure
1458	neutral	Charles Gibson takes over first place
1163	positive	NATO: Afghanistan peace 'by 2009'
1212	negative	Thousands rally in Lebanon
1471	neutral	Durant's success trumps the Gators
1141	neutral	Merriman violation stuns ex-teammate
815	negative	Cisco sues Apple over iPhone name
202	neutral	Stars scuffle on 'Grey's Anatomy'
822	neutral	Israel's Peretz urges halt to contentious Jerusalem construction
1135	positive	Marathon winner released from hospital
1291	neutral	Gronholm takes a commanding lead
143	negative	Anti-U.S. Attack Videos Spread on the Internet
1299	neutral	Who's going to win at the Grammys?
249	neutral	Amish killings school demolished
243	neutral	Beyonce copyright claim rejected
878	neutral	Tracking down hi-tech crime
1108	neutral	Whether to save cord blood can be puzzle for parents
1246	positive	Man gets second chance at space ride
1204	negative	Swiss plane crashes at Moscow airport
82	neutral	Breast Cancer Awareness is Important
233	neutral	Trailblazing trio protects City by the Bay
918	neutral	Barbaro's legacy: saving other horses
39	neutral	How to Prevent Iraq From Getting Even Worse
798	neutral	Bears watch as lead slips away
169	neutral	Iraqi Linked to Sunni Bloc Is Held in Plot, Military Says
55	neutral	Making peace from victory over poverty
1200	neutral	Dolphins, sea lions may report for duty soon
1124	negative	AU regrets Sudan's expulsion of UN envoy
239	neutral	Cher items snapped up at auction
65	neutral	Doctors Seeing Patients Who Think They're Internet Addicted
750	neutral	PSP number one Sony platform in Japan
940	negative	The amounts you have to pay for a bomb scare
997	positive	New Mars orbiter spots Pathfinder landing site
1196	neutral	England opt for Bopara over Loye
978	neutral	No e-Book for Harry Potter VII
945	negative	Software giant SAP misses target
858	positive	Internet boom in China is built on virtual fun
153	neutral	Paris Journal: Smoking No Longer Tres Chic in France
830	negative	Woman dies after water binge
1155	neutral	Microsoft to release next generation phone
167	neutral	Combative Bush Releases Parts of Terror Study
989	negative	Canadians tracked in child porn ring
910	neutral	7 GOP senators to force debate on troops in Iraq
892	positive	Roddick overcomes Federer in final
1440	neutral	UN nuclear watchdog slashes Iran aid
1128	positive	BellSouth says profit rises 30% on cingular earnings
942	negative	Weekly Nielsen Yvonne De Carlo, 'Munsters' star, dead
960	positive	Panda cub makes her debut
924	positive	South African trio share advantage
845	neutral	China urges UN action on N Korea
18	neutral	Women in their 60s 'are perfectly good mothers'
44	neutral	Parachutist dies at bridge-jump festival
213	neutral	Ex-JonBenet suspect: Child porn case dropped
751	neutral	England include Giles in WC squad
839	neutral	Leo battles himself
946	positive	Vital signs: mental abilities: folic acid may improve thinking skills
1368	neutral	Australian PM stands by Obama attack
60	negative	Deaths linked to flu vaccine
993	neutral	Study: Male sweat causes female hormones to rise
106	neutral	Life on Mars? Maybe We Missed It
1295	neutral	G7: Yen skates by, yuan singled out
1483	neutral	Beyonce new SI bikini cover girl
1008	neutral	Anglicans rebuke U.S. branch on same-sex unions
221	neutral	Peter Pan flies into chapter two
22	neutral	Kidnapped AP photographer freed in Gaza
1376	neutral	Comedian says government silences critics
129	neutral	Advantage Cardinals with Suppan in Game 4
1333	neutral	Hatton hands back IBF title again
1489	neutral	U.S. online love brokers eye China
1213	neutral	Yahoo's mission quest
218	neutral	Pot smokers may avoid Alzheimer's, study says
51	neutral	Israel insists on Lebanon overflights
838	neutral	Review: virtual 'American Idol' hits right notes
1411	neutral	Turkmen acting leader sworn in as new president
1074	neutral	London is pace-setter on congestion toll, says mayor
242	neutral	Costner appeals in casino wrangle
1456	neutral	Fire extinguisher part of Tennessee execution kit
1433	positive	Breast cancer drug promises hope
1412	neutral	Allen and Okur get All-Star call
913	positive	Here come the Globes!
1447	positive	Kuerten returns to winners' circle
1083	neutral	Experts offer advice on salmonella
1279	positive	Napping may be good for your heart
883	positive	Europe retain trophy with big win
1160	negative	Storm leaves behind major travel troubles
1472	neutral	Scientist snoops in astronauts' journals
1298	positive	Mother: Lohan is doing 'great' in rehab
1355	positive	Singapore pampers its waterfront promenade
1043	neutral	Colombia FM resigns after relatives' arrests for militia links
778	negative	Man beheaded in southern Thailand
1224	positive	Airbus A380 superjumbo takes off
66	neutral	China launches two satellites into orbit
1117	positive	Scientists tout cocoa's health benefits
1420	neutral	Loving with all your ... brain
977	negative	Officers had 'rapport' with alleged abductor
1233	positive	'Cagney & Lacey' finally coming to DVD
1386	neutral	Police break up Kosovo protests
1218	neutral	Research supports medicinal marijuana
71	neutral	Apple set for massive market gains
1256	negative	UK police slammed over terror raid
114	negative	Ottawa must redefine 'terror'
994	negative	Collision on icy road kills 7
1278	negative	Northeaster cancels flights, shuts schools
808	neutral	POLITICS-US: reprieve for officer who denounced ""Immoral War""
48	neutral	Perfect lives lose their focus
222	neutral	Teen repellent inventor wins infamous prize
1271	positive	Beauticians cut, curl, offer stroke-prevention info
1167	neutral	Fortune: India the Superpower? Think again
959	positive	Study detects a gene linked to Alzheimer's
859	positive	Review: PS3 pricey but impressive
802	neutral	On road to Kosovo independence, a warning: go slow
1446	neutral	BA to charge $470 for an extra bag
1478	neutral	Clijsters looks for a long goodbye
1252	neutral	New York City may ban iPods while crossing street
1245	neutral	Astronaut's arrest tests NASA's mettle
238	positive	UK characters boosting box office
1470	neutral	Frantic 911 call in Ryan O'Neal case
1063	negative	Afghan poppy war alienates farmers
1175	negative	Town packs gym to mourn 10 killed in fire
1190	neutral	Portugal to vote on abortion laws
53	neutral	Confusion Reigns In the Expanding Digital World
1021	neutral	Books on science: The problems in modeling nature, with its unruly natural tendencies
1393	neutral	Ice stops trolleys cold
1313	neutral	Start late, retire rich
762	neutral	Iran and Nicaraguan leaders meet
1229	negative	The troubling ending of 'The Departed'
1377	positive	Rockers big winners at Brit Awards
1051	negative	Judge threatens to shut down Air-India inquiry
1351	positive	Study: On-the-job naps might help heart
223	neutral	Cher's dress, car, bed have new owners
990	neutral	Teen hacks Venezuelan government Web sites
1422	neutral	Cuban official: Web a 'wild colt'
1297	neutral	Cutting through the clutter to get things done
1260	neutral	U.S. at odds with cleric's aide
967	positive	Blog: Here come the Globes!
1081	positive	Canadian breakthrough offers hope on autism
884	neutral	Cutting edge accessories for digital music players
1088	neutral	Ready to eat chicken breasts recalled due to suspected listeria
949	negative	China detains 2 after body parts found in mail
80	neutral	Google to unveil election mashup
1020	neutral	Basics: a mammal in winter with a furnace of her own
1073	neutral	Livingstone's transport empire may extend
1401	negative	South Africa mourns Adelaide Tambo
1306	negative	Sex torture claims hit Russia army
159	negative	New Indonesia Calamity, a Mud Bath, Is Man-Made
1132	positive	Firefox 2.0 hits the Web
849	neutral	French right nominates Sarkozy
20	neutral	Moderate drinking reduces men's heart attack risk
886	negative	Snow brings travel misery to England
1202	neutral	A personal plea for HPV vaccine plan
935	negative	In Kenya's capital, a sense that danger is ever stronger
1290	neutral	J.K. Rowling marks spot of 'Potter's' end
1418	neutral	North Korea gets 'money and respect'
1096	negative	Matthews lays off 130 turkey workers
1116	negative	Planned cesareans not risk-free, group warns
1287	neutral	UK luxury maker Burberry: 'Made in China'?
1262	neutral	Full details of the EU report on Iran
1079	neutral	Roots of autism more complex than thought
1292	neutral	Howard slams Obama on Iraq policy
1435	neutral	YouTube yields surprising payback
9	positive	Happy birthday, iPod
755	neutral	Hands on 'Doomsday Clock' move forward
236	positive	$10,000 poetry prize awarded
70	neutral	Iran's president urges higher birth rate
166	neutral	Teacher in Hiding After Attack on Islam Stirs Threats
1284	positive	Autos drive European gains
980	neutral	'Can't do this anymore'? Not Jack
250	positive	Pamuk wins Nobel Literature prize
24	neutral	Hurricane Paul Weakens To Tropical Storm
1314	neutral	Somali PM vows to bring Islamists to justice
1065	neutral	Kim Jong-il bans Japanese cars in North Korea
856	neutral	Thailand: missing 25 years after taking wrong bus
1092	neutral	1 mln birds to be vaccinated from bird flu near Moscow
1358	negative	Radical cleric al-Sadr in Iran, U.S. insists
1367	neutral	U.S. commander: Iraq not hopeless
240	neutral	Griffiths scorns Withnail 'play'
1343	negative	Salmonella outbreak traced to peanut butter
1465	positive	Good news for slackers: Naps may cut risk for heart problems
1344	negative	Putin: U.S. force fostering nuke ambitions
190	neutral	Jon Stewart mocks benefits of CNN's I
1399	neutral	FDA revises label warnings on the antibiotic Ketek
1170	neutral	'Ronnie' and Eto'o hug and make up
101	negative	French suburb riots could resume
903	negative	Iran to strike US interests if attacked
144	negative	Women Face Greatest Threat of Violence at Home, Study Finds
1104	positive	Bush vows cooperation on health care
1473	neutral	YouTube founders split $650M payout
763	neutral	Secret hotels in Irish countryside
134	neutral	Tropical Storm Paul's Outer Bands Hit Mexico's Baja California
141	neutral	Turkish Writers Say Efforts to Stifle Speech May Backfire
135	negative	Israeli Bomblets Plague Lebanon
1317	negative	Antibiotic Ketek more dangerous than thought
1255	neutral	Vista's hyped security will be tested
88	negative	Heavy use of mobile phones can make men infertile, scientists say
1126	neutral	Opponent is put on the spot over remarks about Clinton
1452	neutral	See if your city is one of the United States' top 10 fittest or fattest
1148	neutral	One search does not fit all
171	positive	Friends for Life: An Emerging Biology of Emotional Healing
1197	neutral	Create own 'Thrillville' for a wild ride
1101	negative	A shot in the arm
907	neutral	That'll cost ya
237	positive	Las Vegas honour for tiger pair
1071	positive	Arroyo lauds passage of anti-terror bill
184	neutral	'Opportunity' knocks on geologist's dream crater
877	positive	North Korea may begin to dismantle nukes
1203	neutral	U.S. opens door for Iraqi refugees
783	positive	Wellcome awards anti-fat research
163	neutral	Citing Spy Agencies' Study, Democrats Seek Iraq Changes
841	negative	John Grisham set for court drama
895	negative	U.S. and Iraqis are wrangling over war plans
793	neutral	Blair apologises over friendly fire inquest
160	negative	Iraqi Journalists Add Laws to List of Dangers
996	neutral	What the Godfather of Soul meant to me
1491	negative	'House of Cards' actor Ian Richardson dead
7	positive	Kate is marrying Doherty
1419	neutral	Beyonce in a bikini as SI's swimsuit cover model
846	negative	Scorpion on a plane, a pantful of pain
1159	negative	Violence continues at disputed holy site
1033	positive	Pakistan-India peace talks planned despite bombings
176	neutral	In God's Name: Religion-Based Tax Breaks: Housing to Paychecks to Books
1192	neutral	Horse teeth give details of ancient big chill
1147	neutral	MS Adds Office 2007 to Vista Coupon Program
1176	neutral	Spain ahead although Nadal is out
1100	neutral	Sexualisation 'harms' young girls
1410	neutral	Reunited Police to start world tour in May
43	neutral	A Picture and A Thousand Words
1340	negative	Study: Africa's Internet gap getting wider
979	neutral	Review: Nokia 5300 Xpress Music
59	neutral	Confusion Reigns In the Expanding Digital World
1328	neutral	France: Al Qaeda suspects arrested
1282	neutral	Madrid bombings trial begins
158	negative	Equipment on Plane in Brazil Collision May Have Been Faulty
125	neutral	Marathon victory comes at heavy cost
1364	neutral	Prehistoric lovers found locked in eternal embrace
1408	positive	Grammys ready to name winners
1347	neutral	Davydenko out as seeds scattered
1449	negative	Japanese whaler afire in Antarctic
801	neutral	Rice: U.S. won't pull plug on Iraq
1206	positive	MySpace sales surging
1060	neutral	False alarm at Canadian embassy in Paris
865	negative	Victim: Gunman bought drink after shooting
983	negative	Indonesian bird flu deaths hit 61
131	neutral	Sony Hates Europeans, Will Prevent The Importing of PS3
1276	positive	Oprah announces new book club pick
246	negative	Sri Lanka clashes kill 129 troops
1495	negative	Nasdaq fails in bid for LSE
809	neutral	Hunters stalk world's tallest trees
962	neutral	Weight-loss drug to be sold over the counter
1143	negative	Steelers' Roethlisberger has concussion
855	negative	IDF shells Lebanese Army positions across northern border
1437	neutral	Werder make 10-man Ajax pay price
931	neutral	TV game shows go interactive
1240	negative	Serbia rejects United Nation's Kosovo plan
776	neutral	Minister slams airlines on carbon
1211	neutral	Murphys rule box office with 'Norbit'
1232	neutral	Obama will run in 2008
1479	neutral	Snow's too deep even for snowmobiles
1114	neutral	Sick hearts switch on a fetal gene
847	neutral	Male sweat boosts women's hormone levels
34	neutral	Martian Life Could Have Evaded Detection by Viking Landers
842	neutral	Bill Gates and Craig Mundie: vista is Secure, employees are not
116	neutral	Top General Optimistic on Iraq
1382	neutral	Cousin: Gunman was Srebrenica survivor
1239	positive	Tell your boss: Naps are good for you
148	neutral	Immigrants and French Reach Deal in Standoff
1310	neutral	HPV vaccination stirs heated debate in America
999	positive	Glamour -- and 'Borat' -- at Golden Globes
1374	negative	Sharks kill four people in 'dull' year
57	neutral	Scientists create first cloaking device
16	neutral	Bad reasons to be good
120	neutral	Speaker Hastert testifies before panel probing sex scandal
1222	neutral	Russia condemns terrorist acts on buses outside Beirut
1337	neutral	Princess Masako author: No regrets
1131	positive	Google unveils do-it-yourself search engine
68	neutral	Hurricane Paul nears Category 3 status
197	neutral	Judge dismisses Karr's porn case
929	negative	Dell to cut bonuses, trim management
1058	neutral	France ends toxic alert at Canadian embassy in Paris
761	negative	Germany agonizes over a brain drain
1350	neutral	African-Americans are organ donors these days, but what about bone marrow?
950	positive	North Korea ready to discuss nuke disarmament
759	positive	News Baby pandas! Baby pandas! Baby pandas!
948	positive	Families celebrate return of sons
857	neutral	Ballerina sparks anti-fascist row
974	neutral	New McCain team made attack ads he once faulted
1480	neutral	Study: Female seals picky about mates
826	neutral	For women, nothing's like the smell of men's sweat
888	neutral	Iraqi health minister seized in raid
1057	neutral	Howard presses Bush on terror suspect
110	neutral	Inconvenient truths
1112	neutral	Cholesterol link in diabetes study
156	negative	Global Sludge Ends in Tragedy for Ivory Coast
1274	positive	Nap your way to a successful career
944	negative	EarthLink CEO dies at age 49
1236	positive	Female astronaut sets record
975	negative	Deaths as bird flu flares in Asia
1305	negative	12 dead in Lebanese minibus bombings
927	neutral	Why the smell of a man's armpit is a turn-on
807	neutral	Stinky but true: men's sweat is made for love
916	neutral	Second opinion: girl or boy? as fertility technology advances, so does an ethical debate
1179	neutral	Jakarta begins disinfection
1248	neutral	Weekly Nielsen will 'Lost' find its way back?
988	positive	Rescued boys parents hail 'miracle'
1286	neutral	Auto show canceled
1138	neutral	Trying to assess the damage in Cleveland
1120	neutral	Lawyer for deceased Nazi-era collaborator Papon vows to bury him
1210	positive	King and queen reign at British film awards
831	positive	Mancuso sparks U.S. celebrations
1237	neutral	Oil holds at $58
1331	negative	India to test new nuclear missile
170	neutral	Seduced by Snacks? No, Not You
1178	neutral	Iran rejects US claims of supplying weapons in Iraq
62	negative	4th person dies after receiving flu shot
963	neutral	Beckham outlines reasons for move
1119	positive	Some cocoa may improve brain blood flow
768	positive	Travel+Leisure: Next island hot spot: St. Lucia
228	neutral	Dem leader's $1 million land deal under scrutiny
760	positive	Get ready for the earnings
1062	negative	Taliban seize rural district in southwest as police flee
103	negative	Photographer kidnapped in Gaza
111	neutral	Dating difficult for Harry Potter
1475	neutral	United hang on to six-point lead
1352	neutral	Guinea capital largely calm under curfew, marital law
220	neutral	Kentucky wants to ban alcohol inhalers
1381	negative	Al Qaeda group calls for attacks on U.S. oil
1403	negative	Anna Nicole Smith's body lies in legal limbo
1228	negative	Iraq closes borders with Syria and Iran
1325	neutral	Rwanda mulling 3-kid limit for families
1109	positive	Retinal implant helping blind people see again
1302	neutral	Gronholm ahead as Solberg crashes
81	negative	Police warn of child exploitation online
770	neutral	Iran's boast on uranium enrichment is put to test
95	positive	Full recovery expected for marathon winner
1207	negative	Telecoms giant slashes 12,500 jobs
1142	neutral	Bruce revells in upset
987	neutral	Italy to hold no-show trial of Bronx GI in Iraq slay
119	neutral	Official laughs for Borat
995	positive	Surprise: China cuts price of gas
992	neutral	Gere cheers sex workers in AIDS fight
19	neutral	We're a pretty kind 'bully'
775	neutral	Unilever group names new chairman
1391	neutral	Lawmakers blast FDA drug safety oversight
1247	neutral	Go ahead, take a nap, science says
787	neutral	Maggie Gyllenhaal's Globes babysitter: Mom
1378	negative	Samba school leader killed before Rio carnival
1385	neutral	10 don't-miss tax breaks
1400	neutral	Toshiba Portege R400
1078	negative	Bombings say Muslim rebels won't negotiate
1488	neutral	Apple trademark dispute settled
1266	negative	Guinea: Plan offices close as country declares emergency
92	negative	Lies, damned lies, and divorce
1251	positive	St. Louis poised for entertainment upswing
1195	neutral	Mickelson driving force at masters
108	neutral	Moderate drinking reduces men's heart attack risk
1127	neutral	House ethics panel talks to Hastert aide
1269	neutral	Work starts on Arctic seed vault
1424	neutral	Mexican navy helps in hunt for U.S. engineer
1257	negative	Mogadishu residents flee blasts
78	negative	Bangladesh ferry sinks, 15 dead
969	neutral	Apple warns iTunes users to wait on Vista
231	negative	Pit bulls jump miniature pony, leave her bloody
951	neutral	For women, nothing's like the smell of men's sweat
1326	positive	Wilkinson sets record in tame win
920	negative	Dozens killed in Baghdad bombing
966	neutral	'Housewives' star Marcia Cross on bed rest
991	negative	Russia plans new ICBMs, nuclear subs
1087	neutral	Cooked chicken breasts join tainted-food recalls
840	negative	Attorneys point fingers in fight between Ryan O'Neal and son
117	neutral	Kim Osorio Wins Sexual Harrassment Suit Against The Source
941	neutral	In Egypt, Rice speaks softly
1497	neutral	Baby born on turnpike after dad misses exit
1165	negative	Smith can't be buried until hearing
1312	neutral	Whistle-blowing Web site exposed
912	negative	Italy's dispute with US over Iraq shooting
1307	neutral	Mega-marsupials once roamed Australia
181	negative	Tropical Storm Isaac forms in Atlantic
1492	neutral	Taliban leader killed in airstrike
1481	negative	ROUNDUP: Protests erupt despite ""state of siege"" In Guinea
1365	neutral	Charts: Is your city lean or lethargic?
1349	positive	Paterson boots Scotland to victory
1146	neutral	Clinical Everton show Moyes means business
897	negative	Iran to Hit US Interests if Attacked
1014	neutral	U.S. says powerful Iraqi cleric is living in Iran
961	positive	Harris haul puts South Africa on top
976	positive	Hamas, Fatah leaders pledge to meet until they reach agreement
1231	neutral	Toyota's Scion parks in Second Life
75	neutral	Tailors and housewives busy as Muslims celebrate Eid
145	neutral	Appeal by Chinese Researcher for Times May Soon Be Heard
1431	negative	Britons deported from Somalia held under Terrorism Act
1156	negative	Body Shop's Roddick has Hepatitis C
800	neutral	In rigorous test, talk therapy works for panic disorder
851	negative	North Korea claims nuclear test
1238	positive	Obama announces presidential bid
199	negative	Slain Amish girls laid to rest
61	negative	Israel admits using phosphorous shells in Lebanon
1106	positive	Small-business owners find Bush health plan appealing
1068	neutral	Anglican and Catholic churches could merge
1330	neutral	Creating a whole album in a month?
1460	neutral	'Made in China' irks some Burberry shoppers
1409	neutral	Pound will not drop Armstrong case
973	negative	At least 130 die as blast levels Baghdad market
1103	neutral	King county offering some free flu vaccines
1151	positive	Cool millions for YouTube founders
1157	neutral	Teen allegedly armed by mom turns self in
1082	neutral	Beware of peanut butter pathogens
1334	neutral	Bernanke: Economy healthy, but...
234	neutral	Madonna files adoption papers in Malawi
1003	neutral	Princess and heir of Franz Ferdinand fights to repeal a law and gain a castle
1012	negative	Bush declares Iran's arms role in Iraq is certain
54	positive	Game on! London exhibition celebrates the history of video games
1261	negative	Desperate Iraqi mother relies on militia for help
850	negative	Israeli, Lebanese clash on border
183	neutral	'Deep regret' for ex-HP exec
868	negative	Did NASA accidentally kill life on Mars?
1332	neutral	G7 to China: Ease exchange rate grip
908	negative	Botched hangings in Iraq speed sectarianism
774	negative	Too young for this: facing cancer under 40
1417	neutral	Excerpt: Politicians and the press
1209	neutral	Uganda parliament votes to send troops to Somalia
1457	neutral	Founder returns to Dell helm
191	neutral	Ashton Kutcher tells secret to Ryan Seacrest
195	neutral	Kentucky seeks alcohol huffing ban
828	negative	Freed kidnap suspect: my terror at police raid
1024	neutral	Findings : A cool $25 million for a climate backup plan
1018	negative	Planning seen in Iraqi attacks on U.S. copters
1462	neutral	Who is Prince Frederic von Anhalt?
874	neutral	No buyer in sight for Napster
28	neutral	Injured Marathon Winner Leaves Hospital
1281	negative	Chrysler's Valentine's Day massacre
1444	neutral	The NFL's 20 biggest potential free agents
902	neutral	In the Rockies, pines die and bears feel it
225	neutral	Ex-Virginia gov not running for president
1023	positive	A familiar and prescient voice, brought to life
866	positive	Ferrer victorious in Spanish duel
1	negative	Mortar assault leaves at least 18 dead
74	neutral	Bad weather slows S.Korean search for Russian ship
1000	negative	Terror officials see Al Qaeda chiefs regaining power
1048	neutral	Iran top N-envoy heads for Vienna for nuke talks
1006	negative	North Africa feared as staging ground for terror
122	neutral	Tom Cruise and Katie Holmes set wedding date
1296	neutral	Gunman 'was Srebrenica survivor'
1169	neutral	Anna Nicole claimant: A prince of a guy?
1013	positive	Accord on North Korea is announced
107	neutral	Three found alive from missing Russian ship -report
1162	positive	China's 'Friends' highlights Web freedoms
1235	negative	Salt Lake City mall shooter was teenager
1186	neutral	'Hannibal' bites the big one
154	neutral	An Old Letter Casts Doubts on Iran's Goal for Uranium
786	neutral	What Newsom faces in aftermath of scandal
795	neutral	Why gas follows oil up but not down
880	negative	Kidnappers seize two in Nigeria
1346	negative	Double bus-bombing kills three in Lebanon
1028	neutral	Wizardry at Harvard: physicists move light
780	neutral	Annual diving contest in South Korea proves a chilly challenge
901	neutral	Allied with democrats, Lieberman easily aligns with Republicans
196	negative	Toddler died from tainted spinach
876	neutral	China says rich countries should take lead on global warming
772	positive	Bird watchers flock to see rare owl
1359	positive	Reports: Harvard set to name first female president
1097	negative	Reopening bird flu-hitfactory ignores risks - poultryman
1321	neutral	Cartoon Network head steps down
1264	neutral	Jones faces Europe meetings snub
1396	negative	Tow truck drivers accused of stealing cars
968	neutral	Greek police hunt embassy attackers
1121	positive	Cocoa could be antidote to age-related diseases, says new study
1243	neutral	Can North Korea be trusted?
820	neutral	Super Bowl MVP Manning insists he's one of the guys
41	neutral	Stanford study warns of Internet addiction
817	negative	EarthLink CEO dies at age 49
1189	neutral	Democrats look beyond symbolic vote on Iraq
1125	neutral	Bush officials: no big move in Iraq plan
1005	negative	Militants attack U.S. base in Iraq
138	neutral	Rice, in Baghdad, Insists That Iraqis Are
1354	neutral	Teacher's porn conviction sparks tech debate
1484	neutral	Marijuana helps ease HIV nerve pain, study says
1477	neutral	Was Prince's super show too revealing?
1443	neutral	Tourist spot resists gravity, but not progress
1056	neutral	Australia tells Bush to speed up Guantanamo trial
1395	negative	Outdated baby food found on shelves
985	neutral	Microsoft downplays Vista speech-recognition hack
1001	neutral	Ivrea journal: In Italian town, a civics lesson from pelting neighbors
953	positive	Beijing journal: Olympic construction unearths ancient treasure trove
115	neutral	Britain to Limit Workers from Romania, Bulgaria
1094	negative	Russian bird flu outbreak is deadly ""Asian strain""
1208	positive	Air France KLM profit rises
188	neutral	School ends football season after 0-4 start
172	negative	Alzheimer's Drugs Offer No Help, Study Finds
932	positive	Boy missing since 2002 found alive
252	negative	Man admits UK-US terror bomb plot
887	negative	Indonesia flood forces 340,000 from homes
1387	neutral	Messi makes Barcelona squad return
909	neutral	Male sweat raises female hormones
1216	negative	Snow wreaks havoc in East, Midwest
769	neutral	Real Mallorca rock leaders Sevilla
79	neutral	Bucs find a new kick in life
804	neutral	Rebels to join Nepal parliament
1388	negative	Jump reported in accidental drug-overdose deaths
38	negative	More Human Remains Found at Ground Zero
1035	negative	Russia warns US against missile bases in East Europe
146	negative	Brazil Air Force Cites Faults and Confusion in Fatal Crash
1130	neutral	Sony apologizes for battery recall
89	negative	Russian ship sinks in Pacific
