1266	negative	Guinea: Plan offices close as country declares emergency
1125	neutral	Bush officials: no big move in Iraq plan
1255	neutral	Vista's hyped security will be tested
931	neutral	TV game shows go interactive
1489	neutral	U.S. online love brokers eye China
972	neutral	Underarm bowls them over
1098	neutral	Goodbye to girlhood
1015	neutral	Baghdad plan is a success, Iraq prime minister tells Bush
1041	negative	Iran reneges on nuclear payments to Russia
1288	positive	On-the-job naps might cut heart risk
115	neutral	Britain to Limit Workers from Romania, Bulgaria
1136	negative	Punter charged with stabbing asks to live outside state
1420	neutral	Loving with all your ... brain
814	positive	Israel says hopes to keep Lebanon border calm
1355	positive	Singapore pampers its waterfront promenade
1033	positive	Pakistan-India peace talks planned despite bombings
940	negative	The amounts you have to pay for a bomb scare
889	negative	Ice storm brings chaos in U.S.
1036	neutral	Cheney starts visit to Japan, Australia
1412	neutral	Allen and Okur get All-Star call
853	positive	Action games improve eyesight
1493	neutral	Escape to Prague without the summer hordes
994	negative	Collision on icy road kills 7
793	neutral	Blair apologises over friendly fire inquest
13	neutral	United Finds Good Connection in Win
872	neutral	US to prod NATO allies for more troops to defeat Taliban
829	neutral	Far away, Super Bowl's losers will be champs
900	neutral	Carrefour sales growth falls short
1311	neutral	Court TV: Accused killer tells jury a love story
1381	negative	Al Qaeda group calls for attacks on U.S. oil
898	negative	Blair: Terror battle will be long
138	neutral	Rice, in Baghdad, Insists That Iraqis Are
76	positive	Active peace brings the promise of development
1481	negative	ROUNDUP: Protests erupt despite ""state of siege"" In Guinea
1459	negative	Ex-Border Patrol agent beaten in prison
1199	neutral	Judge: Preserve Anna Nicole's body
1088	neutral	Ready to eat chicken breasts recalled due to suspected listeria
912	negative	Italy's dispute with US over Iraq shooting
1262	neutral	Full details of the EU report on Iran
987	neutral	Italy to hold no-show trial of Bronx GI in Iraq slay
1032	negative	India decries 'an act of sabotage'
111	neutral	Dating difficult for Harry Potter
188	neutral	School ends football season after 0-4 start
47	negative	Deaths linked to flu vaccine
882	negative	Attack video saddens ""friendly fire"" widow
1141	neutral	Merriman violation stuns ex-teammate
201	neutral	Cher auction fetches double pre-sale estimates
871	negative	Human error caused Helios crash
1102	neutral	Thousands line up to get late flu shots
67	neutral	Vegetables May Boost Brain Power in Older Adults
175	neutral	Fitness: Bodies in Motion, Clean and Sober
1431	negative	Britons deported from Somalia held under Terrorism Act
812	negative	Justin Timberlake, Cameron Diaz announce split
43	neutral	A Picture and A Thousand Words
1442	neutral	The breast cancer breakthrough saving 1000 women a year
801	neutral	Rice: U.S. won't pull plug on Iraq
1334	neutral	Bernanke: Economy healthy, but...
1408	positive	Grammys ready to name winners
1414	negative	Trolley Square shooting leaves 6 dead, including gunman
1220	negative	Group: Video shows chopper go down
1077	neutral	Thai Govt moves to smooth over relations with south
961	positive	Harris haul puts South Africa on top
133	neutral	Google To Launch Yet Another Search Tool
208	neutral	Briton admits U.S. bomb plot role
1333	neutral	Hatton hands back IBF title again
1197	neutral	Create own 'Thrillville' for a wild ride
82	neutral	Breast Cancer Awareness is Important
55	neutral	Making peace from victory over poverty
1265	positive	Beckham goal helps Real snatch win
137	negative	U.S. Weighs Sanctions Against North Korea
1204	negative	Swiss plane crashes at Moscow airport
1472	neutral	Scientist snoops in astronauts' journals
202	neutral	Stars scuffle on 'Grey's Anatomy'
908	negative	Botched hangings in Iraq speed sectarianism
1030	neutral	Moscow says Palestine-Israeli contacts key to Mideast peace
1300	neutral	Libby defense upsets judge, rests
1475	neutral	United hang on to six-point lead
1004	neutral	A film star in Kampala, conjuring aminos ghost
1117	positive	Scientists tout cocoa's health benefits
1105	neutral	Health returns as hot issue in '08 race
1094	negative	Russian bird flu outbreak is deadly ""Asian strain""
780	neutral	Annual diving contest in South Korea proves a chilly challenge
1006	negative	North Africa feared as staging ground for terror
822	neutral	Israel's Peretz urges halt to contentious Jerusalem construction
242	neutral	Costner appeals in casino wrangle
759	positive	News Baby pandas! Baby pandas! Baby pandas!
39	neutral	How to Prevent Iraq From Getting Even Worse
758	neutral	Science panel calls global warming unequivocal
221	neutral	Peter Pan flies into chapter two
755	neutral	Hands on 'Doomsday Clock' move forward
1191	negative	Frustration rises as North Korea nuclear talks stall
950	positive	North Korea ready to discuss nuke disarmament
1367	neutral	U.S. commander: Iraq not hopeless
25	negative	UK announces immigration restrictions
4	negative	Bombers kill shoppers
794	neutral	Depp 'to make Litvinenko movie'
1306	negative	Sex torture claims hit Russia army
1498	neutral	Study links chimps and 'hammers'
103	negative	Photographer kidnapped in Gaza
936	positive	Bill, thanks for the RSA memories... and laughs
1349	positive	Paterson boots Scotland to victory
156	negative	Global Sludge Ends in Tragedy for Ivory Coast
1148	neutral	One search does not fit all
1302	neutral	Gronholm ahead as Solberg crashes
1461	neutral	Stonehenge workers' village found
1256	negative	UK police slammed over terror raid
1052	positive	Royal rescues presidential hopes with commanding performance
869	positive	New vaccine for cervical cancer could prove useful in men, too
860	positive	Machinery orders drive Asia upward
1101	negative	A shot in the arm
91	neutral	Prestige has magic touch
1166	positive	Spacewalker sets new U.S. record
1492	neutral	Taliban leader killed in airstrike
79	neutral	Bucs find a new kick in life
795	neutral	Why gas follows oil up but not down
207	neutral	Flooding washes out road to Valdez, Alaska
1215	positive	Miss Brazil wins lawsuit competition
1168	neutral	Kerry blasts 'escalation of misguided war'
1444	neutral	The NFL's 20 biggest potential free agents
96	neutral	Sony apologises for global battery recall
1398	neutral	UK soldiers cleared of Iraq abuse
892	positive	Roddick overcomes Federer in final
1456	neutral	Fire extinguisher part of Tennessee execution kit
1091	neutral	Stop cancer with a shot
928	neutral	Nokia 5300 Xpress Music
1018	negative	Planning seen in Iraqi attacks on U.S. copters
798	neutral	Bears watch as lead slips away
1464	neutral	Ethiopia readies for millennium all its own
1363	negative	South Korea fire kills 10 foreigners
1045	neutral	New Zealand unlikely to allow crippled Japanese whaler
772	positive	Bird watchers flock to see rare owl
1167	neutral	Fortune: India the Superpower? Think again
112	neutral	Students lose their rite of passage
1329	neutral	Utah gunman survived Srebrenica
1294	neutral	Champion Murray too good for Kim
1307	neutral	Mega-marsupials once roamed Australia
1397	neutral	Bush: It's time for Congress to back energy plan
756	neutral	Zach Braff says he has 'mild depression'
22	neutral	Kidnapped AP photographer freed in Gaza
1206	positive	MySpace sales surging
1169	neutral	Anna Nicole claimant: A prince of a guy?
1455	negative	Ex-teacher guilty in nude-pictures scheme
243	neutral	Beyonce copyright claim rejected
1446	neutral	BA to charge $470 for an extra bag
118	neutral	Silly and substantial
94	negative	Riot warning for France suburbs
1182	negative	Fear hinders black marrow donation
1116	negative	Planned cesareans not risk-free, group warns
895	negative	U.S. and Iraqis are wrangling over war plans
205	neutral	Warner will not run in '08
1441	negative	Survey: Tech a tool in teen dating abuse
854	neutral	A small part of the brain, and its profound effects
140	neutral	German Chief Forges Accord on Financing Health Care
1353	neutral	Bosses sleeping on idea of letting workers take naps
1034	negative	Czechs, Poles get missile warning
956	neutral	Asia near pact on energy, security
1392	positive	Regular naps make hearts healthy
820	neutral	Super Bowl MVP Manning insists he's one of the guys
154	neutral	An Old Letter Casts Doubts on Iran's Goal for Uranium
1108	neutral	Whether to save cord blood can be puzzle for parents
750	neutral	PSP number one Sony platform in Japan
1066	neutral	Iran vs. North Korea: not all enemies are equal
763	neutral	Secret hotels in Irish countryside
1248	neutral	Weekly Nielsen will 'Lost' find its way back?
765	positive	Philippine president welcomes Senate approval of anti-terror bill
21	neutral	Tom Cruise and Katie Holmes set wedding date
1114	neutral	Sick hearts switch on a fetal gene
764	neutral	Fine wines in British Columbia
1335	neutral	Mickelson, Sutherland share lead
875	neutral	Briefly: preloaded iPods, Wal-Mart movies, Apple stores
1460	neutral	'Made in China' irks some Burberry shoppers
5	neutral	Vegetables, not fruit, slow brain decline
129	neutral	Advantage Cardinals with Suppan in Game 4
941	neutral	In Egypt, Rice speaks softly
1268	neutral	United Nations peacekeepers raid Haitian slum
1219	neutral	All African amputee football games kick off
122	neutral	Tom Cruise and Katie Holmes set wedding date
1210	positive	King and queen reign at British film awards
1180	neutral	Rowling 'heartbroken,' 'euphoric' at 'Potter's' end
894	neutral	Donald and Goydos share Sony lead
246	negative	Sri Lanka clashes kill 129 troops
867	negative	UK workers on alert for letter bombs
1198	neutral	Edwards' campaign blogger quits amid Catholic controversy
226	neutral	Yankee pitcher's pilot log found
1078	negative	Bombings say Muslim rebels won't negotiate
1202	neutral	A personal plea for HPV vaccine plan
773	negative	Eye on cosmos is lost to short circuit on hubble
1010	negative	Al Qaeda chiefs are seen to regain power
100	neutral	Report criticises US press freedoms
1491	negative	'House of Cards' actor Ian Richardson dead
923	positive	Vietnam becomes WTO's 150th member
989	negative	Canadians tracked in child porn ring
38	negative	More Human Remains Found at Ground Zero
1174	neutral	Edwards blogger quits, becomes journalistic martyr
913	positive	Here come the Globes!
1364	neutral	Prehistoric lovers found locked in eternal embrace
1310	neutral	HPV vaccination stirs heated debate in America
1328	neutral	France: Al Qaeda suspects arrested
1246	positive	Man gets second chance at space ride
1173	negative	Massive mud traps dozens of families
914	negative	Snow causes transport chaos in Britain
1095	negative	Bernard Matthews to lay off up to 500 workers
1358	negative	Radical cleric al-Sadr in Iran, U.S. insists
1365	neutral	Charts: Is your city lean or lethargic?
1341	negative	Travel chaos as heavy snow hits UK
805	neutral	EMI warns on profits, boss goes
1293	neutral	Manila hints at ransom approval
1395	negative	Outdated baby food found on shelves
1139	neutral	Bryant's boot may have salvaged Bucs' season
946	positive	Vital signs: mental abilities: folic acid may improve thinking skills
108	neutral	Moderate drinking reduces men's heart attack risk
1351	positive	Study: On-the-job naps might help heart
1406	positive	A nap a day may keep the heart doctor away
85	neutral	Celebrities Protest Malibu Gas Facility
163	neutral	Citing Spy Agencies' Study, Democrats Seek Iraq Changes
920	negative	Dozens killed in Baghdad bombing
1373	negative	6 dead after Utah Mall shooting rampage
19	neutral	We're a pretty kind 'bully'
165	neutral	Military Officials Add to U.S. Criticism of Iraq's Government
1107	neutral	Pediatricians say more cord blood is needed now
1445	positive	World tourism sets record in 2006
1170	neutral	'Ronnie' and Eto'o hug and make up
1061	neutral	Afghan forces retake town that was overrun by Taliban
1085	neutral	For women, aspirin a day could keep stroke away
845	neutral	China urges UN action on N Korea
182	negative	New Iraq terror tape calls for abducting foreigners
1423	neutral	Slow 'Music and Lyrics'
1175	negative	Town packs gym to mourn 10 killed in fire
231	negative	Pit bulls jump miniature pony, leave her bloody
891	negative	Congressman rebukes U.S. allies for lack of support in Afghanistan
1103	neutral	King county offering some free flu vaccines
799	neutral	In clue to addiction, brain injury halts smoking
1399	neutral	FDA revises label warnings on the antibiotic Ketek
181	negative	Tropical Storm Isaac forms in Atlantic
1382	neutral	Cousin: Gunman was Srebrenica survivor
88	negative	Heavy use of mobile phones can make men infertile, scientists say
953	positive	Beijing journal: Olympic construction unearths ancient treasure trove
1240	negative	Serbia rejects United Nation's Kosovo plan
985	neutral	Microsoft downplays Vista speech-recognition hack
1404	neutral	Former teacher poses for Playboy
99	neutral	Vegetables May Boost Brain Power in Older Adults
1448	neutral	World's oldest newspaper now exists only online
1138	neutral	Trying to assess the damage in Cleveland
1083	neutral	Experts offer advice on salmonella
993	neutral	Study: Male sweat causes female hormones to rise
1156	negative	Body Shop's Roddick has Hepatitis C
982	neutral	Israel weighs old city project webcast
1008	neutral	Anglicans rebuke U.S. branch on same-sex unions
1428	positive	Tiempo Libre has Grammy dreams
229	neutral	Dad locked up son, watched on TV, police say
861	negative	'Lost's' Fox: 'I'm a liar and a cheat'
771	negative	Personal health: for teenagers, the car is the danger zone
1494	neutral	Kathmandu: First snow in 63 years
1195	neutral	Mickelson driving force at masters
1022	neutral	Believing scripture but playing by science's rules
179	positive	With YouTube, Grad Student Hits Jackpot Again
203	neutral	Probe under way in Yankee crash
196	negative	Toddler died from tainted spinach
1468	neutral	Snow begins, heavy accumulations expected
1485	neutral	Serena misses Bangalore tournament
1322	neutral	Malaysia aggressively wooing tourists
970	negative	Tsunami fears ease after quake
1104	positive	Bush vows cooperation on health care
1289	neutral	No. 1 Florida survives Rupp Arena, streak hits 16
1292	neutral	Howard slams Obama on Iraq policy
1201	neutral	Nasdaq-LSE battle nears deadline
917	negative	Heavy snow causes travel chaos and shuts schools
3	neutral	Nigeria hostage feared dead is freed
144	negative	Women Face Greatest Threat of Violence at Home, Study Finds
84	neutral	Three drivers had reason to be proud in Brazil
1443	neutral	Tourist spot resists gravity, but not progress
1017	neutral	Dispute over Iraqi cleric, said to have gone to Iran
1470	neutral	Frantic 911 call in Ryan O'Neal case
1413	neutral	Svindal claims are golden double
792	negative	Freed Muslim terror suspect says Britain is ""police state""
1452	neutral	See if your city is one of the United States' top 10 fittest or fattest
1056	neutral	Australia tells Bush to speed up Guantanamo trial
1371	negative	Oregon snorkeler mistaken for rodent, shot in face
1120	neutral	Lawyer for deceased Nazi-era collaborator Papon vows to bury him
1305	negative	12 dead in Lebanese minibus bombings
1115	neutral	Foetal mechanism helps heart failure
777	neutral	Rare optimism as North Korea talks reach crossroads
220	neutral	Kentucky wants to ban alcohol inhalers
781	negative	Blair says he regrets delays in British soldier's inquest
1348	neutral	Obama: I'm running for president
808	neutral	POLITICS-US: reprieve for officer who denounced ""Immoral War""
934	positive	Russia honors Sputnik designer
1411	neutral	Turkmen acting leader sworn in as new president
1299	neutral	Who's going to win at the Grammys?
800	neutral	In rigorous test, talk therapy works for panic disorder
1086	neutral	High cholesterol raises stroke risk healthy women
1230	neutral	Vietnamese bank plans IPO listing
791	negative	What's behind the chopper crashes in Iraq
216	negative	Disturbing finds in child sex raids
1496	negative	Ex-pastor gets death sentence
1338	neutral	Students use IM-lingo in essays
997	positive	New Mars orbiter spots Pathfinder landing site
930	neutral	Second drop in cancer deaths could point to a trend, researchers say
806	negative	Subway collapse caught on camera
164	neutral	Opera Canceled Over a Depiction of Muhammad
855	negative	IDF shells Lebanese Army positions across northern border
185	negative	Squirrel jumps boy in park; rabies suspected
1339	positive	Malaysia launches tourism campaign
1394	neutral	U.S. gunman 'was Srebrenica survivor'
909	neutral	Male sweat raises female hormones
89	negative	Russian ship sinks in Pacific
106	neutral	Life on Mars? Maybe We Missed It
1069	negative	US helicopter crash kills 8 troops in Afghanistan
1181	neutral	Apple revs up Mac attacks on Vista
1024	neutral	Findings : A cool $25 million for a climate backup plan
1055	neutral	Hicks first in line for trial, Bush says
1064	neutral	Will North Korea honor pledge this time?
187	neutral	Porn star candidate campaigns on campus
1084	neutral	Experts issue new heart disease guidelines for women
81	negative	Police warn of child exploitation online
155	neutral	U.S. Warns North Koreans About Nuclear Test
1396	negative	Tow truck drivers accused of stealing cars
1155	neutral	Microsoft to release next generation phone
6	neutral	PM: Havana deal a good experiment
819	negative	Carter was a disaster, said Ford
1352	neutral	Guinea capital largely calm under curfew, marital law
954	neutral	Chinese president arrives in Mozambique, African tour nearly over
236	positive	$10,000 poetry prize awarded
1075	neutral	Protest greets congestion charge's westward push
1390	positive	Isinbayeva sets 20th world record
1207	negative	Telecoms giant slashes 12,500 jobs
125	neutral	Marathon victory comes at heavy cost
1366	neutral	Peru leader questioned in massacre probe
1296	neutral	Gunman 'was Srebrenica survivor'
1377	positive	Rockers big winners at Brit Awards
1258	negative	Bomb kills 18 on military bus in Iran
922	positive	De Villiers takes over Dakar lead
161	neutral	U.N. Force Is Treading Lightly on Lebanese Soil
1320	neutral	North Korea aid demand stall talks
15	neutral	We were 'arrogant and stupid' over Iraq, says US diplomat
1314	neutral	Somali PM vows to bring Islamists to justice
1466	neutral	Snowbirds shortening their Florida stays
978	neutral	No e-Book for Harry Potter VII
66	neutral	China launches two satellites into orbit
1124	negative	AU regrets Sudan's expulsion of UN envoy
1090	neutral	Committee debates cancer vaccine plan
968	neutral	Greek police hunt embassy attackers
1273	neutral	Thomas Cook to merge with MyTravel
53	neutral	Confusion Reigns In the Expanding Digital World
1223	positive	Technology may save India's river dolphins
1440	neutral	UN nuclear watchdog slashes Iran aid
878	neutral	Tracking down hi-tech crime
1467	neutral	Win a (concert) date with the Police
223	neutral	Cher's dress, car, bed have new owners
1160	negative	Storm leaves behind major travel troubles
1229	negative	The troubling ending of 'The Departed'
1217	neutral	The secrets people reveal
168	negative	Growing Unarmed Battalion in Qaeda Army Is Using Internet to Get the Message Out
856	neutral	Thailand: missing 25 years after taking wrong bus
239	neutral	Cher items snapped up at auction
864	neutral	North Korea ready to discuss first steps to nuclear resolution
1042	neutral	Top Colombia official resigns
980	neutral	'Can't do this anymore'? Not Jack
1051	negative	Judge threatens to shut down Air-India inquiry
754	negative	PC World editor slain at California home
1063	negative	Afghan poppy war alienates farmers
197	neutral	Judge dismisses Karr's porn case
857	neutral	Ballerina sparks anti-fascist row
233	neutral	Trailblazing trio protects City by the Bay
826	neutral	For women, nothing's like the smell of men's sweat
237	positive	Las Vegas honour for tiger pair
128	neutral	War is close, Ethiopia tells Somali rebels
1193	neutral	Scam lures victims with free puppy offer
1072	positive	House passes anti-terrorism measure Manila
1424	neutral	Mexican navy helps in hunt for U.S. engineer
195	neutral	Kentucky seeks alcohol huffing ban
828	negative	Freed kidnap suspect: my terror at police raid
174	neutral	Cooking Defines Sephardic Jews at Sukkot
916	neutral	Second opinion: girl or boy? as fertility technology advances, so does an ethical debate
778	negative	Man beheaded in southern Thailand
1264	neutral	Jones faces Europe meetings snub
42	neutral	No evidence of ice reserves on the moon
817	negative	EarthLink CEO dies at age 49
87	neutral	Presto! He's Batman, then magic man
1249	neutral	Brith Airways baggage charges cause confusion
1146	neutral	Clinical Everton show Moyes means business
1038	negative	Iraq insurgents attack US base
1145	neutral	Mbeki: 2010 World Cup Planning on Track
797	neutral	Bill would strip convicted legislators of pensions
868	negative	Did NASA accidentally kill life on Mars?
804	neutral	Rebels to join Nepal parliament
1261	negative	Desperate Iraqi mother relies on militia for help
126	neutral	College tuition continues climbing
14	neutral	'Runway': Making Good Without Making Nice
33	neutral	Pair of Satellites Will Document Sun in 3-D
1143	negative	Steelers' Roethlisberger has concussion
839	neutral	Leo battles himself
166	neutral	Teacher in Hiding After Attack on Islam Stirs Threats
784	neutral	Fingers crossed for North Korea
1005	negative	Militants attack U.S. base in Iraq
1132	positive	Firefox 2.0 hits the Web
873	neutral	Microsoft supports OpenID authentication standard
86	neutral	Lebo: A life lived on the edge
1234	neutral	Merkel: Stop Iran
1208	positive	Air France KLM profit rises
1111	neutral	Health Canada issues advice on canned tuna
1272	positive	Siesta cuts risk of heart disease death, study finds
1007	negative	Iran says Sunnis, using Pakistan as base, planned fatal bombing
1074	neutral	London is pace-setter on congestion toll, says mayor
1476	neutral	Lawyer seizes Smith's Bahamas home
830	negative	Woman dies after water binge
153	neutral	Paris Journal: Smoking No Longer Tres Chic in France
955	neutral	Reclusive 'Mockingbird' author attends show
844	negative	Boy Scouts blamed for starting wildfire
1368	neutral	Australian PM stands by Obama attack
158	negative	Equipment on Plane in Brazil Collision May Have Been Faulty
114	negative	Ottawa must redefine 'terror'
836	negative	Kylie's love split
879	neutral	Barack Obama formally announces bid for president
1235	negative	Salt Lake City mall shooter was teenager
1386	neutral	Police break up Kosovo protests
132	neutral	Flu Vaccine Appears Safe for Young Children
751	neutral	England include Giles in WC squad
927	neutral	Why the smell of a man's armpit is a turn-on
1200	neutral	Dolphins, sea lions may report for duty soon
947	neutral	De Villiers stretches overall lead
983	negative	Indonesian bird flu deaths hit 61
1304	neutral	Rocky start for Bangkok airport
1165	negative	Smith can't be buried until hearing
186	negative	Girl left comatose after dental visit dies
1221	neutral	Sale of Chrysler possible
1331	negative	India to test new nuclear missile
1354	neutral	Teacher's porn conviction sparks tech debate
1097	negative	Reopening bird flu-hitfactory ignores risks - poultryman
874	neutral	No buyer in sight for Napster
232	negative	Alaska town cut off from rest of state by flood
779	negative	China's 'nightmare scenario'
915	negative	Snow causes airport closures in Britain
1471	neutral	Durant's success trumps the Gators
1029	negative	The summit - a slap in the face of the Palestinians
51	neutral	Israel insists on Lebanon overflights
1497	neutral	Baby born on turnpike after dad misses exit
170	neutral	Seduced by Snacks? No, Not You
1080	neutral	Largest ever autism study identifies two genetic culprits
1161	negative	3 U.S. troops killed hunting weapons cache
178	neutral	An Elephant Crackup?
1028	neutral	Wizardry at Harvard: physicists move light
1346	negative	Double bus-bombing kills three in Lebanon
222	neutral	Teen repellent inventor wins infamous prize
977	negative	Officers had 'rapport' with alleged abductor
880	negative	Kidnappers seize two in Nigeria
1244	neutral	Tourism lags in Bush's hometown
1362	negative	Storm causes slick, icy roads
127	negative	German paper shows soldiers desecrating skull
241	positive	Lily Allen wins web music award
1126	neutral	Opponent is put on the spot over remarks about Clinton
12	neutral	Nicole Kidman asks dad to help stop husband's drinking
1079	neutral	Roots of autism more complex than thought
245	positive	Melua's deep sea gig sets record
926	positive	Action intensity boosts vision
1245	neutral	Astronaut's arrest tests NASA's mettle
1192	neutral	Horse teeth give details of ancient big chill
1400	neutral	Toshiba Portege R400
199	negative	Slain Amish girls laid to rest
193	neutral	Gunman 'fine' before shooting
117	neutral	Kim Osorio Wins Sexual Harrassment Suit Against The Source
1000	negative	Terror officials see Al Qaeda chiefs regaining power
1250	negative	Indonesian with bird flu dies
116	neutral	Top General Optimistic on Iraq
1149	neutral	Apple's dark secret? The 39% claim
151	neutral	Managua Journal: Hold the Mojito and Margarita, Nicaragua Has el Macu
1227	neutral	Corn stoves popping up in U.S. homes
240	neutral	Griffiths scorns Withnail 'play'
1495	negative	Nasdaq fails in bid for LSE
1183	negative	Texan allegedly joined Somalia rebel plot
1499	neutral	UN-Google Earth map climate change
1194	positive	Two Koreas to resume talks
8	neutral	NASA revisiting life on Mars question
1233	positive	'Cagney & Lacey' finally coming to DVD
1415	negative	Bridge blast stops I-95 traffic
1482	negative	Study: More kids exposed to online porn
959	positive	Study detects a gene linked to Alzheimer's
1263	neutral	Singer on Cowell: Glad he was mean
815	negative	Cisco sues Apple over iPhone name
113	neutral	Putin vows to tackle illegal immigration
1463	neutral	Latest food-fad -- 'space potatoes'
767	negative	Bigger, more aggressive rats infesting UK
1280	negative	Ryan O'Neal injured son's girlfriend
775	neutral	Unilever group names new chairman
32	neutral	Resolution approved for international games
49	neutral	Bread-Heavy Diet Linked to Kidney Cancer
162	neutral	Cleric Said to Lose Reins Over Part of Iraqi Militia
219	neutral	Student starts white men's club on campus
1127	neutral	House ethics panel talks to Hastert aide
886	negative	Snow brings travel misery to England
1315	neutral	Swingers more common than most think
827	neutral	Looking beyond the iPhone
1422	neutral	Cuban official: Web a 'wild colt'
1096	negative	Matthews lays off 130 turkey workers
1429	neutral	GPS sneakers locate with press of a button
1385	neutral	10 don't-miss tax breaks
901	neutral	Allied with democrats, Lieberman easily aligns with Republicans
1317	negative	Antibiotic Ketek more dangerous than thought
1486	negative	Dryer blamed for fire killing 39 cats, dogs
966	neutral	'Housewives' star Marcia Cross on bed rest
184	neutral	'Opportunity' knocks on geologist's dream crater
160	negative	Iraqi Journalists Add Laws to List of Dangers
1260	neutral	U.S. at odds with cleric's aide
1213	neutral	Yahoo's mission quest
1137	neutral	Allmendinger joining Toyota team in NASCAR
1218	neutral	Research supports medicinal marijuana
951	neutral	For women, nothing's like the smell of men's sweat
986	positive	Next island hot spot: St. Lucia
858	positive	Internet boom in China is built on virtual fun
1060	neutral	False alarm at Canadian embassy in Paris
1416	negative	Mother, daughter stabbed near school
1188	neutral	Wii news for gamers
834	negative	Mistrial declared in teacher-student rape case
253	neutral	Who are you calling fat?
50	neutral	Beating poverty in a small way
1379	neutral	Taiwan's 'Mr. Clean' indicted, steps down
929	negative	Dell to cut bonuses, trim management
1237	neutral	Oil holds at $58
1421	neutral	Shoplifters' choice: Police or T-shirt of shame
774	negative	Too young for this: facing cancer under 40
1259	neutral	'WarioWare,' Wii make perfect fit
992	neutral	Gere cheers sex workers in AIDS fight
238	positive	UK characters boosting box office
1372	neutral	Petraeus takes command in Iraq
1409	neutral	Pound will not drop Armstrong case
235	negative	'Dr. McDreamy' choked in 'Grey's' scuffle
1321	neutral	Cartoon Network head steps down
862	negative	Russia to strengthen its military muscle
1176	neutral	Spain ahead although Nadal is out
973	negative	At least 130 die as blast levels Baghdad market
1254	neutral	Gray wolves off endangered list
52	neutral	Britain to restrict immigrants from new EU members
1401	negative	South Africa mourns Adelaide Tambo
211	neutral	Gunmen kill 9 at Iraqi TV station
183	neutral	'Deep regret' for ex-HP exec
981	neutral	Black hole triplets spotted
224	neutral	Dow hits new record, eyes 12,000
1190	neutral	Portugal to vote on abortion laws
212	neutral	Hastert sorry for scandal but not quitting
1186	neutral	'Hannibal' bites the big one
1279	positive	Napping may be good for your heart
1082	neutral	Beware of peanut butter pathogens
761	negative	Germany agonizes over a brain drain
1276	positive	Oprah announces new book club pick
832	neutral	ASEAN urges North Korea resolution
769	neutral	Real Mallorca rock leaders Sevilla
881	neutral	Indonesia may sell, not give, bird flu virus to scientists
107	neutral	Three found alive from missing Russian ship -report
1123	neutral	Hungarian opposition calls for vote after violence escalates
904	neutral	Nipple covers, other star secrets
782	negative	Iraqi forces detain official suspected in Shia conspiracy
18	neutral	Women in their 60s 'are perfectly good mothers'
1270	positive	Social networking goes mobile
1053	neutral	Royal seeks to revive French bid
1247	neutral	Go ahead, take a nap, science says
217	neutral	Magazine lists women who had abortions
1013	positive	Accord on North Korea is announced
979	neutral	Review: Nokia 5300 Xpress Music
939	negative	Airlines: UK airport runway unsafe
1325	neutral	Rwanda mulling 3-kid limit for families
1337	neutral	Princess Masako author: No regrets
1277	neutral	The science of love ... and lust
167	neutral	Combative Bush Releases Parts of Terror Study
70	neutral	Iran's president urges higher birth rate
1109	positive	Retinal implant helping blind people see again
821	neutral	Personal health: the importance of knowing what the doctor is talking about
802	neutral	On road to Kosovo independence, a warning: go slow
1483	neutral	Beyonce new SI bikini cover girl
1140	neutral	This week in auto racing October 27 - October 29
852	positive	Talks begin on Somalia peacekeepers
967	positive	Blog: Here come the Globes!
109	positive	The sweet tune of an anniversary
209	neutral	Commentary: Minutemen have a right to be idiotic
1388	negative	Jump reported in accidental drug-overdose deaths
943	negative	Senate votes to revoke pensions
1040	negative	Iraqi suicide attack kills two US troops as militants fight purge
859	positive	Review: PS3 pricey but impressive
139	neutral	Senator Says U.S. Should Rethink Iraq Strategy
760	positive	Get ready for the earnings
752	neutral	Beckham 'won't play again for Real'
173	neutral	Across Europe, Worries on Islam Spread to Center
768	positive	Travel+Leisure: Next island hot spot: St. Lucia
786	neutral	What Newsom faces in aftermath of scandal
1430	neutral	Embattled Edwards blogger quits campaign
893	neutral	Prehistoric Romeo and Juliet discovered
938	positive	MySpace welcomes French friends
937	neutral	Friendly fire pilot 'experienced'
944	negative	EarthLink CEO dies at age 49
1067	neutral	Catholic archbishop outlines Anglican merger hopes
841	negative	John Grisham set for court drama
31	neutral	Sudan urges UN to replace its special envoy
996	neutral	What the Godfather of Soul meant to me
902	neutral	In the Rockies, pines die and bears feel it
837	positive	iPod good for video games
787	neutral	Maggie Gyllenhaal's Globes babysitter: Mom
1135	positive	Marathon winner released from hospital
150	neutral	Dead Bachelors in Remote China Still Find Wives
180	positive	Dow flirts with record highs again
962	neutral	Weight-loss drug to be sold over the counter
848	neutral	Mbeki on the big visit from the Chinese
991	negative	Russia plans new ICBMs, nuclear subs
65	neutral	Doctors Seeing Patients Who Think They're Internet Addicted
1	negative	Mortar assault leaves at least 18 dead
1214	neutral	Area should get 3-5 inches of snow today
1187	neutral	Women protest Pakistan demolition
1003	neutral	Princess and heir of Franz Ferdinand fights to repeal a law and gain a castle
1439	neutral	Report links humans to global warming
1383	neutral	Turkmenistan votes for president
843	negative	Iraqis fault delayed U.S. plan in attack
1374	negative	Sharks kill four people in 'dull' year
1340	negative	Study: Africa's Internet gap getting wider
1153	positive	'Jackass' star marries childhood friend The secrets people reveal
1048	neutral	Iran top N-envoy heads for Vienna for nuke talks
1287	neutral	UK luxury maker Burberry: 'Made in China'?
1241	neutral	Amish discuss shootings
850	negative	Israeli, Lebanese clash on border
1172	positive	'Grey's,' 'Betty,' 'Scrubs' get boost
883	positive	Europe retain trophy with big win
884	neutral	Cutting edge accessories for digital music players
41	neutral	Stanford study warns of Internet addiction
910	neutral	7 GOP senators to force debate on troops in Iraq
1046	neutral	Damaged Japanese whaling ship may resume hunting off Antarctica
141	neutral	Turkish Writers Say Efforts to Stifle Speech May Backfire
1016	neutral	Iraqi sunni lands show new oil and gas promise
766	negative	Small jet crashes on takeoff, killing 2
142	negative	Kurdish Lawmaker Killed in an Attack in Baghdad
28	neutral	Injured Marathon Winner Leaves Hospital
102	neutral	Photographer kidnapping condemned
130	neutral	NASA spacecraft to measure Sun
1457	neutral	Founder returns to Dell helm
206	neutral	Reid land deal under scrutiny
919	neutral	Luxury digs in South Carolina's Lowcountry
1360	neutral	Iraq unveils new security plans
1039	negative	US soldiers die in day of violence
56	negative	Marine killed in fighting west of Baghdad
899	positive	Bear cub returned to the wilderness
1203	neutral	U.S. opens door for Iraqi refugees
823	negative	Peter Jackson will never work for me again
1298	positive	Mother: Lohan is doing 'great' in rehab
215	negative	Toddler died from E. coli tainted spinach
1316	negative	Anna Nicole Smith fans mourn in cyberspace
1438	neutral	EU condemns 'illegal' CIA flights
1242	neutral	Jail me, I ate Ivory Coast chocolate
1216	negative	Snow wreaks havoc in East, Midwest
247	negative	Gunmen kill 11 in Iraq TV raid
1458	neutral	Charles Gibson takes over first place
1076	negative	Thailand attacks kill three, injure 70
1326	positive	Wilkinson sets record in tame win
1387	neutral	Messi makes Barcelona squad return
1025	positive	Call it serendipity: a missing piece of Washington's war tent is found
9	positive	Happy birthday, iPod
816	negative	Two Palestinians killed near fence
1062	negative	Taliban seize rural district in southwest as police flee
198	neutral	10 die in 22-hour Kashmir standoff
1209	neutral	Uganda parliament votes to send troops to Somalia
124	negative	Ukraine gas deal marred by fears
194	neutral	Marijuana may stave off Alzheimer's
1487	neutral	Roddick, Murray score in San Jose
68	neutral	Hurricane Paul nears Category 3 status
1473	neutral	YouTube founders split $650M payout
244	neutral	Cohn gunman jailed for 36 years
104	neutral	Baseball: Rogers enjoys his muddied streak
1071	positive	Arroyo lauds passage of anti-terror bill
101	negative	French suburb riots could resume
77	negative	Abbas condemns Israeli massacre in northern Gaza Strip
54	positive	Game on! London exhibition celebrates the history of video games
228	neutral	Dem leader's $1 million land deal under scrutiny
1318	neutral	Time to book your cruise
1050	negative	Kanishka bombing case: Inquiry judge threatens to quit
1043	neutral	Colombia FM resigns after relatives' arrests for militia links
1269	neutral	Work starts on Arctic seed vault
251	neutral	Madonna adoption bid approved
249	neutral	Amish killings school demolished
134	neutral	Tropical Storm Paul's Outer Bands Hit Mexico's Baja California
1376	neutral	Comedian says government silences critics
27	neutral	Poison Pill to Swallow: Hawks Hurting After Loss to Vikes
69	negative	Russian ship sinks, 18-member crew missing
933	neutral	US, North Korea signed nuclear memo
865	negative	Victim: Gunman bought drink after shooting
1189	neutral	Democrats look beyond symbolic vote on Iraq
803	neutral	Mistrial for officer who refused to go to Iraq
1092	neutral	1 mln birds to be vaccinated from bird flu near Moscow
1359	positive	Reports: Harvard set to name first female president
105	neutral	Cultural revolutionary, the iPod is five
1391	neutral	Lawmakers blast FDA drug safety oversight
1393	neutral	Ice stops trolleys cold
783	positive	Wellcome awards anti-fat research
11	neutral	Madonna's New Tot 'Happy at Home' in London
1224	positive	Airbus A380 superjumbo takes off
1122	neutral	China denies reports of North Korean apology
171	positive	Friends for Life: An Emerging Biology of Emotional Healing
214	negative	Waste plant fire forces 5,000 to evacuate
888	neutral	Iraqi health minister seized in raid
30	negative	Spanish journalist seized in Gaza
1285	neutral	James Brown's partner can get her things
1021	neutral	Books on science: The problems in modeling nature, with its unruly natural tendencies
903	negative	Iran to strike US interests if attacked
945	negative	Software giant SAP misses target
964	neutral	Study finds gritty air raises heart disease risk in older women
1290	neutral	J.K. Rowling marks spot of 'Potter's' end
119	neutral	Official laughs for Borat
1342	neutral	Paula Abdul: 'I have never been drunk'
831	positive	Mancuso sparks U.S. celebrations
851	negative	North Korea claims nuclear test
234	neutral	Madonna files adoption papers in Malawi
1454	positive	New cancer drug to save a thousand lives a year
971	neutral	China considers Eurobond reserves
1407	neutral	Higley, Gonzalez lead in Malaysia
1344	negative	Putin: U.S. force fostering nuke ambitions
1178	neutral	Iran rejects US claims of supplying weapons in Iraq
172	negative	Alzheimer's Drugs Offer No Help, Study Finds
1154	positive	Audio Slide Show: A love story lasting 61 years
1026	neutral	Free Will: Now you have it, now you don't
1130	neutral	Sony apologizes for battery recall
1425	neutral	Smith baby may not be pot of gold
10	neutral	Alonso would be happy to retire with three titles
1480	neutral	Study: Female seals picky about mates
1479	neutral	Snow's too deep even for snowmobiles
818	negative	A star dies, a family feud is born
824	neutral	U.S. keeps Iran options open
93	neutral	Manning inspires Giants to victory in Dallas
1312	neutral	Whistle-blowing Web site exposed
145	neutral	Appeal by Chinese Researcher for Times May Soon Be Heard
1065	neutral	Kim Jong-il bans Japanese cars in North Korea
958	neutral	Ex-suspect slams anti-terror laws
1152	positive	London market a shopping, dining haven
1044	neutral	Foreign minister of Colombia quits in scandal
48	neutral	Perfect lives lose their focus
62	negative	4th person dies after receiving flu shot
1014	neutral	U.S. says powerful Iraqi cleric is living in Iran
1267	positive	Japan's economy grows
121	neutral	On Educating Sexes Separately
1049	negative	Victims of Air India still wait for justice
1081	positive	Canadian breakthrough offers hope on autism
1157	neutral	Teen allegedly armed by mom turns self in
1313	neutral	Start late, retire rich
97	neutral	Questions on credit card safety
906	neutral	Smokestacks in a white wilderness divide Iceland
1433	positive	Breast cancer drug promises hope
1035	negative	Russia warns US against missile bases in East Europe
870	negative	Search on for victims of subway collapse
147	neutral	A Mix of Oil and Environmentalism
1257	negative	Mogadishu residents flee blasts
776	neutral	Minister slams airlines on carbon
1361	positive	University offers support to New Orleans school
1068	neutral	Anglican and Catholic churches could merge
1205	positive	Study: napping might help heart
1434	neutral	Ancient coin shows Cleopatra was no beauty
810	neutral	Fuel spill may lead to missing jet
1144	neutral	Arthurs upsets Robredo in first round at the St. Petersburg Open
213	neutral	Ex-JonBenet suspect: Child porn case dropped
191	neutral	Ashton Kutcher tells secret to Ryan Seacrest
78	negative	Bangladesh ferry sinks, 15 dead
753	negative	Eight years for Damilola killers
1323	negative	Anna Nicole Smith's Bahamas home seized
998	neutral	Mass Venezuela opposition rally
1133	positive	Oracle World opens with Dell unveiling AMD-powered computers
1110	neutral	Indonesia ""will not share"" flu samples
135	negative	Israeli Bomblets Plague Lebanon
1047	neutral	Japanese whaling ship won't accept help
1226	positive	Female astronaut sets record
918	neutral	Barbaro's legacy: saving other horses
71	neutral	Apple set for massive market gains
1469	neutral	Jet flips in snowstorm, none dead
1239	positive	Tell your boss: Naps are good for you
1118	positive	Feeding your brain: new benefits found in chocolate
1019	negative	In the world of life-saving drugs, a growing epidemic of deadly fakes
866	positive	Ferrer victorious in Spanish duel
1462	neutral	Who is Prince Frederic von Anhalt?
204	negative	Amish schoolhouse torn down
230	neutral	Navarrette: Minutemen have a right to be idiotic
1477	neutral	Was Prince's super show too revealing?
24	neutral	Hurricane Paul Weakens To Tropical Storm
847	neutral	Male sweat boosts women's hormone levels
74	neutral	Bad weather slows S.Korean search for Russian ship
120	neutral	Speaker Hastert testifies before panel probing sex scandal
17	neutral	Madonna's new baby's daddy didn't realize adoption was `for good'
825	positive	European shares hit fresh highs
1027	neutral	Archaeologists find signs of early chimps' tool use
1405	negative	France rejects Rwandan investigators
1057	neutral	Howard presses Bush on terror suspect
1142	neutral	Bruce revells in upset
976	positive	Hamas, Fatah leaders pledge to meet until they reach agreement
969	neutral	Apple warns iTunes users to wait on Vista
29	neutral	Hacker unlocks Apple music download protection
1410	neutral	Reunited Police to start world tour in May
833	neutral	Late penalty costs Roma the points
123	neutral	Martian Life Could Have Evaded Detection by Viking Landers
1474	neutral	African nation hopes Whoopi can help
811	negative	Sri Lanka floods displace 60,000
790	negative	Experts: Fear likely shackled boy
1451	neutral	U.S. urged to lead on 'green' actions
1370	positive	Siestas may cut heart disease risk
1297	neutral	Cutting through the clutter to get things done
896	neutral	Sea search for missing Microsoft scientist
1380	neutral	Woman fights to keep drunken driver in jail
1073	neutral	Livingstone's transport empire may extend
863	neutral	At Libby trial, Russert of NBC gives and gets
1426	neutral	Latest updates on world's top stories
1308	neutral	Rupert Murdoch's secret TiVo
1275	negative	Village buried by 100 inches of snow
1375	positive	Record-shattering day on Wall St.
1309	neutral	UPDATE 1-Plane crashes at Moscow airport, no passengers
1113	positive	Pig cells hope for diabetes cure
1020	neutral	Basics: a mammal in winter with a furnace of her own
757	negative	Investigation of child porn site hits 77 nations USA Today
131	neutral	Sony Hates Europeans, Will Prevent The Importing of PS3
1347	neutral	Davydenko out as seeds scattered
1488	neutral	Apple trademark dispute settled
44	neutral	Parachutist dies at bridge-jump festival
1432	neutral	Updates on world's top stories
1274	positive	Nap your way to a successful career
148	neutral	Immigrants and French Reach Deal in Standoff
1478	neutral	Clijsters looks for a long goodbye
1253	neutral	Boy allegedly told to kill by mom gives up
1134	neutral	Seahawks' QB Hasselbeck out 2-4 weeks
1196	neutral	England opt for Bopara over Loye
877	positive	North Korea may begin to dismantle nukes
1343	negative	Salmonella outbreak traced to peanut butter
1332	neutral	G7 to China: Ease exchange rate grip
995	positive	Surprise: China cuts price of gas
58	neutral	Amateur rocket scientists reach for space
988	positive	Rescued boys parents hail 'miracle'
1225	positive	Naps are great for chaps
1012	negative	Bush declares Iran's arms role in Iraq is certain
34	neutral	Martian Life Could Have Evaded Detection by Viking Landers
838	neutral	Review: virtual 'American Idol' hits right notes
72	neutral	Tumor Types May Explain Survival Rates for Cancer
1100	neutral	Sexualisation 'harms' young girls
1054	neutral	Sarkozy comfort zone offers a royal opportunity
813	negative	Iran to hit US interests if attacked
40	neutral	Tensions as Hungary marks uprising
1002	neutral	Iraqi sunni lands show new oil and gas promise
949	negative	China detains 2 after body parts found in mail
1330	neutral	Creating a whole album in a month?
1162	positive	China's 'Friends' highlights Web freedoms
1184	neutral	U.S. to allow 7,000 Iraqi refugees
1251	positive	St. Louis poised for entertainment upswing
1447	positive	Kuerten returns to winners' circle
770	neutral	Iran's boast on uranium enrichment is put to test
16	neutral	Bad reasons to be good
1089	neutral	Fully-cooked chicken strips recalled
1232	neutral	Obama will run in 2008
921	negative	Ice storms kill 21 across nation
1286	neutral	Auto show canceled
159	negative	New Indonesia Calamity, a Mud Bath, Is Man-Made
942	negative	Weekly Nielsen Yvonne De Carlo, 'Munsters' star, dead
190	neutral	Jon Stewart mocks benefits of CNN's I
1001	neutral	Ivrea journal: In Italian town, a civics lesson from pelting neighbors
136	negative	New Indonesia Calamity, a Mud Bath, Is Man-Made
876	neutral	China says rich countries should take lead on global warming
110	neutral	Inconvenient truths
807	neutral	Stinky but true: men's sweat is made for love
1121	positive	Cocoa could be antidote to age-related diseases, says new study
890	neutral	Stinky flower mystery solved
1093	neutral	Thousands tested after Russian H5N1 outbreak
1211	neutral	Murphys rule box office with 'Norbit'
846	negative	Scorpion on a plane, a pantful of pain
248	neutral	Italy drops Sicily bridge plans
1128	positive	BellSouth says profit rises 30% on cingular earnings
20	neutral	Moderate drinking reduces men's heart attack risk
61	negative	Israel admits using phosphorous shells in Lebanon
1327	neutral	Army engineers say dam safe
169	neutral	Iraqi Linked to Sunni Bloc Is Held in Plot, Military Says
1389	negative	Catania punished for fan violence
250	positive	Pamuk wins Nobel Literature prize
83	neutral	Hungary police tackle violent protestors
176	neutral	In God's Name: Religion-Based Tax Breaks: Housing to Paychecks to Books
1099	neutral	Media cited for showing girls as sex objects
897	negative	Iran to Hit US Interests if Attacked
1106	positive	Small-business owners find Bush health plan appealing
1281	negative	Chrysler's Valentine's Day massacre
1058	neutral	France ends toxic alert at Canadian embassy in Paris
149	neutral	Genghis Khan Beer? Mongolia Grimaces
26	positive	Three found alive from missing Russian ship -report
1403	negative	Anna Nicole Smith's body lies in legal limbo
835	positive	'Bookworm Adventures' wordsmith's joy
75	neutral	Tailors and housewives busy as Muslims celebrate Eid
1282	neutral	Madrid bombings trial begins
963	neutral	Beckham outlines reasons for move
1243	neutral	Can North Korea be trusted?
1236	positive	Female astronaut sets record
809	neutral	Hunters stalk world's tallest trees
957	neutral	Philippine anti-terror law delayed until June
887	negative	Indonesia flood forces 340,000 from homes
1402	positive	Evacuees can return home after plant blast
1345	neutral	Nuke detectors to ring New York, official says
999	positive	Glamour -- and 'Borat' -- at Golden Globes
1023	positive	A familiar and prescient voice, brought to life
1378	negative	Samba school leader killed before Rio carnival
1159	negative	Violence continues at disputed holy site
200	negative	5,000 flee plant fire
1436	neutral	Up to 22 inches of snow in forecast
1301	neutral	Breakup rings find new homes
1435	neutral	YouTube yields surprising payback
1419	neutral	Beyonce in a bikini as SI's swimsuit cover model
1417	neutral	Excerpt: Politicians and the press
974	neutral	New McCain team made attack ads he once faulted
1185	neutral	Japan: Whaling activists 'terrorists'
210	neutral	Madonna files adoption papers
1450	negative	EU document: Iranian bomb unstoppable
1212	negative	Thousands rally in Lebanon
762	neutral	Iran and Nicaraguan leaders meet
924	positive	South African trio share advantage
1291	neutral	Gronholm takes a commanding lead
7	positive	Kate is marrying Doherty
35	positive	The sweet tune of an anniversary
984	negative	Somali refugees cut off from aid
842	neutral	Bill Gates and Craig Mundie: vista is Secure, employees are not
1465	positive	Good news for slackers: Naps may cut risk for heart problems
1231	neutral	Toyota's Scion parks in Second Life
1271	positive	Beauticians cut, curl, offer stroke-prevention info
1437	neutral	Werder make 10-man Ajax pay price
960	positive	Panda cub makes her debut
849	neutral	French right nominates Sarkozy
840	negative	Attorneys point fingers in fight between Ryan O'Neal and son
1158	neutral	Oxfam: action needed for Chad
92	negative	Lies, damned lies, and divorce
1357	neutral	Samsung settles price-fixing lawsuit
2	positive	Goal delight for Sheva
1252	neutral	New York City may ban iPods while crossing street
73	neutral	Routine mission turns into hunt for missing comrade
1295	neutral	G7: Yen skates by, yuan singled out
1031	neutral	Mideast summit edns with little progress
218	neutral	Pot smokers may avoid Alzheimer's, study says
45	negative	US Troops Killed In October In Iraq
785	neutral	No intention of war with Iran, US says
1177	neutral	ECB holds rates at 3.5 percent
46	neutral	Chefs not counting calories, study finds
990	neutral	Teen hacks Venezuelan government Web sites
64	neutral	Scientists discover miracle in the depths
948	positive	Families celebrate return of sons
1037	neutral	China: Cheney shores up the trilateral alliance
1059	neutral	Paris police investigate package at Canadian embassy
911	neutral	Bangladesh ends curfew amid unrest
975	negative	Deaths as bird flu flares in Asia
1147	neutral	MS Adds Office 2007 to Vista Coupon Program
1112	neutral	Cholesterol link in diabetes study
1324	neutral	Andromeda involved in galactic collision
1356	neutral	Rwanda mulls three-child limit
1418	neutral	North Korea gets 'money and respect'
177	negative	Yankee Dies in Plane Crash, Official Says
1384	neutral	Here is some advice to take to heart...
1453	neutral	Lee in pre-World Cup injury scare
1171	positive	Best of the Chicago Auto Show
935	negative	In Kenya's capital, a sense that danger is ever stronger
1484	neutral	Marijuana helps ease HIV nerve pain, study says
796	neutral	'Cravings' still there, sez Tara
1284	positive	Autos drive European gains
965	neutral	Venezuela, Iran fight U.S. dominance
225	neutral	Ex-Virginia gov not running for president
80	neutral	Google to unveil election mashup
1427	negative	Beating leaves teen in coma
1009	negative	Homemade bombs kill 65 on Indian train
1238	positive	Obama announces presidential bid
1179	neutral	Jakarta begins disinfection
907	neutral	That'll cost ya
90	positive	China Successfully Launches Two Satellites
905	neutral	Apple: no iTunes for you if you have Vista!
1283	neutral	Fight starts over HPV vaccine
57	neutral	Scientists create first cloaking device
1129	neutral	Enron boss gets 24-year sentence
952	neutral	Nadal wants Australian Open crown
1131	positive	Google unveils do-it-yourself search engine
788	negative	As inflation soars, Zimbabwe economy plunges
885	neutral	Ice storm descends on central U.S.
1490	neutral	U.S. diverts troops to fight Taliban
1369	neutral	Mardi Gras rebound in the offing for New Orleans?
1011	neutral	Chvez threatens to jail violators of price controls
1119	positive	Some cocoa may improve brain blood flow
98	neutral	Budapest calm after night of violent protests
23	negative	Bush Insists Troops Stay in Iraq, Predicts Midterm Victory
1449	negative	Japanese whaler afire in Antarctic
36	neutral	Did Viking Probes Miss Life on Mars?
1228	negative	Iraq closes borders with Syria and Iran
192	neutral	Nails-on-chalkboard study earns Ig
143	negative	Anti-U.S. Attack Videos Spread on the Internet
1151	positive	Cool millions for YouTube founders
60	negative	Deaths linked to flu vaccine
789	negative	Pledge: I was abused in frat hazing
1164	positive	Alaska's northern lights captivate Japanese
1336	positive	Napping is good for your heart, study finds
95	positive	Full recovery expected for marathon winner
1303	neutral	'Norbit' a waste of Murphy
1087	neutral	Cooked chicken breasts join tainted-food recalls
146	negative	Brazil Air Force Cites Faults and Confusion in Fatal Crash
1070	negative	Eight US soldiers killed in Zabul helicopter crash
1319	neutral	'Blazing Angels' for PS3 fails to soar
1350	neutral	African-Americans are organ donors these days, but what about bone marrow?
932	positive	Boy missing since 2002 found alive
37	neutral	Diplomat acknowledges US arrogance in Iraq
59	neutral	Confusion Reigns In the Expanding Digital World
1150	neutral	Bad weather cancels men's downhill
63	negative	Police and shoppers targeted in growing Iraq violence
189	neutral	Charlie Sheen to become highest-paid sitcom star
1222	neutral	Russia condemns terrorist acts on buses outside Beirut
252	negative	Man admits UK-US terror bomb plot
1278	negative	Northeaster cancels flights, shuts schools
1163	positive	NATO: Afghanistan peace 'by 2009'
925	negative	Observatory: poison begets poison
