264220843326988289	negative	I hate ASAP on Friday !!!! Why I have BUSY always in the end of week :(
109273529513549824	positive	We salute you Lloyd Robertson. Good evening. #LtotheLtotheOYD #fb
262903244886507521	neutral	New York Giants: Game-by-Game Predictions for the 2nd Half of the Season http://t.co/yK9VTjcs
243873881566347264	positive	Wichita State evens match 1-1 with 25-18 2nd set win. Watch live at http://t.co/eA7jZnYX or follow at http://t.co/KGfCaEpg.
264219329577512960	positive	TONS of hw tomorrow, lunch date with joey, back to hw, then magic mike with ash&co. before bed :)
263998344404291585	negative	I miss one day & it seems like they're about to give me ISS tomorrow. #wtf #pt
263589560934625280	neutral	@RambleAndWander @xavieremir since ET went via BKK and has 5th freedom rights (which can load/unload pax), it's a indirect flight.
262806394321903616	neutral	Yes, it is us: " Black Triangle Sighting in Pompano Beach, Florida on October 28th 2012 - basically it... http://t.co/W6uCvtlp " #aliens
247980494837407744	negative	BJP members walk out from JPC meeting on 2G: Bharatiya Janata Party (BJP) members on Tuesday walked out of the p... http://t.co/pOvV7bds
264218771525349376	negative	Anyone going to the Romney rally in Fairfax on Monday?? Really wanna go, but no car. Help!? @TeamRomney
264237820279926784	positive	@jrazzle07 Oh hey you're in the same event as me for DECA on Monday. Prepare to get ass raped FYI. #justkidding #excitedthough
175144840479244288	positive	Yup it's National Bieber Day , cuz our baby just turned 18 @justinbieber #LoveYaForeverNAlways
168975431003938816	neutral	February 13th; Desperation Day, it's a thing
109122120847589376	positive	Lloyd Robertson's last newscast is tomorrow night.  The end of an amazing career. And honestly, the end of an era #thatsthekindofdayitsbeen
224297867936940032	positive	Happy Birthday to the one and only Josh Bradley! MWAHAHAHA! haaamaaazing! May birthday ang character ni David XD  #NanditoAko
249128618586947585	positive	Wow Toowoomba tomorrow with stan walker!!:) so good
115548931609468928	positive	Just finished a great photo/video shoot for a Nuit Blanche fashion exhibit. It'll be on display at the Pantages hotel on October 1st.
235977671060897792	neutral	1pm August 16th Live stream + Duels with miley. :) Be prepared!
264097823891537920	negative	@ScllyStitches She's invited. And Ash may not go because of her. And I want Ash to be there because his AE helped mine through some stuff..
264161921832472576	positive	Good night everyone! Much needed rest for me. Tomorrow off to Oslo!! Playing at the Oslo World Music fest at Park Teatrett.
102024109839491072	neutral	New issue of Forbes (Aug 26) has my essay on a personal encounter with Gandhi & apartheid in S Africa. Not yet online, but take a look.
262388123160432640	neutral	Saturday in the D...Bill Maher at the Fox Theatre killed tonight...heard there was some other things going on across the street.
251518876863574016	neutral	Who's going to the game tomorrow at flowing wells high school? (: Marana v.s fw (: #homecoming
118152030320734210	positive	Curtis Painter...we have a chance again! Can't believe Kerry Collins didn't throw us a pick-six tonight
262552488174039040	neutral	When I see reactions to stories about "benefit scroungers" and the "lazy poor" in the Sun, I wonder if Murdoch is a latter-day Pavlov
216994923407351808	positive	@PackInsider: As we reported earlier in the day, PG Lorenzo Brown will have surgery on Tuesday.  Hoping 4 speedy recovery
264070267867906050	neutral	@PullingLinemen I'm amazed you keep coming up with new names for the league. May want to consider formatting Phil's GOTW though.
259744695490580480	positive	Kasabian - Fast Fuse just came on shuffle on my iPod, definitely showing my excitement for @russellhoward on Tuesday!
264236295172272128	neutral	Taiwan court extends ex-leader's jail term - TAIPEI: Taiwan's high court said Friday it has extended ex-leader Chen ... http://t.co/FUADCEfb
264256539571937280	positive	@Benjm1 Best year ever it will be! I am tossing the idea of Hawaii around for mid jan to mid feb. but California dreaming for suuure
248726038903943168	positive	@EleanorC_Crew get well soon Tressa! have a nice day tomorrow :))
259234993128210432	neutral	Sprint offers to buy stake in Clearwire: Sprint Nextel Corp. said Thursday that it had offered t... http://t.co/oFppGJgd #WashingtonNews
264243566207975424	positive	#entrepreneur #angelinvestor pitch in on the new birthday party / Super Bowl Sunday treat http://t.co/HcU3990c
262578266794250242	positive	You may think you've tried them all but I'll bet you haven't tried taking on The Challenge...   Stop wasting time... http://t.co/wZNp9F99
263345283503628289	positive	@tellsbells1 Cup games always tricky..may b stick a small acca for fun and enjoy the evening with a nice wine bottle :)
264087506704809984	negative	If I was 21 I'd be in a room with Noel Gallagher, Shaun Ryder, Bez etc but instead I'm in Preston sat in KFC. Brilliant.
118152301532823552	negative	Aw what the hell Curtis Painter coming in and we give up 3rd and 18 conversion.
101452523759607809	neutral	May or may not review the Rugby World Cup review, if it's good I might get the full game though. It's just installed as I press 'tweet'.
263262933063188483	neutral	View of my schedule for the rest of the week?? Today: work than class, Wed: HALLOWEEN at work, Thurs: Work YOUNG LIFE, Friday: Work than....
100743961425084416	neutral	RT @jamisonhensley: RT @JasonLaCanfora: Free agent WR Jerricho Cotchery, traveling to Baltimore tonite to begin visit with Ravens. Visit ...
263829163868291072	positive	Jeremy Lin was a +23 for Rockets in his debut. That's the 2nd-best plus-minus for him in any game in his career.
262535099579527169	neutral	BR wednesday, Natchitoches thursday, Fort Worth friday-- it's been real, but ready to get back to the flats #homestretch
264107266163212288	positive	State qualifiers, young Life, short day tomorrow lifes pretty damn good(;
263754983554576384	negative	@Raiders_Spurs Reggie isn't interested in dealing picks like the old regime.  Can't see him parting with anything other than a 6th or 7th
262658868935553026	positive	UALR fights off 3 match point by ASU to win 27-25. We are going 5. ASU 1-0 while UALR 5-4. 5th time is SBC play for UALR, 1st for Red Wolves
263238996778442753	neutral	My biggerst worries about this hurricane are Meryl Streep and Susan Sarandon, because they live in NY, may God protect them and ther family
263353475700760578	negative	I'm not gon believe that Victor Cruz is the real deal until he lines up outside, no slot, and doesn't disappear like he did Sunday
101299958375915520	positive	@chrisbrown Hey Christopher, would you mind going to Florida, between the 21st of august to the 4th of September....thanks <3
109183675299667969	neutral	Lloyd Robertson set to end 41-year run as national news anchor tonight - News957: http://t.co/obHZO3E @CTVNationalNews @CTVCanadaAM
261821970738475008	positive	HRT: We have to try and improve the car: Oct.26 (HRT) The Formula 1 World Championship returned to action today ... http://t.co/ysITtmbb
264228104954855425	positive	Calgary tomorrow for the first meet of the season! Can't wait to get some early racing done #altitude #paceit
252699728666558464	neutral	Cong to hold rallies on FDI. The first rally will be held at Delhi's Ramlila ground on Oct 28, to be addressed by the PM and Mrs S Gandhi.
248458775760084992	neutral	@YungToneWorld #FLEXTHURSDAY !! DIS THURSDAY!!!!!wit @FLEXCREWgotti @DA CROWS NEST WE CALLN OUT DA WHOL SOUF KUM KICK it Wit #Flex
244634790576414720	positive	#factsaboutme When I was born. On that day , it was the 2nd day of Chinese New Year. Immediately , i gotten lots of redpacket :D
264218133995323393	neutral	@FreddieGibbs show at IU was live! Chicago tomorrow @ Reggie's with @ShowYouSuck & Boldy Blocks!
262591394311467009	neutral	Jennifer Aniston shows she's Prada her figure at fashion bash - The Sun http://t.co/bTB00fKu http://t.co/Ix816GlP
256038923879464962	neutral	First reviews of Lincoln: Steven Spielberg is the one to beat at the Oscars | Herald Sun: http://t.co/7lUTXH83
261211761439555585	negative	@RSherman_25  People say u won't go to the Pro Bowl because of the play of the Bears CB's. How are you gonna prove them wrong on Sunday?!
100017632790585344	positive	RT @MaliagotMonae: my mom just told me she's getting an Ipad 2 on Friday....I better get a Mac for Christmas.
261150953309360129	negative	@Sean_Bridge no don't! I have to fit into a Tomb Raider costume next Wednesday! Save it for the #cakecrawl!
264131735443349505	positive	@_RonDonGQ damn brah it was good too! We play the Knicks tomorrow
260066050832486402	positive	'Really good day' as Danica Patrick finishes 10th at Kansas Nationwide race - NASCAR News | FOX Sports on... wlmXrhFu http://t.co/wlmXrhFu
261483682265694208	neutral	Soul Train 70's Halloween  Party Sat Oct 27 http://t.co/IrUW87SM ADV TIXX $10 -  $15 wt out costume $20 at the door...http://t.co/IrJ3lzNw
247461088101277696	positive	@JoeTribe_2012 runner on 2nd no outs, drubes being one of our best hitters should make a productive out. His fault not Acta's
218298985100738561	neutral	Championship Thurs @ Blue Raider Hoop camp today!!! Closing ceremonies @ 3:45 in Murphy Center!!! Autographs with all players!
174456974644232193	positive	Asikkk nanti di konser Java Jazz ada kak Sierranya,hmm it's a good news!*lirik @SierraSoetedjo
247237676179275777	neutral	@pabsty27 Member Monday for Prelim v Crows from 9am-9pm tomorrow through Ticketek. 4 tickets per barcode with max of 8 in a transaction
264198793812127747	neutral	A reminder to all Hong Kong Optimist Sailors: you must pre-book your Prizegiving Curry Buffet for Sunday. Deadline... http://t.co/KIeqRfbO
263238714262700032	positive	Have you picked up your December issue of WDC yet? It includes a full in-depth review of Nikon's D600,... http://t.co/aM5297hY
233747124410544129	positive	Sitting next to Reid Hoffman's 2nd cousin at @PandoMonthly. He's a landscape architect to the stars :) #sonotintech
264147858708647936	positive	Hello from Dublin! Tomorrow we're playing at The Button Factory. Onstage at 9, but if you come for @toquiwa_jp at 8, you won't regret it!
252580681912287234	positive	@SamiCorrado pretty excited for #SBUcheerleaders to come to the Liacouras Center in January...
257981094635376640	positive	I'll stop the retweets. Great screening. Big audience at L Sq. Next showing Rich Mix, our spiritual home. Awards on sat. Curzon Mayfair sun.
258607386393186304	neutral	All you need to know about the ref for Sunday's game, Martin Atkinson: http://t.co/CSzbm2jG? Sunderland v Newcastle #NUFC #SAFC
234140659966164992	positive	AUCTION AUCTION AUCTION! Ms Miesha Tate (@MieshaTate) will be fighting August 18th on SF! Don't you want to feel... http://t.co/RPgbPPNh
263091137970057217	positive	My moms under the hilarious impression that I'm spending my saturday loading & unloading furniture from trailers in natchitoches
213762666974560256	neutral	Brit Award winning pop-star Mika is set to return with his brand new album The Origin of Love, released on Island Records on September 16.
258353570938753024	positive	Black actresses shine at the 19th annual Elle magazine Women in Hollywood Celebration Octavia Spencer, Viola Davis and http://t.co/bJ650mLI
233263537319976960	neutral	Can you believe that The Salvation Army in Goshen is already working on Pancake Day (November 16) and Christmas... http://t.co/8XnrYIEh
263939058852589568	neutral	@BeasleyDogue @harveycusick @humfthecocker   Mommy says she can print it small & put it right on October 31.  How is Lily doing?
256425570135597056	negative	@RolandT125 as much as I hate to say it...Saurez, Ronaldo, Nani, Pires   I could go on and on he may have a point bruv.
264213831314714624	neutral	@Lauren_Cranford I walked out and had trina d/c her....I'll have to fill u in Saturday....I wrote a full pg progress note about it
264061992522899456	neutral	Andre's Wigan Warning: Wigan might currently occupy 15th place in the Premier League, but Andre Villas-Boas is w... http://t.co/44GYkO3e
264251871965884416	neutral	Ghetto at the Center of the World: Chungking Mansions, Hong Kong http://t.co/QG3gTjaL
263163177590718464	neutral	Sitting on my luggage and smelling Jerusalem ,click like if you hope to visit Israel soon . December tour... http://t.co/lkr39F12
263702360084328449	positive	The Lorax paid us a surprise visit, checking the place out for Saturday. Come meet him 11/3 from 10-2! http://t.co/JJIicH4D
264196080764321793	neutral	@judybuenviaje Good Morning, Hong Kong!  Meme pa ang kasama ko, may headache :(  What's the jap resto again in LKF other than Ippudo?
263482503254384640	positive	Mom, can I miss A1 on Thursday? If you love me you'll say yes. #hopefultweet
256025706427994112	neutral	And tomorrow is the day that David Guetta will come to play at Fort Canning.
264026433234538496	neutral	CLT20 I am willing to bat at any number, says Rahane - MUMBAI: Ajinkya Rahane on Thursday insisted he does not have ... http://t.co/2VeFbzAJ
248616610619875328	positive	ok Im off twitter for the night til tomorrow Bomb Squad enjoy ur night love you much!
263340039273074691	neutral	@rosegeorgiax Number, address, cat's name and a date this Thursday. No fucking about! Just call me Tomb Raider....
256070325312290816	neutral	@julianalbrandt @CatMScully some people go trick-or-treating but not many. We have Australia Day on Jan 26, the Queen's Bday, Boxing day...
262727416466784256	neutral	2 games left in the division: vs WSH at FedEx on a Monday night, at home vs. PHI last game of the season
242816476501917697	362841166	neutral	My car ride to school tomorrow>>> #mexicans<3 @seximexi44 @JF_Gnarly34 and Estella :) im the only white girl
222690017397583873	neutral	#Logansport school board members got a preview of the district's ISTEP scores Monday night: http://t.co/y99p6vXn
262408059022897152	neutral	@pushplayjt the @okcthunder should have traded @JHarden13 for Monta Ellis and 1st round pick... #smh #bucks #thunde #bemilwaukee #BucksPride
259297553886101504	positive	Grab the latest issue of The Record out on campus now and stay dry this morning! Happy Friday!
110753194166059008	neutral	RT @suzanne_moore: Am going on Womans Hour tomorrow. Whats more so is PJ Harvey.
263235196516700160	neutral	Tom hanks and bill Murray may be the two people I would most like to meet. Well, them and Scarlett Johansen. Different reasons though...
228337840633823232	neutral	Elimination Chamber is going to be in St. Louis May 19th.. I have to go.
264015488504442880	neutral	i got 2 classes then im off going back to Greensboro. im heading to NY tomorrow
102522451816235008	neutral	The USA Eagles take on Canada tonight at 9pm EST in a warm-up before the Rugby World Cup - If you have Direct TV... http://t.co/TVBfage
102976668825698305	positive	@hughhefner Make sure you & the girls watch seasons 1-5 of #Dexter, before season 6 premieres Oct 2.  Seasons 1 & 4 are the best!
251592560781430784	neutral	Thursday's rainfall @ BDR was 0.04" bringing the monthly total to 2.07". That's more than an inch below normal (3.10").
100110048285564928	negative	@paulm340 Haha! Unlike Scotland, it's bloody scorching here this morning, having my brekkie outside before heading out  - later!
236868228096331776	neutral	@KevinLabonte Watching the mayor of Iqaluit and Elizabeth May square off (on Twitter) is quite the sight.
237347951838642176	neutral	@blakemeacake15 don't eat until friday between the hours of 5-10 and go to ricks cafe in randolph to get food, ya dig?
263938669604397056	positive	@TheBlackSeeds Massive congrats on the Best Roots album award in NZ! Looking forward to sharing the stage Monday in Melbourne town
255038229949071360	neutral	Queens of the Stone Age & Dave Grohl sat on the stool - Regular John from Glastonbury during the Song For The Deaf tour http://t.co/nbSntwba
263352502102159360	positive	An exciting day tomorrow @punchestownrace Oscars Well making his chase debut and Operating first time out over hurdles!! #fingerscrossed
100138758313230337	positive	The safest place to be in Tottenham tonight is the Spurs trophy cabinet. There's no chance of looters visiting there. #gooners #goonerpower
264004384734728193	neutral	I still haven't started tidying my room and I'm just sat on the floor watching Project X  lol
239822242505170944	positive	@sandraa0407 @Stillsanna Dongwoo is like a big baby, sooo cute :3 I just wanna hug him... Is Dongwoo becoming my 3rd Infinite bias? *0*
263079812954992640	neutral	#web Apple software, retail chiefs out in overhaul: SAN FRANCISCO (Reuters) - Apple Inc CEO Tim Cook on Monday replaced the heads of ...
263688993470820352	positive	Come spend Halloween with us at Volare! The Robbie Bartlett Trio will be here for your enjoyment! Wednesday is... http://t.co/ytUGx01q
233963644122185728	neutral	You know you're in SF when, on a thurs night at 6pm, there are people lined up around the block to see Reid Hoffman.
195087587302588416	neutral	San Miguel escapes with a 68-64 win over the Singapore Slingers. Beermen now has a 15-4 record to remain in 1st #ABL
262619064000724993	negative	Temple, Drexel, Penn, NY SD, state of NJ - closed for Monday and Tuesday. Philly SD? Still thinking about it. #thatmakessense #noitdoesnt
244949313900388353	neutral	Imaaa be quiet all day tomorrow ...
252521685402652672	neutral	Brad Keselowski is your winner! Jeff Gordon finishes 2nd with Mark Martin, Jimmie Johnson and Carl Edwards rounding out the top 5.
261573797356920833	neutral	A Leonard Cohen and Jeff Buckley album just in time for black friday? #buymethat
263194127913607168	neutral	Harry Redknapp is being heavily linked with the position as Blackburn manager today. However, QPR may have begun courting him already...
102402303105048576	neutral	SHHHHHH secret party! TONIGHT! Meet at the Brooklyn Bridge http://t.co/gPruFtl
263551347612332032	positive	when the best talent is on internship......  "@temasekpoly: Sony is coming to TP this Friday to look for student talents!"
259821574394355712	positive	@Astrochologist anything. I wondered how the aspects btwn my sun/moon faired with my rising. I also have Venus in Sag...yea lol Thank u :)
100003295451557888	positive	Watch ESPN tonight to see me burning @JRGessler for a sick goal on the top ten. #realbackyardFIFA
206936561600827392	positive	Got a vibe that the MVC is going to be happy with NCAA pairings tomorrow. 3 will get in and I'm starting to think Wichita St will be # 4.
263040847703064576	positive	Project X is the best film ever made and someone with money needs to have one, like this Friday. #makeithappen
102705222475984896	negative	RT @TelegraphSport: Gavin Henson looks set to miss the Rugby World Cup after dislocating a bone in his right wrist yesterday
261119659175206912	neutral	SimCity delayed, now erecting on March 5: If you were thrilled by the recent lenghty demonstration of SimCity or... http://t.co/d36Xfkgd
106812661567733763	positive	can't wait to see the anderson silva fight saturday woop woop
261621725618401280	neutral	Time for Thursday Night Football as the Tampa Bay Buccaneers take on the Minnesota Vikings. #NFL
253193540732059649	neutral	I want to see White Arrows at North Star Bar Sat + @Radio1045 Studio Session on Wed
252086067849732098	positive	Varitek eager to learn on the job: Newly appointed Red Sox special assistant Jason Varitek on Friday reflected o... http://t.co/YMqKsoiN
101421590318817282	positive	My dad just told me he really wants to go see Final Destination 5 on Friday. Wow.. #wasntexpectingthat
236315334557175808	negative	David Guetta's playing with Alesso at Fort Canning 8th Oct. Only want to hear Alesso leh.
263882108680953856	negative	Tough one tonight for the boys.  Played hard but came up short with a 4-1 loss with an ENG.  Davies scored the lone goal.  La Ronge tomorrow
262578597447991298	negative	Frustration for Kobayashi, Perez in India: Reaction from Sauber, Caterham, Marussia and HRT after the Indian Grand Prix on Sunday.
262261652634890240	neutral	3:35 Saturday night in Okinawa... Lets call it a night. Lights Out.
172523721507078144	positive	The Eight Day of the week: Sarah G. Day!! Where you can party party,laugh,dance and go crazy! #SarahGLive on Sunday guys:)
260621604256641024	positive	THEY ARE HEREEE! I'm so envy those who just met them at the KLIA especially who took pictures w Nick J :( tomorrow is my turn!
264161254602596352	negative	Your mom sat on PSN and it went down.
262575410540314624	neutral	sunday afternoon with Amy Lee on AMFM till 4pm. when i hand over to HIT 40 UK WITH MARK JAMES.
101725327230902272	positive	@justinbieber is true that you will give two concerts in Mexico City on 01 & October 02, please tell me because not enough tickets TE AMO
264201939603046400	positive	Can't wait to see Carrie Underwood on the 27th
105680740825563136	negative	made a shitty Family Guy gif last night out of boredom. gonna post it on Tumblr.
254915097972072448	neutral	Queens of the Stone Age's Regular John from Glastonbury during the Song For The Deaf tour & Dave Grohl sat on the stool http://t.co/mitUJIF7
100047792348741633	neutral	@sistersncloth Yes, the Dallas event did. Remind me to send you a link tomorrow. It was on 10:00 news too. Our Ft Worth event had none tho.
261579029679845377	neutral	We get to dress up in Halloween costumes on Wednesday. Sophia Grace and Rosie in the building ladies and gentleman.
256408189157916672	negative	Honesty is often best policy: Fabio Capello, Russia coach: "I was hoping Ronaldo's injury was more serious so he couldn't play tomorrow."
194120301842407424	neutral	Knicks Vs. Hawks: Atlanta, New York Battle For Playoff Positioning ...: The Knicks and the Hawks battle Sunday a... http://t.co/G2PT0dk7
101149621740515328	neutral	Nokia N9 will not launch in the United States: Nokia confirmed on Tuesday that its flagship MeeGo-powered N9 sma... http://bit.ly/ojyWQa
245110685170810880	neutral	#ESIAfrica Wescoal signs three year supply agreement with Eskom: 10 September 2012 - Junior coal mining group We... http://t.co/s04qgWTf
255548371681562625	neutral	NTA viewers 7:00am on other tues 10,000 the viewers on this tues 7:00 50,000000
103081598597083137	neutral	RT @Arsenal: The FA will be bringing a new interactive Road Show to Arsenal Ladies ahead of the game against Everton on Thursday
264191798392545280	neutral	The fact that after I tweeted that, Max the dog sat on my cold left-out foot...
100757231879979008	positive	That Singers in Action in concert this Thursday at the Hammerstein is gon be EPIC! Beres Hammond, Sanchez & Wayne Wonder....JEEZUS! #Legends
262655001325862912	neutral	Drexel cancels classes. Drexel Medicine clinic hours are canceled all day Monday & on Tuesday until at least 12pm due to weather
194438238532943872	positive	@myname_tassha @CNBLUE_4 im waiting for Love Rain's 11th Episode in Eng Sub :)) the modern cast are so great!
109378820536147969	positive	Just seen that Four Lions is on C4 on Sunday night for anyone who hasn't seen it yet. So proud of my big brother; the associate producer :)
100503425330053120	positive	@BarneyOwl67 @O22IE_OWL just booking my tickets for Thursday night but i am spoilt for choice, enough seats left to get in with Milan!
263533649285218304	neutral	Gadkari on attack mode, says ready for any probe: BJP president Nitin Gadkari on Wednesday took on the Congress ... http://t.co/4t4Zq7eg
100124132510932992	neutral	TEPCO UN chief in Japan as nuclear crisis simmers: UN chief Ban Ki-moon arrived in Japan on Sunday, where he pl... http://yhoo.it/pKUlVh
257198745769369601	positive	Good Luck to Scouser & Soon to be Klitschko destroyer @DavidPrice_1 tonight in the Echo against @audley_Harrison - '12th Career KO Tonight'
264058285609598977	neutral	Search on for absconding 'rapist' footballers: Police: Kolkata, Nov 1 (IANS) Police are still on the ... http://t.co/X9vdkcmN @yahoonews
258206666208710656	neutral	@mikejoy500 How do like the idea of "Monday Night Daytona 500"?
258015550997942272	neutral	Dont look now but: Brook Lopez had 19 pts & 9 rebs (28mins) in 1st game back from foot injury over weekend. 18 & 11 (25 mins) tonight.
261279987494166528	negative	How many continents was The Challenge filmed on? "21?" okay, what did you fail 2nd grade?
262190619953356800	positive	@PurpleEndorphin: I WANT TANG JUN FOR CHRISTMAS. I want him on Valentines as well!!!
233924667994411008	negative	@WSJ: The U.S. Postal Service reported a $5.2 billion quarterly loss, says it is nearly out of cash.<-- Sat mail will be gone very soon...
258144286036611075	neutral	@taaaneex yea I was just thinking that! Btw Reece is going to be in Kyle and Jackie O tomorrow I think.... In the studio
176615438942339072	positive	Rory McIlroy on top of the world after beating a resurgent Tiger Woods at the Honda Classic in Flori http://t.co/exUzP0bq
104517341710262272	positive	Good Friday Morning people!!! Redskins Friday...let's take care of the Colts tonight even w/o Payton Manning.
263712301444644864	114778444	positive	@daniellejbrear yeah best way! Yeah I had my first one on 6th, 2 days after my birthday. It's really good! love it! Went on A1 yesterday xx
212393879876534274	positive	Happy Valentines Day <3... only if you live in Brazil, otherwise its just another irritating Monday.
241338243243732993	neutral	@StaySchemin_RNS: Who all going to the Berkmar game tomorrow? Meeee
183850353312268288	positive	Well, I haven't done any homework in the past hour, BUT, I do know the lyrics to #forevermore , WYA and Nandito Ako by heart now. :)
262586893391253505	negative	centre for social justice report on Gangs - one year after the riots. http://t.co/A6gtlVQI #d policy may have exacerbated problems.
264162727788953600	neutral	[INFO] TaeTiSeo will perform on "Love In Asia" tomorrow (11/02) at 02:30PM (KST), KBS will broadcast the concert on 13 November at 07:30PM
261689167191351297	neutral	Done work for the week, seeing Rush tomorrow in buffalo, then playing with Plan B at Brydens in Milton sat for the Halloween bash. Wooo!
248282533077327872	neutral	@Jackieee_leen lol I'm talk to my sister , tomorrow I think she was talking prince royce , but idk! She's inlove with Romeo santos!
261042742375886848	negative	You may think I have mono-cellular Zulu imbongis at the rate some of these folks are thrown profanity at me.
264150888086650880	negative	@ChiefWilli u wont be able to buy me that latte tomorrow if u work from 3-7 sillly, unless we go to gets it once were with troy and them o:
263764977544986626	neutral	Omg, Bullet For My Valentine are coming to the Netherlands march 21th. I might attend that one too :P
100139535173812225	positive	@jamesdowdeswell 1 all with Sporting Braga yesterday. N'Zogbia scored. Bannan and Ireland played really well. Warnock looking up for it too.
257345384974794752	negative	I swear if tomorrow any Niner fans start tweeting about Kyle Williams tomorrow, best believe I'm gonna put you on check.
249569281627521024	negative	@JacintoPatricio yes they seem to be in quite a mess at BCFC hope you beat Spurs tomorrow
100154457203023872	positive	Finally watching last weeks True Blood, ready for the new episode tonight.  How is everyone else this morning?
256408617031434241	positive	Being at Rupp doing this walk through has me real hyped for tomorrow. Get ready for the best #BBM yet
260012586857271296	positive	'Really good day' as Danica Patrick finishes 10th at Kansas Nationwide race - NASCAR News | FOX Sports on MSN... http://t.co/wlmXrhFu
100651766235934721	positive	I just finished Dexter, Season 5. I seriously can't wait until Season 6 on October 2! Check out the trailer for it here. http://t.co/HLLs3oQ
263961960205385728	positive	going to Cobham tomorrow, BEYOND excited.
255451593170903040	positive	@jennettemccurdy wow look at this another amazing Monday "Jennette On Ellen" in 8 place we do this for you we love you http://t.co/lTHURVaW
263925399053021184	neutral	@ForeverJeTi: Tiffany will be one of the MCs along with CNBlue's Yonghwa and Beast's Gikwang for SBS KPOP Super Concert on November 10.
263700470143533056	negative	Fucking part time fans. Where were you at Boro away on Saturday?
100032675984834560	neutral	I'm bout to just listen to nicki minaj all night
261463412352090112	positive	@JosieLong lots of hot toddies needed! got tickets to see you at Rich Mix on Sunday as part of a birthday treat, hope you're better by then!
100018017278234624	neutral	RT @KRMullins1964: Remember in 2008 when Obama said he would fundamentally transform the USA? With the debt downgrade on Friday, we are  ...
251336935786819584	positive	Todd Bertuzzi made the best of the NHL lockout Wednesday, but while having his son join an http://t.co/wpzBxAc2
255166704290770944	negative	The World Bank cut its economic growth forecasts for the East Asia and Pacific region on Monday and said there was a risk the slowdow...
104032618705715200	positive	Hide in country clubs all U want Boehner! ReverseRobocall.com launching soon & I'm one of 1st in line! Join me. #launch http://t.co/6Qpx3X4
264062806729576449	positive	I can't wait to here this Negros explanation about Monday night!!! Smh un huh trust issues
100016984686723073	positive	Just found all of ST: Voyager on Netflix. I know what I'm doing for the rest of the night. Woo!!
264118978048299009	positive	@ollyofficial have you filmed Jonathan Ross yet??? Can't wait to see it on sat! :) xxx
215795729044733952	neutral	#CEOSleepout I've made my cardboard shelter in the Member's section of Adelaide Oval. 1st time I've ever been here!
262585786149511168	positive	Smoking a Hoya de Monterey... @Smooth70s on the radio... Glass of red in hand... Loving my Sunday !!
263497473736200193	positive	Sun flower seeds are just to delicious
264248326914994176	positive	Every Thursday I go to Jesse Black in Casselberry, FL just for these girls http://t.co/brntAu0S
247837741092569088	positive	Interesting that Gregg Williams' affadavit was just signed on Friday.
227200951839232000	negative	C'mon... don't play with the Winans!!!
263772250250039296	neutral	@teensara Hahaha Did you see how upset AJ was during the Susan G Coleman segment on Monday :/
254268201641312256	neutral	It's Friday and the Soul Train is firmly parked in PRI for the Soul Show on the Radio, C'mon Perth get your requests in for the next hour :)
263968748984213504	neutral	It may have started @EdBookFest but now the @edwritersconf is in Siberia, yes, Siberia: http://t.co/q8eU46Rt. #writers #writing
264164023858262016	neutral	Bring the Adidas sock tomorrow @trytheV3AL
261224525184774145	positive	If you like the sound of that it's on at 8pm every Wednesday on the Animal Planet channel
109137504225067008	neutral	@RosaAcosta Noticed that you going to be in Tampa tomorrow and wanted to see if we can do a Q&A for Metormix Tampa Bay and feature you ???
264185984499982336	neutral	From a Call to Prayer for America Saturday at the Washington Reflecting pool with the Washington Monument in the... http://t.co/IKpMKsry
259281045873123329	positive	Stimulating & promising speech of the World Bank's President Jim Yong Kim in the Annual Meeting held in Tokyo on Oct 12 http://t.co/4cg3LMJR
263942637038469120	neutral	Master Liam's BDay Party! @MasterLiam This Saturday on the Dr Susan Block Show! Join us Live in Studio by RSVP here:  http://t.co/JtaRqDcG
227832288061317121	neutral	...move the remaining teams to the D leagues, champion, moves up to the 16 team league & the 16th place team is bumped down to the D league
111355244914544640	negative	RT @Lord_Voldemort7: Apparently the #vmas are tonight. I refuse to support anything which helped the Jersey Shore cast flee the hurricane.
101435561788719106	positive	Inbetweeners movie coming to cinemas in Ireland on the 19th of August. I have never wanted to see a movie so bad!! #shouldbegood ;)
264192893252669440	neutral	@xxrighteouss__ I should be in hammond saturday night, or friday night you got my line right
257525257638903808	positive	Dishonoured is awesome! Not quite sure where to rank it. Journey and Walking dead are one and two. I think it's 4th behind Mass Effect 3.
101121012032225280	neutral	What a great question to ask myself: "If today were the last day of my life, would I want to do what I am about to do today?"  Steve Jobs
264186529994403840	negative	How can you hate on YOLO....please tell me how living your 2nd time is
254490636110159872	neutral	Went to Sylvia Park for the 2nd time in my life today, and it was the 2nd time in my life I saw @Russell_Packer there hahaha
264094032643366912	neutral	The Women's Volleyball team will be playing in the Semi-Final Playoff game tomorrow at 7pm against Johnson and Wales University.
264061376719376384	neutral	Choirs off next Friday or the one after that... Tryna get a handful of people to go out somewhere for dinner... Anyone interested??
216154503219642368	neutral	I'm thinking about making August "Baby Month" at Life's A Celebration. With tips and ideas for those expectant and new mums out there.
259983635946565633	positive	Howay Newcastle beat the Mackems and then we can do them over next Tuesday! #NUFC #MFC
263295137034153984	positive	Delicious warm sun...great to see you (if only briefly) after hurricane sandy whipped through here a couple hours ago.
248088921488117760	positive	Dancing On Ice tour highlights on sun going to be good :)
255480934617477120	neutral	@SuperSkin"Van full of veteran kickers due into #Redskins Park tomorrow. No word on whether it will run over Cundiff." Watch it go wide Rt.
260920467324555265	neutral	Don't forget Mitch Daniels is going to be on Steven Colbert's show Thursday.  Think this will come up as a topic?
263753435235643393	neutral	@BinaryDad Some guy served his food on a frickin big pebble on Saturday Kitchen. Just put it on the floor why don't you?
108758959632035841	positive	@colinmochrie Congrats to Lloyd Robertson on the Gordon Sinclair Award tonight at the Geminis. Last broadcast on CTV Nat'l News is Thursday.
264126123208761344	neutral	Seven has 6 shows in top 15, ABC 2nd with 5, Nine third with 4. Ten and SBS rate 0.  http://t.co/QBEBBrIG
258155568022294528	negative	@NUFC_Stats Martin Atkinson the man in the middle on Sunday. #NUFC have never won an away game with him in charge. 6 Losses and 4 Draws
101422463187030016	neutral	I hope there's people like the Inbetweeners at 6th form.
101934935660691456	neutral	Very quiet story-wise this morning. My only emails have been about my Yammer activity & an alert about PJ Harvey tickets going on sale.
260491649824735232	positive	Right guys, last competition of the night... Like this status for a chance to win a copy of Judas Priest's 30th... http://t.co/TOjgeik1
263114587933646849	neutral	SEMA kicks off in Las Vegas tomorrow.  Our friends over at http://t.co/whjgPe6e built up this Wildcat for the GBC... http://t.co/21GjkRlS
249906355815714818	positive	Ground hog day is such a good film, Sunday is for food and films #sunday
104275016975265792	neutral	@MickRathbone what do you think is happening at everton then Mick after today's speech by bill?
263284901619589120	negative	@GinaWPayne @brokenpromize06 Negative! 90's would be the Poetic Justice look or how they dressed in Friday.
262320661287026688	neutral	Late Friday meet was just to clear air, says BJP a day later: Sources said the rumour about Gadkari quitting might have started...  #News
262931020192546816	negative	Distin's derby disappointment: Sylvain Distin has voiced his frustration at taking just a point from Sunday's Mersey... http://t.co/Fob4ZxLR
251562626843283456	neutral	Tomorrow I'm downloading some Chance the Rapper and Nipsey Hussle
100804593365168128	negative	Ravens vs the eagles thursday night , its going fuckin down #teamravens , no fuckin competition
261545687106322432	positive	Remember Cupid at Convo last year with the bomb candy bar?? If you liked that, you'll LOVE next Tuesday's Tr http://t.co/af9hu4pU
227146417951617025	negative	@picesbaby123 when we were in 3rd grade she stole my Valentine Day cards and crossed my name out and put hers on them n passed em out.
256448019585720320	neutral	You can totally hear a guy from the 2nd floor singing from the top of his lungs to "What Makes You Beautiful". Lol.
260149911914414080	neutral	I'll let Killing Joke deal with my Sunday night blues instead. That's Dave Grohl on drums too. http://t.co/bp1mSufB
194518073594744832	neutral	I may throw the illest "Fade Route" ....I should enter the NFL Combine, lol
241588497042010112	positive	DMV I will be Performing LIVE @ DC Star this Saturday w/ Big and the Band shout to Sunshine + Bennyt
100032613074485248	positive	Finally wrapped up shooting in Vegas, time for a good night on the town :)
263192676839591936	positive	We'll be at the American Women of Surrey #Christmas fair on Sunday in Cobham. Will sample pumpkin pie. See you there! http://t.co/6k4vfkBu
221734545760862210	neutral	I added a video to a @YouTube playlist http://t.co/XfMkj04h FRANCIS M. - History of the Disease - March 7, 20
261914270307065858	negative	C'mon Rebels, put an apple in the pigs mouth!!!   Red Wolves fans focus all of your hate & anger at the pigs tomorrow.
263573916688207874	negative	Our Wacky Wednesday promo, is going a bit Ground Hog Day!!! I say our  Our Wacky Wednesday promo, is going a bit... http://t.co/9TFA1XnE
103112754122063872	negative	@sardesairajdeep Why govt loosing sleep over Anna Hazare's fast. May be they don't want another Gandhi like figure.
229515985785339904	positive	@RBKD: Rui En's off to Macau tomorrow for the filming of Poetic Justice. And here's a note from her :) http://t.co/focdU8al
106722572523159552	neutral	MTA agent to me: "This card has been damanged since yesterday morning." Me: "But I used it last night." MTA: "No you didn't."
263158815116128256	positive	Coaches like Gonzaga's chances - Mon, 29 Oct 2012 PST: Don't count the Zags out after their run of WCC basketball... http://t.co/Xw7zyEi0
258573411041804288	neutral	@eczemasupport We usually get President's Day in February before 2 wks for Spring Break in March. That'll be it til May 31 for Summer Break.
248209465726337025	neutral	Steve Emerson on SUN explains the riots and real motives http://t.co/lSUSi3Zq
255728330224050177	positive	@AustinDB34 I know thats what Im saying lol Tucker straight outkicked Cundiff in camp, I'm glad he's gone. Didnt he miss one in the 4th qtr?
264222433475702785	positive	Big day coming up for! Word from cutoms and UPS is we will have our bouncy castle, by tomorrow. i'm praying their right. #ogoplay
255449819731070977	neutral	Jay Paterno, former Penn State assistant football coach and son of Joe Paterno, said Sunday night that he was at an event when a...
206053011410272257	positive	Happy 3rd Monthsary #Loverss! :) Salamat sa pag support ky Ate @deniessejoaquin :) All for Deniesse, All for the Love. http://t.co/fSMBsxu5
263701844906373120	positive	Emme's 10th birthday cake :) with Big Time Rush! http://t.co/g46VjgJw via @pinterest
262634521533480960	positive	Monday is a Moon Day!  Enjoy a sleep-in tomorrow & a little extra rest.  Come to the Workshop with Harmony Lichty... http://t.co/tvkXm886
263396381736177664	positive	@p4_da_PRINCE @lakers SACRAMENTO KINGS, we just beat y'all Sunday and thurs night so what it was preseason won me some money. Nov11
254105525715877888	negative	@JamesDuffy01 of others...Jenelle may have made mistakes but she has time to change and be a better person...its too late for you...FUCKHEAD
259941479148040192	neutral	gunna be a 6hour journey to NCS trip next monday :( LOOOL idc im gunna bring nuff chicken to eat on the coach!
262442706087837697	positive	Still my favorite pose of you, :) Pancakes tomorrow, glad you're here, we missed DJ Marcus! Sweet dreams! http://t.co/uzLcnbPE
238517157611311104	positive	@D_Lombardozzi Will there ever be a 3rd season of Breakout Kings? FX should pick you guys up! Please tell me sumthin good!!! Best show ever!
114390835163971584	neutral	Also happening tonight: Nina Burleigh on the trials of Amanda Knox. At the New York City Bar Association. Details here: http://t.co/Eogh4lw8
262372288865914880	negative	I just realized that Thalia is going to be tortured tomorrow for an hour lmao
264167946476212227	negative	The prediction machine LOVES KC +8.5 tonight. Kermit has fucked me every Thursday. Went w SD.. so I'm gonna lose cuz that's how it works.
263950189977546752	positive	Final day at Bali. Enjoying the last times in sun and temperatures higher then 30 degrees.. Almost time to going home!
263365319752568832	positive	Mark your calendars ladies: Luke Bryan will be at the Houston Rodeo March 16th, Then George the 17th!! @sarbeco @A_Festervan @KristenKLee
257098274408906752	negative	But then I don't get why EP kings are gonna play Super Rugby but they still playing kwi 1st Div.. Crusaders aint no Puma's just so they know
261813525259894784	negative	Even our power point in TOK didn't want to do anything today, so it changed the language. #Friday #TOKadventures http://t.co/uLo1SVP5
262268094586703872	positive	I'll be doing the Senior Bowl fun run with my niece next Saturday
100003474774822912	neutral	@sdelong4 I bet. They are coming to Vegas the 20th. I wanna go then. What were tickets there?
100305931811831808	negative	& then @JusSOBrooklyn idk he danger, we in a whip full w/deals,weapons & Beyonce new CD - night almost killed me IM N2 self preservation bro
263734377148710912	neutral	Red delays new price anouncement till tomorrow 6PM. Sounds like they want to dig for Sony prices some more.
263484862076420097	neutral	@roslyngjones I'm going Tuesday to the house of blues to see A$AP Rocky
259978843249594369	positive	Happy 11th Yr Preaching Anniversary to a mighty man of VALOR @pastorshaemun!! Excited about your next dimension!!! Love you!
263619698845941760	positive	Good luck to all my babies taking History and Physics tomorrow! May the force be with you! Make history!
102432588098056192	positive	Yassss, Deus Ex is actually out 26th august. that's brightened up my day a bit:)
264226478001119233	negative	Im sad. My shorts dont smell like Vanessa anymore:(I sat there sniffing it cuz it smelled like her I need her to wash it again #MacAndCheese
100003561810833408	positive	I'm really pleased with your concert in Mexico on October 1 and of course I'll be there! @justinbieber
264221452079878144	positive	@MariaDBK Yup. Well we had a fun but small conversation but I'll talk to you tomorrow. Goodnight Maria. ;)
263504269783736320	negative	@Dopee_Dayy i went trick or treating every year of high school except senior year only cuz negros was faking. im going tomorrow too.
263057453678202882	neutral	B-team practice Thursday, plus a parent meeting to discuss the details of the N.O. trip, & a finance update..
252498023983235073	negative	Cliff Avril leaves Detroit Lions game with back injury: Detroit Lions defensive end Cliff Avril left Sunday's ga... http://t.co/5loAh60f
214812709806551040	neutral	Head to a #Ladbrokes shop at 9am tomorrow to hear Tom Segal, #Pricewise of the Racing Post preview the action at #RoyalAscot. #horseracing
231654105251184642	neutral	@GodssGift__ lmao how old are you? Club bodi should be live on sunday, its 18+ tho
261451705462431745	neutral	News : Visafone and Research In Motion (RIM) on Wednesday seal a deal in Lagos that will see the first CDMA Blackberry roll out in Nigeria.
245558175561048064	positive	Loved the hair style from Friday's Jason Wu #NYFW show? We're giving you the step-by-step to recreate the look http://t.co/ToqV0jJC
100620121004969984	neutral	Microsoft & Nokia Holding a Get Together on August 17, 2011: August 17 could be the day we see an official annou... http://bit.ly/nUb8q4
101679798522355712	positive	@ToyceMonique I know! Im still in Alabama but Ill be back soon. Next thursday Ill be featured at Bakers so you gotta come through!
264121253869268992	neutral	This Sunday join us for "Living in the Valley." http://t.co/m7UJnrLo
261146848427900928	positive	Whoop Whoop it is Kids Eat Free Wednesday!! Swing into O'Briens Irish Pub | Plant City, tonight for Kids Eat free... http://t.co/tFTmBaUr
258411577236127744	neutral	Indie Band Music Festival this coming Sat and Sun, Olympic Park. Listen to music  in the heart of urban nature http://t.co/fCKz16NQ
252798281413967872	neutral	Vow is likely to return from a midsummer break in the Prix de Royallieu at Longchamp on Saturday. http://t.co/FmoCg7YK
263839524189261825	neutral	The Fox shows watched moving onto a movie, George Clooney no thank you. I may be one of the few on the planet who has never watched Titanic
263204041776066560	positive	And, SURPRISE SURPRISE, majority of the people, sat in the window seats, have gotten off at Murdoch. Wankers
237001732834594816	neutral	#Strikeforce Results: In an instant MMA classic, Miesha Tate & Julie Kedzie went to war. Tate pulled out the W with sub at (3:28) of the 3rd
248567735687192576	positive	#torchlight2 comes out tomorrow. Torchlight is in my list of best games of all time. I like it better than Diablo III. 2 promises more.
263612376476168192	negative	When Mr.Craig said sunday night was officially the last day of Marching Band. < <
262206571201822721	positive	@ariaclemente Wow! you're also a percy jackson fan! :-) The 4th book of Heroes of Olympus will be entitled "House of Hades" @camphalfblood
256748929889214466	negative	@topcity yep.  Once it's lost, it can never be returned.  I was in Constitution Hall last Fri.  Got chills.  So much history was almost lost
255539791813283840	neutral	Mark Cosgrove has just completed his 12th Shield ton, which is his 6th at Adelaide Oval. SA v TAS 222/1. The... http://t.co/jxY0OUNA
100047289455878144	positive	Got some more great pix and vids tonight in Chicago... Not sure when they'll get uploaded, since I'm headed to Detroit tomorrow.
257858822385831936	neutral	I just want all of you to know that I foresaw Ricky Martin being gay when I was in 3rd grade
249150550766125056	positive	@spatoon I saw her on Tuesday by Java Jazz. And I can't help it if girls like me LOL :P
256976498060304384	negative	This is as brutal of a loss as it gets. Up 6-0 then up 2 with 2 outs in the 9th only to blow it. It's going to be a very long winter in WSH.
257365569974710272	negative	@Iiamneeson all I can say is that it was very unrealistic. The 1st movie was better-storyline, dialogue! And of course "The Grey" thumbs up!
101935066871103488	neutral	Bolton Society for Blind People are bringing Vegas to Bolton with a Charity Dinner on 23 Sep http://t.co/4mvokMM Please RT xx #BSBP
103129451554017280	neutral	It's all PJ Harvey and Queens of the Stone Age today #nowplaying
264173733625884674	neutral	Would your company like to #sponsor the 3rd annual PNC Bank #NonProfit Academy Awards?  See attached for details. http://t.co/ebZFV0SR
260173403074465792	negative	No sir, I am not about to get on SPC for hiring Young Eli to go out there and entertain them white folks on a Monday night
105770353233637377	positive	@piersmorgan @LennoxLewis @realDonaldTrump Quote of the night- If I were Amarosa I would go to Brooklyn bridge and be drowning myself #funny
259653008311328769	neutral	@sarafinaab @Adesto Stasera ho guadato due film - 'Bel Ami' con Robert pattinson, qual'e stato cosi :/ e la seconda film- the ides of march
264184382510731264	positive	I just saw the breaking dawn part 2 trailer and me and Courtney are definitely going to see that shit November 16. 100%
100137570700234752	neutral	Sunday's Lovely Gossip: Fabregas to pay his way out of Arsenal, the boy Alex to arrive soon, Crouch and Rodwell ... http://bit.ly/qaOtdb
257544455576485888	positive	@KWAMEDIDIT: FRIDAY OCT 19th!!!! THE ALUMNI will be rocking Philly!!!!! FREE SHOW  @ the Liacouras Center 7pm CLASSIC HIP HOP!
220817825604964352	neutral	Out tomorrow The Players! With Jean Dujardin and Gilles Lelouche taking on the theme of infidelity http://t.co/ggxdV5Yn
262774447927357440	negative	Why the hell does Selma have school tomorrow but Parlier, clovis & others don't?
262607686540095488	neutral	Boogie song of the day...Oh Ricky Martin: Que Mas Da Happy Sunday 2 everyone recovering from Halloween party hangovers https://t.co/JenBt7uJ
227281690123444224	neutral	#justsayin #music Jason Vernau Live @ SET Nightclub Miami February 25th 2012: Jason Vernau is back with some swe... http://t.co/9FQ3Y9rj
250063565451579393	negative	Scariest man alive. Kendrick Perkins is close 2nd "@jemelehill Ray Lewis is probably the only human being ever not born with an indoor voice
100077644602810368	neutral	I don't know what to wear tomorrow and I definitely believe this is the work of Lady Gaga and her team
243783163611066368	negative	It needs to storm February 9th so Endymion can get canceled and all the parades would then start at 7am Sunday. #MardiGras #NOLA
256872328082903040	neutral	Our @YepRoc 15 celebration continues with this long interview with Jim White, who plays Sat. at Cats Cradle for YR15. http://t.co/bZOV4oBV
263236924960026625	neutral	One space has just become available on my Photography for Parents workshop on Sat 24 Nov in Cobham...more details here: http://t.co/fGP822iT
100242643342196736	neutral	For Arsenal and Spurs' sake, let's hope the futures of Fabregas and Modric are sorted before Aug 31st.
226426196181798912	positive	Sportsnation  just wont let Jeremy Evans dunkface go. This is the 3rd time ive seen it all week. Still funny though
262298554184388608	neutral	What are the FAFSA and a Pell Grant? | Begin College: What are the FAFSA and a Pell Grant? October 26, 2012 Cate... http://t.co/uH9ig9eo
112715104981749760	neutral	@PrettyChicShop and @blushshop open tonight for Nuit Blanche!
167842935864430592	neutral	After months of contemplation, I will unveil my remix to "Ni**as In Paris" on the 23rd live.
262072597192245248	neutral	Tonight was just a preview of what Bob Jones will do to Austin at tomorrow's vball game. VBC. Noon. #BeThere #BJP
262233676157431808	negative	The Brits are punishing us for American releases always being late across the pond. #Skyfall to come out on November 9th. #damnyou
264197074625634304	positive	@nettyrossetti haha! This weekends crazy esp w/ mike working but I'm throwing you a welcome home 20th birthday 3.0 when you get back from FL
253560294452895744	neutral	Taken 2 comes out Friday and the Afghans will have it Saturday guaranteed
264129303187435521	neutral	Where to fit #VoyageToVenus in my 6th Doctor timeline? Before Evelyn? After Charley? Maybe there's a clue in the dialogue #WhovianProblems
199020021597478912	negative	Long day work, G37 meet, Marijuana March and Avengers. All sick nonetheless.
263564797063348224	positive	An emotionally intelligent organisation through mindfulness? Find out how with @GetSIYLI in San Fran in Dec https://t.co/B3pbUTRU pls RT!
214645805041205249	neutral	Right North London Derby is on my Birthday Nov 17th, now you all know what to get me for my Birthday. #Arsenal
251611622672588800	positive	Funny you should ask @BlueNunUK We will be @ the Leicester Square Theatre on October 10th at 9pm performing our Edinburgh show4a final time!
259736860761407488	neutral	Who's going to Pumpkins and Pancakes at @southcoastplaza October 28? #halloween
264182638816919552	positive	@HOPE_forHippies Hell yea lmfaoo , & see you tomorrow Asia baby (;
264146926939811842	neutral	JOE CORBI'S FUNDRAISING IS DUE TOMORROW! Turn it into one of the DECA advisors!
100141419297128449	positive	@sylvaind15tin Good Luck Sylvain with your media debut today and even more luck for the season and the game against Spurs. #comeonyoublues
218182896693948416	positive	@BryanWilley78 - If you let him play his game and realize you have an oversize Cammalleri and not a Todd Bertuzzi, he may bounce back.
248656511545524224	positive	Playstation Vita will receive great additions and games: As you may have seen with our previous blog post on the... http://t.co/ksKlUP3s
106569271450140673	neutral	Lloyd Robertson ended show with mention of his plaque from Stratford today. Joked that Bieber didn't get there 1st. #bieberbestedagain
207131493800218624	neutral	@NSRGarret The 1971 Act lumps it in with President's Day and other "Monday" holidays so that federal employees get a 3 day weekend
212330925432901634	positive	Enjoy your networking? Cocktails with Pandas or beers at Adelaide Oval on the agenda at #innovationgeneration http://t.co/5Y0UwHfI
262169036786380800	negative	Simon Crean still can't support the way Kevin Rudd was spilled from the role of PM - Herald Sun http://t.co/Ing9XseA
264237314774011904	neutral	Get paid way later today, probably going to go see sky fall on the 9th or Man With The Iron Fists idk which one 2 choose?
100003775439306752	neutral	Auburn just wrapped up Saturday practice, interviews beginning shortly.
259274945274720256	positive	@lldubs Wishin my first stop was Port Charles!!!   Only thru the DVR "portal"!! HAPPY FRIDAY!
251839817367818241	negative	Martin Atkinson is referee tomorrow. If you don't remember, he's the one who "missed" Balotelli's shocking tackle on Song.
103172951364476928	positive	Tomorrow is the 34th anniversary of Elvis Presley's death. I love you, rest in peace.
264213446374076417	neutral	Anybody going to Long Beach Comic Con this Saturday?
232119548827021312	positive	@TeamNightKids glad you dug Ash Wed. Feeling its time to start writing another gangster flick.
258012862646206464	positive	@SUJagAlum I really and positively dgaf about Ted Nugent's Bronco rebuild. In fact if I see Bronco with zebra stripes I may have to stfosb.
248089118666539010	negative	Steve Emerson interview on shameful US response to Islamist Riots on Sun TV :: IPT in the News :: The Investigat... http://t.co/XBX1MZ8D via
103912541444513792	positive	Good day! And to mak it even better, my clothes from American Eagle came in! Church tonight too! : )
100471328540336128	negative	RT @samuelruback: Wilshere didn't play for Arsenal on Saturday and most papers report he's 'doubtful' for Newcastle. Why would there be  ...
263753326422806528	neutral	Most common nights to order pizza: NYE, Jan 1, day before Thanksgiving, Super Bowl Sunday, Halloween. http://t.co/3j3QiL3j
262233859247194113	neutral	Spend Saturday with Keith Richards singing some Everly Brothers.  http://t.co/HE1uwwQd
257262916020088832	neutral	If you are at the Rampage game DM me I may be able to get you in our suite.
113758849688805376	neutral	On the night Hank Williams came to town.
264194994200535040	negative	People talkin shit just wait I'll be in Huntsville tomorrow !! Let me see you !!
100154857163456512	neutral	Escape the rain: today's lunchtime talk @Out_of_the_Blue.  A Short History of Ski-in in Scotland, 12.45
264210724832808960	neutral	I need food, a pain pill, a glass of wine, a comfortable bed, and zero noise. In that order..And this day repeats tomorrow and Sat.
247902170995888129	negative	Silent House may be full of stupid choices that might make you stop caring, but it's highly effective at building... http://t.co/IiJtwWsf
214355011650584576	positive	We need some Sunday magic like his 62 in the final round of the Honda Classic!
263308105062969344	positive	Demi Lovato will perform at the 2013 Houston Rodeo on March 3rd!! Get your tickets! http://t.co/nUXfZYW1
111839256128921600	positive	good night Michael Jackson, I do love You. see you in my dream :*
248229381166727168	neutral	@IAmPolo__ lmaooo not even it was most def in like 8th grade I think ? When I went to Berkmar !
261424018597498880	neutral	#hulu Jimmy Kimmel Live - Axl Rose, Part 1: Part 1 of Jimmy Kimmel's interview with Axl Rose.Added: Thu Oct 25 1... http://t.co/IvojbHUm
262185990364487682	positive	Just got back home. Tired. Hopefully I can 'walkkkkkk' for World Walking Day tomorrow. See you at Putrajaya :)
263968087034966017	positive	It's our 6th Birthday!!!!! Reggie your the best partner ever!!!! We would like to thank all of our brides who... http://t.co/Dhfw3Z7F
100488964372307968	positive	The re-release of 'In Desolate Times' is available WORLDWIDE TODAY! Including BONUS TRACKS. Grab a copy and let us know what you think!
104291405190545409	positive	Full time. Happy days. Apologies for the tweetathon, gotta finish tomorrow's presentation now, Derby in the morning. #pizzasweats #dominos
100076573134303232	positive	@TheCrapLab lmao no nigga on NFL fantasy i got pretty good team ill show you tomorrow
260250471053287424	neutral	Sony's putting out a new PS3 Firmware Update on Tuesday that FINALLY lets you see your PS Vita trophies on PS3. About ****ing time, Sony.
225088189193392128	neutral	@JeffMarek Perron? Really? Gagner is no comparison. Perron=1st liner Gagner=3rd liner. One 8 pt game and people forget that he is a bum????
229462324522655744	neutral	How are @PAFC going to get 20,000+ to Adelaide Oval when they can't even get 15,000 to AAMI on a Sunday afternoon? Crowd = Concerning. #AFL
112654907919712256	neutral	@K0azzi88 Yea gonna watch Family Guy for a bit and try one last time in about half hour, if not i'll wait til morning i think
263831767021125632	neutral	@AllCourtSport Hey friend. I stopped by last Saturday.  Will be in Huntsville this weekend checking on family. Catch you next time.
100260419721117696	positive	@taylorswift13 I'm 13 my 1st concert was yesterday at the eagles field. I wish i was able to hug you when you were walking back <3 Lexie
