106405215305089024	positive	anderson silva is fighting saturday in the ufc.  you know he can't lose.
264208747520462848	neutral	Alright nicky Fwd: From: 4028890972 Sent: Nov 1 10:28pm Message: Idc what he says.
263237224844374016	neutral	LPG consumers can now fill up KYC form till Nov 15: The government has extended by 15 days the deadline for fill... http://t.co/7xnCFb6v
253065607736590336	positive	@brittanymariep dethklok is having a tour:) they're coming to Chattanooga Dec 6 with Machine head. Black Dahlia Murder and ATR. I'm going :)
100018001415389184	positive	Wow. Just read a transcript of Shannon Sharpe's NFL hall of fame induction speech. I hope espn replays it again tonight.
101874697754509312	positive	@lilkrm Steve Jobs' silky mouthed fellatio is akin to the bliss of my iPhone each and every morning. HAIL TO THE KING, BABY!
261229609926938626	neutral	who's going to Zimmerman on Saturday?
100623896746803200	positive	Ravens sign Ricky Williams ohhhhh leeeeee dueeetttttt #blackbirdgang...they bout to smokeout the locker room tonight
109393840976314368	negative	Four Lions is a brilliant film but I think it may be a bit insensitive of Channel 4 to show it so close to 9/11...
263750969681129472	negative	Bear with me for the power crisis: Jayalalithaa: Chief Minister Jayalalithaa on Wednesday asked the people of Tamil... http://t.co/6FL1pjuL
249844104580722689	positive	Going to a Sunday matinee of Dredd 3D. Probably most excited for the return of Lena Headey's natural hair color. Sarah Connor > Circe
179791422445207552	neutral	So This is how it's gonna be #NCAA South 3rd Round Winners UK, Iowa St, Wichita ST, Ind, UNLV, Baylor, Xavier (upset) Duke
164454964138225664	neutral	Royal treatment: stars at MIDNIGHT TANGO opening tonight include Camilla Parker Bowles. Did she join the standing ovation?
251371403033587712	neutral	For any of those who went to see the Dancing On Ice tour this year the DVD of the tour comes out November 26th 2012 http://t.co/x9RATLTb
105181105736531968	negative	@WritersBlock__ we was on the move today. That MTA was not sexy though. Whippington is needed
264253391369285632	negative	Martin must be dreading it. It's make or break for him tomorrow. It's the nature of the beast
263868098375999488	negative	Evgeni Malkin doesn't play again until the 16th. This NHL lockout sucks, I can't watch games that are being played in Russia.
262047205970571265	neutral	I am gonna Meryl Streep the fuck out of this tomorrow
260016581696958464	positive	Watching Act of Valor. Looking forward to #ultimatfighterfridays next friday (: really think @ColtonSmithMMA has the contract in the bag
100485103389638656	positive	wohooo! RT @blitzmegaplex: Kung Fu Panda 2 (in 2D & 3D, both with Indonesian subtitles) tentatively scheduled to open on Tues 16 August ^ISK
213123341555470336	neutral	Next Friday at Airline Skate Center ,Micheal Jackson tribute night. Friday Night 7-11 , Ill be on the 1s & 2s.
258799241743454208	negative	I had a "nightmare" last night where I missed the 2nd rd of my #FantasyBasketball draft and they autodrafted me JR Smith. #truestory lol
263484862076420097	neutral	@roslyngjones I'm going Tuesday to the house of blues to see A$AP Rocky
100681570058371072	positive	next monday = Vampire Diaries are back! watch it :) very happy now :)
264189214982303744	neutral	@HeartThrobEsco oh shit you just reminded me. I have work at 11 tomorrow at Woodchicks and a call in at 1 at Vans. could you cover it?
233307061159608320	positive	@SarahSilvester3 Hello sweetie, hope your enjoying your hols. Found you on here through E L James, I'm half way through 2nd bk after 4days!x
262954361427222531	negative	Police, protesters clash at Republic Day march in Turkey: On a day marking the 89th anniversary of the founding ... http://t.co/xewokaIE
262291025702293505	positive	Heading to Putrajaya, may Allah bless along the way!
102975731008671744	positive	Sons of Anarchy may be one of the greatest shows on tv right now. Thanks @JamCompadre and Netflix
264243465339158528	positive	Going to ace tomorrow's paper with no mercy at all
263580289702449152	neutral	My 3rd autograph!My lil sis was the one who came up to Toni Gonzaga! Left photo,credits to: allenvalladares http://t.co/ISm2wHzk
264147900026728449	neutral	My tv just told me to go out tonight and be social and stay in tomorrow and have Olive Garden. Mhmm.
221074832761167872	neutral	Who wants to be on @Kandi's Kandi Factory?? #kandifactory You may see me and my new music on the new series
176933545573490688	neutral	Express Front Line with Kamran Shahid "International Day of #Women" 05 March 2012 #Pakistan #MQM #WomenPK
91081325884358656	neutral	@ThreeUK Rumour has it the Nokia N9 is coming to 3 in September? True?
90969859780919296	negative	RT @arodsf: no way to underestimate the madness and cynicism and frank and open loathing of country that characterizes today's Republicans
263702716751171584	positive	Anyone wanna go see #shedseven at Boro on 14th December?? 17.50 each. Let me know, I really want to go.
264193723913601024	positive	LMAOO! @NVme68 gonna have to fight me now... Think Ima wear my Warriors gear tomorrow just cause... LOL
100304265058320384	neutral	Arsenal submitted a bid this evening for Scott Dann. Look like the move to LFC I talked about may be about to turn complicated
249579607416786948	positive	Kristin Chenoweth will be on Over The Rainbow sunday night! 8pm CBC. Here she gives me a singing lesson. I'm bad. http://t.co/vZAvXB2L
260895068355969026	neutral	Might have to go for a Plan B on my Halloween costume, unless the stars align tomorrow. WHY is Halloween on a Wed? #awkwardrushedplanning
100032134953172992	positive	Ok sir RT @jikiboy: Nigeria will still top the group.If we lose,we'll be 2nd & face Brazil. (cont) http://tl.gd/c7ivc1
262908458918088704	neutral	Tampa Bay Buccaneers: Game-by-Game Predictions for 2nd Half of the Season - Bleacher Report http://t.co/oHPjlwbY
102764094146347009	positive	@katechambers19 oh that'll be nice. Where you going? Umm think I'm going to see inbetweeners on Wednesday, otherwise free? Hannibal rising?
252342043693678592	neutral	With Enrile finally speaking up, Alfie Anido's Wikipedia page may now be revised with citations. http://t.co/4LLTH5QQ
100183052659073024	positive	Great catch! Friend Brad Goddard snapped this picture of the Aurora on Friday night in Nebraska. #wx #aurora  http://twitpic.com/62f7wo
101149621740515328	neutral	Nokia N9 will not launch in the United States: Nokia confirmed on Tuesday that its flagship MeeGo-powered N9 sma... http://bit.ly/ojyWQa
107928170493251585	neutral	RT @rubbdingyrapids: You can watch the movie 'Four Lions' on Channel 4 in the UK next Sunday at 9pm -- see where I get all my jokes from ...
259443837339041792	positive	Like if you're proactive about your health!   Don't miss THIS SUNDAY'S live Google+ Hangout about genetic... http://t.co/EVhaTA6d
264136941543497728	negative	@RFelich if you're tryna go north on Iowa there's a bad accident down by 6th street...
259270296127819776	positive	@doconnell1988 @Eamonn_Kenny @scuds49 @JonnyMcgailey Cheers  but no luck needed with d 2nd one, i got a supply of Rohypnol #ladieshereicome
263494353702490112	positive	I'm excited to go to the Knicks VS. Lakers game in December thanks daddy you dah best
263426414106271744	positive	Tomorrow, Okami will be released on PSN in HD. Can't wait to play it again! To me, it's one of the greatest games ever made! #okami #clover
103854482076614656	neutral	Tired! Out for a meal in a bit, day off work tomorrow. Then last day on Friday! DERBY...: http://t.co/A3DWt1d
103036470260006914	neutral	@simongreening  Morning Simon, r u going to see Cowboys and Aliens preview on Monday or Tuesday at Lpool ONE?
261323075935690752	neutral	Come hang out with me Saturday at Kremlin!! http://t.co/bIlNbkLy
263840277553360896	positive	Awesome talk from awesome @BeckyPallack in the Star apprentice class tonite on social media! Just in time for Super Tuesday!
172201659433361410	positive	Sarah G. Day I love you!!! Stay sweet and simple, dude! Can't wait for your show on Sunday!
260541579515797504	neutral	Inter Milan Transfer Rumours: 5 Players Linked to the San Siro in January:   Inter Milan  have started their new... http://t.co/vIn3RVrE
245730704271474688	neutral	thinking about stepping out tomorrow too club bodi.... decision's to be made
101134998102487040	positive	All you need is Ryan Leaf and you got a show. RT @jimrome: Aaron Rodgers, Kurt Warner and Kyle Kendrick are all in The Jungle tomorrow.
255983114126520320	neutral	If any Baltimore team mascots come up missing 1st person of interest should be Billy Cundiff! Or the Redskins mascot is taken blame him!
261689270614511616	negative	@FarrrahSage are you going to Petrolia's game tomorrow ? I still havent got to see you or the baby!
100484040750149633	neutral	@cicelycindy @blitzmegaplex Kung Fu Panda 2 (in 2D & 3D, both with Indonesian subtitles) tentatively scheduled to open on Tues 16 August
262971264254242816	neutral	Coni is still looking for volunteers for the painting project that is expected to be completed on Saturday, November 10 and November 17.
198841237585936384	neutral	Covering Global Marijuana March for @Torontoist. Night and day from #420, fewer juggalos, more serious advocates.
264184382510731264	positive	I just saw the breaking dawn part 2 trailer and me and Courtney are definitely going to see that shit November 16. 100%
178072657609232384	neutral	Nicki Minaj Kissing Lil Wayne! Caught Red Handed at the NBA All-Star Game (Exclusive Photos/Video) http://t.co/NuRX33dx
175148081329881088	positive	Happy birthday @justinbieber ! National Bieber Day . Now he's 18th years, but he's #stillkidrauhl #IndonesiaSaysHBDforJustinBieber
100182529071513600	neutral	@LordVash He'll get it when Raw is live in Mexico City in Oct. He's apparently been havin tantrums that WWE keep "snubbing" him. Moron.
236028492398088193	neutral	Just delivered  a speech on IEBC preparedness for the March Election at ICJ conference at Mombasa Continental
101303308576235520	positive	RT @Ro_OneTwo: I will be at the movies Friday night to see "Final Destination 5". I'm in love with scary movies :)
263189210486411264	neutral	Indian Ocean with @simon_reeve got 1.4m viewers on Sunday with repeated programme about Somalia. More than double much trailed show on C4.
260621841704566784	neutral	Freaky Knight III going down this Friday at Fox Theatre in Salinas. DM me for tickets and info. #dontsleeponthisone
263749640095145985	positive	@thewovenword ....is @ericwfoster going as that "Upwards Kid" that he played so well on Sunday night??!! ....with his prop/friend, "Adidas"?
262707417454891008	negative	This is the first time someone has offered to watch The Notebook with me so I don't watch it alone for the 5th time..Too bad it was my mom.
260181746350432256	positive	Going to see @JohnCena and @CMPunk along with all the other @WWE superstars December 3rd in Greensboro NC :)
251397321227644930	neutral	@Moto_494 Fall Classic at Blue Diamond that's about it for now for early Nov.
103747025027334144	positive	Later today: Cowboys and Aliens, good food, My Chemical Romance and Blink 182 show with @strikeupthecool and her friends. Jazzed 2 teh max!
246041982785429505	positive	Aubtourage: UPDATE, I will be storytelling for Risk on Sept 25 and the Wrecking Ball video will be released on Vevo Sept 26th! Love you!
264121253869268992	neutral	This Sunday join us for "Living in the Valley." http://t.co/m7UJnrLo
100638299479216130	neutral	@Maryhlyon I'm going to auburn thursday now...
258062676557721600	neutral	This Thursday at Backstage Live #piercetheveil with my baby<3
220817825604964352	neutral	Out tomorrow The Players! With Jean Dujardin and Gilles Lelouche taking on the theme of infidelity http://t.co/ggxdV5Yn
100516556315963392	negative	@hatinggreenday I don't understand what the fuck's wrong with you! You may hate Green Day but don't bother the Green Day Family with that!
232251920746688512	positive	Went to the strawberry festival with my babe earlier today and now being lazy. Maybe a dinner date tonight to top off this perfect Sunday :)
261853381256163328	neutral	Trey Songz will be here December 7 at the Fox Theatre
260012586857271296	positive	'Really good day' as Danica Patrick finishes 10th at Kansas Nationwide race - NASCAR News | FOX Sports on MSN... http://t.co/wlmXrhFu
263995165365116930	positive	I love Thursdays....Grey's Anatomy....One day closer to Friday.....and No driving to Huntsville.
100139475677618177	positive	@Elite_Rickito oh yes, all italy make vacation in august incl. the soccer teams :))
249160968238686208	positive	For the adorable and loveable man, Song Joongki, Happy 27th Birthday!
101649244238266368	neutral	Today's #TriviaThrusday is the first I didn't have to look up.... Who doesn't know Steve Jobs worked at Atari!
249638331422474241	negative	Our 1st SEC contact about NYSE delay (7/2010) was none other than Mark Donohue. Same guy who botched early Madoff inquiry.
101557646561247233	positive	@IreneNell Good morning Irene :) I love the tiger photies so much! Do you own them?
205388180516651008	positive	We have another skate class this Monday at the Skate Center! It's from 6:30-7:30! Bring yourself and your kids, fun times will be had!
103521418129584128	positive	Been w/ @audrey_emm, Romo, & Taylor for the last 3 days! Hopefully seeing @aquinobanana and @aliyacakes and then goin' home w/her today heh
261132276136566785	negative	NFL Commissioner Roger Goodell says he may cancel the Pro Bowl: http://t.co/XXsEiykQ Would you care if there was no Pro Bowl?
264187893269008386	positive	@x0KaeLyn Thank youuuuuuu <3 Wanna come over tomorrow after 5 or wanna wait for me at Monroe with Grace Jurrel so we can get ~~~~~
264085443820261378	neutral	@Sir_Roozy ur bank? Think maria may have something to say about that lol
263897921152499712	neutral	Y'all be sure to download that YeHive app on Friday too. We're trying to put MSU and Starkville on the map.
263626814507843585	positive	Looking forward to rocking it out at Roma's in Louisa on Saturday night!!!!  Hope to see everyone there!!!! No cover!!
262137749090496514	positive	Lucky shops are coming to NYC!: The sale of the season hosted by Lucky Magazine with Grammy winner Jennifer Hudson, starts November 1...
100395197317398529	positive	@VH1 We're so happy AdamBehindTheMusic trended in the US & worldwide tonight!! Thanks so much for showcasing Adam on this special!
230756998218649600	positive	Join us in shops at 9am tomorrow to hear Tom Segal, #Pricewise of the Racing Post preview every race at Glorious #Goodwood. #horseracing
261217201871273984	neutral	#FavouriteMovieQuotes  "After all, tomorrow is another day!" Bill Murray, Groundhog Day
100228541945360384	positive	Great game...tremendous way to start the season. Bring it on and next Sunday Real Madrid v Barcelona.
264153140004278272	neutral	@BornIn_ASIA no because asia told me it was the 14th and now its to late .
259274945274720256	positive	@lldubs Wishin my first stop was Port Charles!!!   Only thru the DVR "portal"!! HAPPY FRIDAY!
260794131767504897	neutral	http://t.co/dDManpTd: Check Out the Box Art for Tomb Raider: What do we think? The new Tomb Raider is out March 5... http://t.co/62gKkQrH
263504130205696000	neutral	That means we'll know Thursday morning if @taylorswift13 won for her 'Safe and Sound' duet with @thecivilwars!!!
115629777808924672	positive	@ebrown2112 I am happy about the Modern Family wins tonight but definitely saddened by the FNL loss. Also so stoked for Melissa McCarthy! :)
240086793746280448	neutral	Yiying is two characters in the Chinese lang. The 1st part, Yi, means Happy. The 2nd part, Ying, means Creative. right? @profpjm #learning
262773238592053248	positive	@MissPawee yes, it's doable. I was at BKK from march 1-4 at night then flew to europe on march 5 in the morning.
195683479067959296	negative	Knicks Vs. Pacers in the 2nd Round of Association Mode. Upset the #1 Bulls
111339728632164352	positive	Ok, so I've watched Jersey Shore today for the first time ever. Can't say I believe the hype. But its comical.
264175747038597120	positive	Tickets for Troy on Stub Hub for $12. Sad but if you have a youngin', Saturday would be a great day to take them
253509300981477376	neutral	I may have just splurged on this: 'Firefly: A Celebration (Anniversary Edition)' by Joss Whedon... #dontjudgeme http://t.co/XVL9Vpvb
100099436771950592	positive	I may love asians from Japan! But I have a girl that I'm gonna marry. Believe it! She's a ghetto ass short girl that's clumsy as fuck lol.
100140919516446720	negative	Nigga you can't make it with this TT! RT @yinkadek: #NigeriaNewspaperHeadlines Terry G releases the 1st rock song in nigeria ---Apako
263707008383987712	positive	Last 24hrs covered Delhi, passing thru Punjab, Haryana. Tomorrow morning Jammu. Just loving it!
196619895948062720	negative	Giants 3rd-round pick failed drug test at NFL Combine: Jayron Holsey knew it would hurt him bec... http://t.co/PZPzx0Dv #newyork #sports
264105075356602368	neutral	Tomorrow Channel 4 is 30 years old. Presenting the Channel 4 #spotify playlist. What do you remember? http://t.co/xSms3Esf #channel4
264061376719376384	neutral	Choirs off next Friday or the one after that... Tryna get a handful of people to go out somewhere for dinner... Anyone interested??
259245460181626880	positive	Just thinking about couple days I had in August; Stone Roses one night then Kasabian, Noel G and The Cribs the next. Doesn't get much better
262438612874977281	positive	@MaryyTaylorr31 tomorrow I'm making the journey to Selma to celebrate pastor appreciation day/nanny's birthday. Better see you there
263301075099062272	positive	@woolimboys Oppa you may have ur style like Hoya oppa.Dun worry,even now,you have a lot of fans , like me !!
258963620975759360	neutral	Today's answer: Stone has received 3 Academy Awards for his work on the films Midnight Express, Platoon, and Born on the Fourth of July.
244634790576414720	positive	#factsaboutme When I was born. On that day , it was the 2nd day of Chinese New Year. Immediately , i gotten lots of redpacket :D
262248341872705536	positive	#catherinebelll I watched good witch for the 1st time.  what a wonderful show.  I've seen all ur JAG and Army Wives.  Ur fan  Ara
258772742378242048	neutral	@TheBigLead I need to see Jeremy Evans on Roni Turiaf all over the place tomorrow.
224057065746862080	neutral	This time NEXT SATURDAY NIGHT we will be about to kick off MEGAchurch with Stan Walker, JC Epidemic & Michael Franzese! 7 sleeps!
264048475182882816	negative	@MostDumbestLaws: A betrayed wife is legally allowed to kill her adulterous husband, but may only do so with her bare hands. (Hong Kong)
111326993508859906	positive	@JamesCrosby28 watched the cricket, awesome game, followed by jersey shore and seven dwarves! Great night of TV!
259521317039116288	neutral	October 19, 2012 book news: 20,000 Turn Out for the Southern Festival of Books What do Keith Richards and Margar... http://t.co/v5Coq2Vt
263210807972741121	negative	Nobel Peace laureate Jose Ramos-Horta warned Monday that Syria risked becoming a new Somalia as he voiced pessim ...  http://t.co/laxozNGJ
264170260767318018	neutral	@GetAPairOf_JAYS he cut Kevin and Jacob, did he tell u there's practice tomorrow
255958663959826432	negative	ABC: Ricky Ponting and Luke Butterworth made Wednesday a tough day at the office for South Australia in their Sh... http://t.co/V4utMguI
263756680876150785	neutral	Bay Area heads! i'll be on the piano at Yoshi's San Fran this Sunday playing with the one n only Dwight Trible - http://t.co/Wg6HG2F4
264240176614735872	neutral	@CrazyCougar9 not with UNLV, but my first game for Team Nevada is November 9th, as long as California doesn't cancel.
253193540732059649	neutral	I want to see White Arrows at North Star Bar Sat + @Radio1045 Studio Session on Wed
103610830825848832	neutral	Alabama : Trent Richardson on cover of SI:  The junior running back is featured on the August 22 issue, alongsid... http://t.co/4SrDbXO
249004311764406272	neutral	Western Force kicks off new Super Rugby season on the road - Herald Sun http://t.co/RD6If1yI #Melbourne #News
264132276349190146	neutral	I just watched part of #DWTS and cowboy Troy was on there singing I play chicken with a train. brings back 8th grade memories
264214577443655681	positive	Just walking to the victor! Happy 21st birthday Lauren! http://t.co/Pewv6lwl
256471649740808192	neutral	Had to cut the Mohawk off gotta look grown for tomorrow night at Club Pulse
261405872482316288	neutral	@venkymarg Wait what? I'm already confused :p If you're gonna be in Muscat in May, we'll probably meet up then!
263331726942691329	positive	Thank you snow for cancelling classes today. Now you may stop snowing, so that I can drive to Chapel Hill tomorrow. I'd really appreciate it
245597031127728128	neutral	This is Buffon's 122nd cap for Italy, now just 4 behind Maldini in 2nd and 14 behind the leader, Cannavaro. #Legend
216492667465498624	negative	Ni**as In Paris encore, 2 mosh pits, it's too far away to see B, but the 2nd pit failed because of B's security! http://t.co/wEobbqXP
237946782137589760	neutral	Teaching, then rehearsing.  Show with the GNR Tribute band this Friday in Cranston, RI at MARDIS GRAS!
203361721329516544	neutral	Postal plants to shrink, 28,000 jobs at stake: The U.S. Postal Service announced on Thursday it's moving forward... http://t.co/1CWNuysA
264223821987463169	neutral	Blog Post: Vice President Joe Biden to Present the Top Ten List on CBS's "Late Show with David Letterman," Thursday,... http://t.co/m64KUzET
263839524189261825	neutral	The Fox shows watched moving onto a movie, George Clooney no thank you. I may be one of the few on the planet who has never watched Titanic
255771096744345600	neutral	Cundiff got released. I think he's outta the league now, especially if that quote on the TL this past Sunday was real
247961327233032193	neutral	@dicanio72 check out the one for Silent House at The London Tombs tomorrow night too!
262162355994128385	positive	A great read with your Saturday morning coffee. I'm voting for a pres working on social justice, tolerance, & equality. http://t.co/9I5o8L8s
228770650041487360	negative	@MoTheRipper I was like Shy Glizzy bouta be up at DC Star Saturday and he said Nigga no im not
112020553086414850	negative	@RustySprouts too bad Rodgers and GB did nothing through air after 1stQ! I hope Tomorrow does good too, just not Tony Romo #spellcheckjoke
257511161405247489	neutral	@TarbuckDavid ok i will remind you of this convo in march when brook beats devon alexander for a world title. And khan still has glass chin
258300934046769153	neutral	So with Bey performing at the Superbowl in Feb. I'm assuming new material in the coming months before hand then album after Grammy's
264065603793469441	neutral	Open source misconceptions fading: IT Web: South Africa may be up to five years behind the rest of the wo... http://t.co/kZC3jZJ4 #linux
264249301910310912	negative	Iranian general says Israel's Iron Dome can't deal with their missiles (keep talking like that and we may end up finding out)
264076345498284032	neutral	@alisonboner yeah KJ sent an email out yesterday with info and she said she'll Follow up with another email tomorrow with the details
264010834429218817	neutral	#SGS Fury on brink of beating Haye to Vitali: Tyson Fury is set to face Denis Boytsov on December 1, with the wi... http://t.co/r6tkMHQI
108261821235990528	positive	Yay !!!!RT @kellymonaco1: Excited to interview the new cast of DWTS tonight for E News! They have no idea what their in for ;)
172921305107136513	negative	If anyone comes to school with the Galaxy Foams tomorrow , I'm mugging them .
264162064522702848	positive	Having family pictures done on Saturday with my 4 favorite girls! Hannah, Katie , Shan and my Tam! Can't wait! Life can't get any better!
264073871488081920	neutral	@CountryGirl_731 we changed seats in dental lol, you're in Ash's old seat and the chapter is due tomorrow
209615867238027264	neutral	The pack rides during the 7th stage of the 70th edition of the Paris-Nice cycling race run between S http://t.co/UQgeDykv
233812409003962368	positive	Imaaa be gone til Sunday the 19th ! :)
254431573766705152	positive	Beautiful Washington Monument in DC as the sun sets: http://t.co/bdWhsz78 What a walking path!
253930051618365441	neutral	Jason Vernau Live @SurfComber March 16 th 2012 Miami WMC Pool Party with Robbie Rivera & Friends by @DJjasonVernau http://t.co/RR8lblAN
256144203384492033	positive	Addicted to Army Wives and I'm only on the 5th episode of the 1st season!
100002850477842432	positive	After a day at the lake me and my girl are getting ready to do Vegas big tonight! #blessed #freshtodeath
100019348588077056	positive	Win or lose I think most Dallas fans would agree it's just great to play in games as big as this one tonight again after yrs of mediocrity.
262862262270820352	neutral	@HotspurRelated im just a 19 year old still on loan for the 3rd time at coventry 79 overall hopefully when i return bale will still be ther
112654907919712256	neutral	@K0azzi88 Yea gonna watch Family Guy for a bit and try one last time in about half hour, if not i'll wait til morning i think
263813152771276801	negative	Lin picks up a loose ball and just trucks Stuckey. Unfortunately, that's not allowed, to bench with 4th foul as Pistons reclaim lead, 67-65.
258360618204155904	positive	@jill_kolencik3 alright my friend @nknight11 saw this hot blonde Alex girl from Chardon at the game Friday. And he wants to know who it is.
263354499370979329	positive	Delicious grilled cheese with ham cooked in Sun Dried Tomato, Parmesan & Garlic oil from Olive That in Montclair http://t.co/Wf0pNsHQ
263713003168468992	neutral	If anyone at RCHS wants their picture in the Yearbook of them "Just Hanging Out" with friends message me before Friday!!! #InDesperateNeed
264045379404836868	neutral	@BobWildman Hi Bob.'m Fine.Tomorrow is a holiday here, All Souls' Day 'n the 15th Republic Day,another holiday.Now I'm a little busy ...
183833135430111232	neutral	US President wannabe Rick Santorum won the Louisiana primary on Saturday   - Breaking News Buzz http://t.co/0zcbdnK4
101664330587717632	positive	@TNA_GUNNER Been trying to decide on a new show to watch & always get tons of Sons of Anarchy suggestions. I may go 4 it. Have a blessed day
261011809081896960	positive	#Argo is set to receive Best Film, Director and Writing noms at the Oscars, at the very least. And may be, art direction.
260493298202980352	positive	Tomorrow, the Jimmy Donn "Eastbound & Down" pre-order begins. Only 100 Pre-Orders will be available. And it's a pretty sick combo pack!
260924360972464128	positive	I love you too RiRi! Can't wait for Friday! <3
263946400071561216	neutral	DSTV dumps VH1 from 13 November and replaces it with the VH1 classic channel. Something tells me (cont) http://t.co/i6CapNk1
264151197550800896	negative	@jimbobohan @burko77_ I certainly wouldn't be spending my hard earnt  taking the kids to see say Shels 2nd XI v us, clubs will fold no doubt
253166324442865665	neutral	The LionsXII will face ATM FA on 5 October, in the first leg of Semi-Finals at Jalan Besar Stadium! http://t.co/KvOkZG2q
247493707723579392	neutral	Just got Bel Ami from the Redbox....so that is what I will watching tonight, or tomorrow.
101663482537181184	negative	Today in the weird, world of musical history...Hank Williams was fired from the Grand Ole Opry and told not to return until he was sober.
261150953309360129	negative	@Sean_Bridge no don't! I have to fit into a Tomb Raider costume next Wednesday! Save it for the #cakecrawl!
262723766558261248	positive	Ranked 2nd in the BCS! Which is pretty much first because Bama isn't even real. Just another great day to be a Wildcat.
259497736238424064	negative	I just finished the 5th season of Army Wives...now what do i do
101707282009702401	positive	Really looking forward to watching Tony Romo run for his life tonight!  @EKD92 @1_900_ayersjr @MillerLite40 coming with it. #orangecrush
256815607910113280	neutral	JBid sounded a bit like James Murphy last night "I was there ..." ("when Ronald Reagan ..."/"at the 1st Can show") http://t.co/WPDJu9gq
262068536187432960	positive	@jbmclendon And the same station that will air new episodes of COUGAR TOWN in January! @tbsveryfunny has been good to us, Jordan. #PennyCan
259218702254346240	positive	Pals knock2bag tonight at Rich Mix! Come and hang out. Also you can catch me on Russell Howard's Good News tonight and tomorrow.
252605066823999488	neutral	check my 1st time playin with JLin. #linsanity http://t.co/UnLQ0FSm
252330752665075712	positive	Love how I skipped every category of the NTA's besides the soaps. Couldn't give half a fuck if everything else went off the air tomorrow.
262567075292274690	neutral	@RockstarGames Bring GTA3/Vice City 10th Anniversaries to the PS Vita!
262860735460278272	neutral	So the Penguin/Random House merger is to go ahead? Better than it falling into Murdoch's clutches. (A mistake for TUC to sell Sun 41 yr ago)
263771608206950400	neutral	Oh, and for those still fellating Harry Redknapp, we went out in the 3rd round against Stoke last season. Remember that?
257537488804016128	positive	@Daisyyloera okay but you need to go to Berkmar so we can see each other everyday and it could be like 7th grade.
264256692131360768	negative	Spain summons Argentine ambassador in oil dispute - Spain warned Argentina on Friday it risks becoming "an... http://t.co/YOUzbZls
264062275600654336	negative	Mommy is leaving on Sunday. Didn't say shit. Like I knew she was leavin, but she ain't say when.
102463043530797056	positive	@iansomerhalder @paulwesley @ninadobrev you know what? Vampire Diaries starts in Germany on monday! I can't wait!
101225765479251969	neutral	Summerslam preview coming Fri. Only 4 announced matches even tho there will be 7 or 8. Very odd. Will make for brief preview!
100079174001238016	positive	@Yuki_18_j Good morning, yuki~! Oh, i like your name too. Does It means snow? Riko isn't my real name, i've chose it because i like japan.
263768463875649536	neutral	Basically the whole point of Mardi Gras is to sin as much as you can before ash Wednesday @Brendoe_Gallaga
250251320395710466	positive	Occupy Unmasked with Andrew Breitbart - Citizens United Productions http://t.co/ppVuF9K4 via @sharethis*hAPPY & CHEERY MONDAY!* LOL or NO???
264176866435399680	positive	skipping school tomorrow and going to Tennessee instead. #soundsgoodtome
256656389332680704	negative	News: Sydney, Oct 12 (ANI): Pacer James Anderson attacked an "arrogant" Michael Clarke with a batsman's pad in the dressing room afte...
211688789448466433	neutral	@AlexisClark17 @TakersGirl1998 Im going to Hell in a Cell in ATL, The December PPV in Memphis, and Elimination Chamber in NOLA
263668030591102976	positive	@jamiekilstein you competing in LA? I'm playing a show in LA with AR on Friday night! Come hang out! We are at "on the rox" above the Roxy!
259100781217718272	positive	Everyone show up again tomorrow that Chardon game was too much fun to not do it again!! #BeaverCentral #Pride
263322268967501824	neutral	Nasdaq follows New York Stock Exchange by announcing it will reopen tomorrow after Superstorm #Sandy kept them closed for two days
247522166663417858	positive	The Girl with the Birthday Cake on her in the "Birthday Song" video.. Can somebody bring her to my house Thursday?
263507986356531201	positive	I can't wait to see the Lakers tomorrow....
160740892653797376	neutral	@akumakata kenot. Same night. Am doing Java Jazz for sure. Can always catch the Foos some other time. The jazz greats? Not likely.
263651627372777473	neutral	Fact of the day; Halloween night is Papa John's second busiest night of the year behind Super Bowl Sunday.
263280511127011331	neutral	@geetiga no, he may just be Gadkari's driver.
257855290920280064	negative	Of course I'm not home when my team in town  :/ "@SteveyC16: Knicks vs Celtics preseason game in Albany this saturday....who going??"
262052696159309825	neutral	People & Power travels to Egypt to see how the April 6th activists have been faring since Mohamed Morsi's election.
261721396831465472	neutral	I'm going to Roger Sanchez at Factory in Toronto, Canada - Dec 7 http://t.co/UFYvTce5
251814977256706049	neutral	Friday fish fry and football with Tressa! #ffffdate
263101413402492928	positive	studying anatomy & watching Army Wives is what the rest of my night consist of, can't wait for a little break with @MaryBWelch tomorrow!
100017212223524865	positive	RT @nfl: Twitterverse blowing up about Shannon Sharpe's awesome Hall of Fame speech. We'll have the video clip on NFL.com a little later ...
100212602520608769	neutral	Update: 'Rise of the Planet of the Apes' Takes in Nearly $20M on Friday - Christian Post http://www.whople.com/14355
264189734790758400	positive	@NICKIMINAJ DUBLIN on Monday :D so excited! also my friends birthday she will be at the concert... Plzzzz say happy birthday Shauna
250453057735913474	neutral	I'm going to Stephen Kellogg and The Sixers at Rex Theatre in Pittsburgh, PA - Oct 30 http://t.co/LaSTN3JL
248206019283529729	positive	You may not have known Steve Sabol's name, but chances are you knew his work. Ron Jaworski and more look back: http://t.co/FHnzVtuz
195224270387937282	negative	H&M delivery is SO shit. I ordered things and paid extra for next day delivery on Saturday and it still hasn't come
255502162187137024	positive	@jennettemccurdy if you happen to come online, know that your McCurdians trended "Jennette On Ellen" for McCurdian Monday :)
264254864903774209	positive	No videos tomorrow, except for one. And, honestly, it is the biggest thing to happen to the group since we moved to making LP videos.
100170016875491328	neutral	Wonder if the Spurs shop got looted last night? #doubtit
264217253678034944	negative	2nd night Parker has been on it ..boy oh boy
102390146778927104	neutral	Just rode across the Brooklyn Bridge on a bike. What are you doing with your saturday?
100002521464053761	positive	Going to see Rise of the Planet of the Apes tonight...oh yeah.
104470398724349952	negative	@m11kte Won't see me :( I'm off to Bolton later today for the weekend. Typical timing as ever!
261577895221288960	positive	10th grade I said Nipsey Hussle the best rapper out. Everybody was like hell naw then when the marathon came out everybody was on his nuts
103368362452721664	positive	Stayed up too late to watch the 1st ep of Sons of Anarchy. New favourite show! #sonsofanarchy
263343954370641920	negative	So BCA doesn't have school tomorrow....not sure how I feel about that...
100227598117896192	negative	Did I really have a debate about twilight last night? And I was team Edward???
172267127645024256	positive	Awhh I can't wait for Stevie Tv! I wish it was March 4 already!
259777713429164032	positive	The best thing about Walking Dead returning is it means Spartacus will be back soon too! (Dammit, Starz site says January)
262686438364151808	positive	Piss easy job analysing on MOTD2. They just repeat what Gary Neville says on Super Sunday.
263732832025841665	positive	Big Day in the sun now a Big Night in the heat with @tobybinge #poppinbottles
263636007587549185	neutral	WILDCAT WORKOUT OCTOBER 31st in the old gym at 7pm!! #FVSU RrrrrrTttttt
213551200153509889	positive	@CherylCole im meeting you again on Monday :) hope you remember me Camilla Parker Bowles lol im gettin a taxi again :/ love you so much Xxxx
256088475395313664	neutral	@ptmediaweb We many not to get watch any NHL games, but we can watch Evgeni Malkin and Alex Ovechkin in the KHL!  http://t.co/U1OfH9ek
261092102862151684	neutral	Tottenham Hotspur boss Andre Villas-Boas has played down speculation that he is already lining up a January bid for Brazilian Willian.
224705136990240769	negative	The Wizards Summer League team has their last 3 1st rd picks, including the 6th overall last yr & 3rd this yr. theyre losing to the D League
100185843083386880	positive	Sox beat the Yankees tonight, great day to move from NY to Boston
100018750786519040	negative	Who all fuckin with twilight tonight ??
261864089171685376	positive	Just cus it's Friday here are 62 reasons why Bill Murray is awesome http://t.co/e78cx5hQ
262590061277765632	neutral	Is that Liam Neeson sat next to Roman Abramovich?, I'd sleep with one eye open tonight if I was DiMatteo! #CFC #MUFC #SuperSunday
264044896137142272	neutral	@princess_saraw it build immune syst up - hot water & lemon 1st thing, 3 green teas a day..it'll sort you out xx
263713762123608064	neutral	UK: @Chrisewan's SAFE HOUSE is only 99 pence on Kindle today - a steal! Get it or the #audiobook now. (Will not work for US - US pub in Dec)
264169854049861632	negative	Tomorrow is last day for early voting in Nevada. I am not inspired to vote early. I don't like many of the choices. Most suck balls.
100015834776338433	positive	@Swimfanatic454 thanks I am! :)I saw the hollywood sign today!!!!! And in Disney I got to meet a really hot Aladdin lol :)
100184201286004736	positive	@TheRealPodVader need more ESPN football today/ #patriots today podcasts. Get Ross and Matt riled up with more #bradyrules talk.
110978624080982016	positive	PJ Harvey or King Creosote would be deserving winners of the #Mercury2011 prize tonight but think Tinie Tempah will nick it
103944266530828289	neutral	@RobbieSavage8 what did you think of Derby tonight sav?
210762427577532418	neutral	Enter our competition to win a London Children's Map Puzzle just follow and RT.Closes tomorrow @4pm. Don't miss out! http://t.co/iktACEhe
104757551962402819	positive	Good football practice today. One day away from the saints game, and 1 week away from the anderson silva fight in rio!!!!! Can't wait!!!!!!!
101813635491430400	negative	Tony Romo better be on point tonight! don't have time to deal with his foolishness!
251650645025751040	neutral	Watching Joseph Prince. Getting fed. U may think it but u don't have to say it. Speak Gods words. #Pastor #faith #Word
230869354839953408	positive	Photo: Dr. Seuss has always been one of my favorite people. His work may have been surreal, but it always... http://t.co/ufmYYVjr
263572511126609920	positive	@maechoy95 revision book right? I've already gave it to Niesa. She'll give it to you on tomorrow :) Hopefully you'll get A+ in Eng! Amin!
100108118712782848	positive	Cant wait to rock "Apologize" by One Republic  & "Jesus Freak" by DC Talk tonight      gettin redy to rock Sasabo, Japan
256145127381291008	positive	Congrats @JimmyDykesLive on your new contract. Can believe this is you 18th season at ESPN. Time flies. Always delighted to see you at Rupp.
263348499607851008	positive	Watchin Step Up <3 the 1st one is the best with Channing Tatum as the main guy >>>
236441922032521218	neutral	Lots of rumors out there. Oilers are said to want Leopold/Adam/3rd, Sekera/Pysyk/2nd, Sekera/Adam, Leopold/Adam for Sam Gagner. Who knows??
263882108680953856	negative	Tough one tonight for the boys.  Played hard but came up short with a 4-1 loss with an ENG.  Davies scored the lone goal.  La Ronge tomorrow
258670735831216131	neutral	@BlGJ0E @SaltAndHepper Preview of the NFC Championship game Sunday?! I'm feelin' an offensive shootout hahaha #Vikes #Cards #GameOfTheWeek
100336219065565184	positive	Our new dance instructor for #ClubFitness has toured w/ Beyonce!!! You know our Beyonce themed night is going to be CRAZY!!!
262489795517874177	negative	Karthikeyan in 22nd is already being warned by his HRT engineer that he needs to cool the brakes, with 53 laps still to go. #F1
244847551315054592	positive	@MovesLikeRoy: I luv seein all the thik sexy footballers return 2 the gridiron 2day! <--*THIS* And the #sporno that is NFL Combine in Feb!
261497696496533505	neutral	Zulu is the 26th largest mother tongue of Christians (10.4 million), representing 0.5% of all Christians.
100061497807474688	positive	@NancySeeger lol! Gonna make up for day off tomorrow! Also bought vertical iPad stand so I can browser test w/the lot of 'em. #geekgirl
242816476501917697	362841166	neutral	My car ride to school tomorrow>>> #mexicans<3 @seximexi44 @JF_Gnarly34 and Estella :) im the only white girl
261242624973881344	neutral	Tight race in the Fans Choice Player of the Week w/ Wesleyan and Brookwood players. Last chance to vote: http://t.co/IzH4CEAe
234070606717534209	neutral	Broadway Bar to see AllStar and Bravo perform then Aquarius. I'm stepping out the box and baring a lot of skin tonight. Pics tomorrow.
254699577515593728	positive	Just saw Won't Back Down the 2nd time! Wow! Viola Davis and Maggie Gyllenhaal are PHENOMENAL! Even better the 2nd time! Amazing cast too!!!
217966300725657601	positive	Hopefully doing a meet and greet Friday Night With Stan Walker and Elen Levon :D  Bring on the celeb life!!
261559688129290240	neutral	Back in rehearsal on Monday with The Woman In Black after a summer with The Sound of Music. http://t.co/gq9nvz5e
262802881546178560	positive	@HarrisStyle00 going holiday eh ? HAHA going to Melaka tomorrow :)
263796941954113537	positive	DC tomorrow! Stoked to see friends at American, Georgetown and elsewhere. Text me if you are free. #fb
263821638896865280	neutral	@MsWarburg Not really though. Diet's harder to find. Last year, it was out til mid-Nov. then gone when Xmas got here. Gotta be ready.
227386894655315968	positive	Look how far they've come since July 23rd 2010. They have a smash album, Brit Award, and the even beat out Justin Bieber for a TCA.
100378714008850432	neutral	Tiger Woods' former caddie Steve Williams made about $140,000 for his work with Adam Scott today. Tiger Woods' new caddie made $5,800 #golf
218544341084409857	positive	Ooshma Garg started her 2nd successful company, Gobble. Watch how she got to one of her biggest investors--Reid Hoffman http://t.co/VhEHDU3y
259669469742391298	positive	Watching The Lorax with my boys.. Happy Saturday
230252879926136832	positive	I might act like tomorrow Valentine day and pamper my gf maybe then she'll feel better
246465722543398913	neutral	I have either just made an awesome king cake for work tomorrow...or the worst darn thing to ever hit a persons mouth...we shall see
264171589816446976	negative	Fuck it,  might go see Reggie tomorrow ...
261375537417711616	negative	@muterundumo good argument, however ITS A GAMBLE that won't pay off, worse still I think the constitution has a deadline of Dec 4th
199403471752003584	positive	Congrats!!! to the Philippine Patriots for winning over Singapore Slingers last saturday... Go Patriots!!! :)
100532620114403328	neutral	Cowboys @ Jets will be the first late night game on Sunday on Channel 4 (via @j_hussain). Will be an emotional occasion on 9/11 anniversary.
260503781429608448	neutral	1st I thought he was David Ruffin impersonator. Then I thought he was a backup singer for Miguel. Sn: Your c http://t.co/RkFuDgPP
249128618586947585	positive	Wow Toowoomba tomorrow with stan walker!!:) so good
262778055402090496	neutral	@sumeetkulkarni Season ends with Superbowl in first week of February.
255717332243079169	negative	I don't get how people are saying she's lying about the direction of her 4th album, because she "lied" about the direction of Unbroken?
101392827065442305	neutral	RT @FTH_RawDawg: I can stamp on Friday its goin be endless people at the movies to see Final Destination 5
263622137858912257	neutral	I'm going to Bullet for My Valentine at O2 Academy Glasgow in Glasgow, United Kingdom - Mar 13 http://t.co/WRBbihnV
100318977728839680	positive	TGI Friday's was good! Going to the moves to see "Rise of the Planet of the Apes".
258353570938753024	positive	Black actresses shine at the 19th annual Elle magazine Women in Hollywood Celebration Octavia Spencer, Viola Davis and http://t.co/bJ650mLI
235238102011092992	positive	@swamy39 U proved to be a better scriptwriter than Shazia Ilmi. #Ramdev will end fast or move to Ramlila where he has permission till 30 Aug
262675141434146816	positive	#cricket Pakistan hopeful of Bangladesh visit: Pakistan's cricket board said Sunday it hopes to arr... http://t.co/8MzuvYdd (f ahsaan4u)
264046886288248832	neutral	Preparing for some Jack White action tomorrow night by listening to the his setlist from Dublin.
234920132038762497	neutral	VERY SOON Police marching Towards the Crowd  #Ramdev supporters start march towards Ramlila maidan  #likeaboss
264258061017968640	positive	@USCCB Lifting up the people affected in those areas, especialy in NY and in NJ. May they experience God's holding them close to His heart!
263367932086743040	neutral	@Lea_Glee_Glam @canadaluvsadam yes these are the submissions to be considered by Grammys. In December they announce the actual nominees.
205392161477369857	neutral	We will be closed this Monday, February 20th for Presidents Day.  If you need access to your account over the... http://t.co/vyTBFiH4
259753776842412032	neutral	Howard U wins 2nd straight homecoming game with 21-20 victory over Morgan State. Bison now 5-2; 4-1 MEAC
264218830270787584	neutral	@GiovanniRBMG I told you what me n Asia din already but Sunday we cud hit earth
234401711404498944	neutral	This new shirt, with a quote from Dr. Seuss, reminds us that weird we may be, but love is just as weird! http://t.co/KeYnUmMd
241614322822950913	neutral	Check out the Senior Bowl's 1st "Scouter's Delight": http://t.co/4XzHcut6
258353062924664833	positive	I get to Procter the PSAT with my homie @KimaniAH tomorrow!!! It only took them three years to partner us up lol
100488964372307968	positive	The re-release of 'In Desolate Times' is available WORLDWIDE TODAY! Including BONUS TRACKS. Grab a copy and let us know what you think!
264245575061499904	neutral	Amazon: Extra Strength Hair Nutrient Tablets, 60-Tablets (Packaging May Vary) by Viviscal  649 days in the top 1... http://t.co/jsp8IGcb
264255838447890432	neutral	Dollar gains on euro amid Greek woes: New York - The euro sagged against the dollar on Thursday as the revised G... http://t.co/RQ3gxwWC
235335763972194304	neutral	PRIMAVERA FIXTURE LIST - Milan Primavera begin their campaign on August 25th at Cesena and end it on April 27th at S... http://t.co/VPaTcHhX
255170321894735872	neutral	@Juventus_FC_fan @Camurria10 Can't really remember but I think it was Capello's 2nd and we started with 9 or 10 wins and ended with Chimenti
101029173702819842	neutral	RT @thinkprogress Golf balls with Pelosi's face on them allegedly distributed at Boehner fundraiser today. http://t.co/AILg0QA | SICK!
237426623908040704	positive	Playing @garbage all day to prep for tomorrow's concert at Fort Canning. Go, baby, go go!
264039385417261058	negative	Do we really care about our kids future? Think about it: Education is the 1st thing cut from budgets on every level.
264151993772294144	positive	Getting very very excited for the Birdcage tomorrow at Derby!
264039095733460992	positive	Hammond: we now have a balanced budget with an affordable equipment programme, backed by what will still be the 4th largest defence budget.
100397126370078721	positive	If I'm reading the Twitter Trend list correctly, people are really happy that Verlander beat the Royals yesterday
101421945513447424	positive	@rachvardon aladdin looked very happy in the field today, and came over to say hi when we rode round the jumps :)
263802286235611138	positive	Get your sweat suits! It's November and its time to lax! Practice tonight, game at @DrexelClubLax tomorrow. #FallBall
263424953116930048	positive	The 1st article pointed out to me for my FB page dedicated to the announcer at Bethnal Green - hoping the 1st of many! https://t.co/1WqEQTpJ
264107266163212288	positive	State qualifiers, young Life, short day tomorrow lifes pretty damn good(;
248417255757594626	neutral	'Up All Night's' Maya Rudolph: 'Saturday Night Live' training 'prepares you for anything': Maya Rudolph,... http://t.co/kIhSyIg0 #TV #news
263875964356931584	positive	Twitter: "We found someone you may know on twitter! Kevin Rudd @KRuddMP - Federal Member for Griffith." http://t.co/53lJfGgK. #straya
101783554563903488	neutral	RT @DCdebbie: Dear followers, all I'm gonna do is tell jokes and make fun of Republicans tonight. It's how I cope. You've been warned!
248266228320317441	positive	every time i listen to promise by Romeo Santos the 1st person who comes to mind is @manndy23 :))
100363644453400576	positive	Thank you to @Mark_Sanchez and @nickmangold  for signing my jets football today i really appreciate it you guys are class acts!
263863610189697024	neutral	87-85 sounds like the 3rd quarter score between Warriors and Suns not the final.
215224180319338496	negative	@desboobs Breakout Kings went downhill when they killed the black dude first ep of the 2nd season.
263711537485717504	neutral	Did you know UNLV and UCLA are playing Saturday? So are Texas and Gonzaga. Secret Scrimmages Part Deux from @GoodmanCBS http://t.co/1MEG15Xv
263438636350054403	neutral	@maylingsu I'm thinking of an outfit like "Nick the Lounge Singer" (Bill Murray) from the old old Saturday Night Live. Maybe a sherbet tux?
264248524596707328	positive	Finally in bed. Such a long day, but so much was accomplished. Athens tomorrow!!
107672029729263617	positive	Godfrey was kinda funny though on comedy central tonight.
207428028366733312	positive	@matt_edmeades: Sheffield Wednesday linked with roger Johnson, Ivan klasnic and Michael Antonio. Big coups if they get them. #massive ? ;)
261812763255529472	neutral	The Pacers are counting on Paul George to step up, Gerald Green and DJ Augustin are your adds... Nat 2nd in the East, son.
263353226580094976	positive	@Offensive_Liam she's drivin through from Banff with her dad goin to sort stuff in her flat! Roll on Sunday though :)
263497473736200193	positive	Sun flower seeds are just to delicious
264174186279350272	positive	10 PS4 launch games wed love to see. These are our hopes & dreams Sony, be gentle with them: OPM: A new... http://t.co/000VVuIs Postters
236730063737978880	positive	@GavinRossdale Good morning Gavin! Welcome to my country. Have a good time in Gampel. Sorry can't make it tonight but will see you Monday :)
117319863550218241	negative	.@FoxNews Amanda Knox who lied repeatedly & cleaned with bleach that morning is no innocent petal
198847077063720960	negative	On the news, regarding the "Marijuana March" in #Toronto today: "If you don't hear 'em coming, you'll smell them." Nice...not.
264198533681397760	positive	@waymobomber Cool, What you like about Red Hot Shot tonight? I like Dundeel tomorrow for the Derby
250656325904785408	neutral	Play the Playstation Vita exclusive Silent Hill: Book of Memories tomorrow: http://t.co/RLjf1Jam
263945805935804416	neutral	Kapal-Laut opens a new shop at 3rd floor beachwalk Bali, the heart of tourism in Bali. @KapalLautBali http://t.co/vkNybXQc
258255016714985472	positive	I hope y'all come 2 Take Ur Loved One 2 the Doctor Day at Liacouras Center Saturday. I gotta be there at 730am & need entertainment!!!
246780358534774784	neutral	Creighton VB wins, 15-8 in the 5th set. Jays now 9-1 (1-0 in MVC) and have HUGE match vs. Wichita State at 6 pm tomorrow.
243129937173827584	negative	Unforgivable by Christina Grimmie..not quite feeling it yet. Then again, I wasn't "quite feeling" Safe & Sound til I heared it a 2nd time!
251194911053979649	negative	Because after a while you catch yourself eating meatballs on a Friday during Lent, and you don't care.
256217193421869056	negative	Lmfao , she gone die . All the niggas gone be at NCA tomorrow
255294283979030529	positive	Sunday was the first cooler-than-normal day @ BDR in October. This morning was the coldest one of the season.
172575454849540096	neutral	Sarah G. Day last Sunday!! Monday!! Tuesday!! Wednesday!! & xempre ngaung Thursday!! kip it up POPTSERS!!<3
106222697310208000	positive	#ICanHonestlySay #Dexter is such a good show, I may order Showtime just because of it.
263853674479116288	positive	I'm taking the SAT at Bob Jones. lol I feel cool.
264136064871047168	neutral	Kaka committed to Real Madrid: He may have been on the periphery of the Real Madrid squad since Jose Mourinho took... http://t.co/zRs9BDlB
100272712987049985	positive	RT @KStewRobLuvR: I just realized the Teen Choice Awards were tonight at 8! =) I hope Rob, Kristen, and anything Twilight related wins!
264217773297782784	negative	because y'all have been complaing about him allll the dam time.. NOT LIKE ME SINCE I WAS IN 3RD GRADE PARKER HAS BEEN MY MAIN BABY <3
101286563119513600	positive	@Bronzy_BrwnSkn lol of course!! my fav Disney movie is the 1st Aladdin...i love the 2nd one too
263854404371890179	positive	I'm so gonna snatch up all the leftover #Halloween candy at CVS tomorrow #letmeloveyou
246926701882400770	neutral	Sunday get on the ropes with James Murphy.YogaCity NYC | Yoga, Meditation, Pranayama & Kirtan Events in New York City http://t.co/MMEcQGwh
262904490569637888	neutral	@SaraaDemiri it's Republic Day in Turkey. Like 4th July in USA.
179922664423555072	neutral	All humans are entrepreneurs - Reid Hoffman in "The startup of you" http://t.co/epGAY1r0
264023243160174593	negative	Luna is taking a break today, not perfecting any major aspects to any of the other 6 planets, until she will meet Jupiter tomorrow morning
251751315477258241	positive	Apple CEO apologizes for error-ridden new map app - Apple CEO Tim Cook apologized Friday for the company's erro... http://t.co/BjbXiPIq
262497514995978241	neutral	Full Moon:Oct 29th. You can read more if you have your Sun Sign in Libra, Scorpio, Sag, Cap, Aqua or Pisces http://t.co/HNgb7Qn3
264171912903675904	positive	So proud of @wakemenssoccer for the huge upset against Maryland. Time for us to do the same tomorrow night #godeacs
231857343212695553	neutral	My xbox live ends tomorrow :( MW3 and Gears3 all day! Hit me up!
100168940155699200	positive	Morning all! me he despertado he peusto la MTV y estaban hablando de Green Day! que bonito despertar!
100016148833247232	neutral	Today in santa fe was the first time ii had seen someone use an ipad as a camera..it looked a little weird.
100153138018926592	neutral	Was last night in Tottenham part of Spurs plan to get more money from the mayors office for the new stadium??
255886946117758977	neutral	No wonder @TreySongz coming here the 21st of Nov cause he got Soul Train the 25th
261175025233694720	146123800	negative	We always get pushed out to SS4 with Ben Sheppard. Could be worse. Could be Thursday night with Colin Murray #AFC
210793149906427904	negative	Btw, whoever decided to use Rohypnol as a date rape drug, may you get creepy diseases and may you wish to die every second of your life! >_<
102265682154102784	positive	Bring it on!! :) RT @cinema21: Kung Fu Panda 2 will released on Tuesday, 16 August 2011
101240164889788416	positive	Remember to tune into this weeks #Legend Quest on #SyFy tonight. The team are on the trail of Merlin and King Solomon - what a fine blend!
100608096996564992	negative	Is it April Fool's Day?  Real Madrid signs 7-year-old Argentine prospect Leo - ESPN http://es.pn/ooXPiz
100470068915339264	positive	Hello Everybody!!!How are you today?Have a Beautiful Green Day!!!!
262989844693807106	neutral	New live sound webinar tomorrow at 10 PST with Paul David Hager (Goo Goo Dolls, Avril Lavigne, Devo) - register now at http://t.co/K28JuWHz
263939403318173696	neutral	Band practice tonight! Working on the #acoustic set for the #Hospice benefit on Sat for #PatRamsey. #Talahasseeevents # Tallahassee
247041684788084736	positive	@BYS1981 @theohioraider2 I remember 1st seeing Veldheer @ the senior bowl thinking this kid can ball. Fortunately we got him
100018379066322944	neutral	RT @cc_ntertainment: @DevonRW Come party with us & Young Dro Next Sunday August 7th Black Lion Atl 253 Auburn Ave. Free vodka shot menti ...
205111361213177856	positive	@djjanice891 hi there DJ janice.. can you play "COLD SUMMER NIGHTS by Francis M." in way back wed.? this is for you STARLIGHT.. :)
112671999662362624	positive	It still hasn't hit me yet that tomorrow is Steelers & Ravens day.
262127038360612864	neutral	James Martin makes flowerpot bread on Sat Kitchen did he steal the idea from @firehousebread ??
237536864112881664	neutral	Timmonsville residents live with guns behind locked doors -- http://t.co/HKj20N9o
100515734681169920	neutral	Final Destination 5 opens Friday. If it does well, they'll film "FD6" and "FD7." So it's really more like "Qualifying Heat Destination 5."
262867854775431168	neutral	Beating the Retreat ceremony is conducted on the evening of January 29, the third day after the Republic Day. #facts
