20020507_17.55.10-20068-24	positive	"When the bill (Suhakam Act ) was tabled in the parliament, our Foreign Affairs Minister (Syed Hamid Albar) promised that this would be a positive development in protecting and promoting human rights in Malaysia.
20011003_21.57.16-1319-4	neutral	Ninety of the attacks, approximately half of attacks that took place in the world, were reported in Southeast Asian waters.
20020320_12.04.49-21742-22	neutral	While the Commonwealth observer mission and many of the foreign journalists were assembled in the hotel, the opposition leader of the Movement for Democratic Change (MDC), Morgan Tsvangirai, moved in with them, taking a complete floor for himself and his entourage.
20020208_20.29.29-13302-21	positive	"The president must go, he should resign, and before he does so, he should organize elections so that he leaves the country with a democracy, in the hands of a civilian," Soto boldly proclaimed at the "pro-freedom" forum.
20011127_21.22.54-17837-0	neutral	Brussels - New confidential documents indicate that current Israeli Prime Minister Ariel Sharon and the army's former leadership were directly responsible for massacres in the Palestinian refugee camps of Sabra and Shatila in 1982.
20020128_20.43.50-5456-32	neutral	There have also been, based more on intuition than on images, doubts about the match-up between the end and the means, and the admiration, mixed with fear, that an implacable force generates, that of US missiles and airplanes in action.
non_fbis_17.41.39-5995-2	neutral	The discussion is to be held today, 26 February, and it shall be  centered on creating a common European policy, which would  revoke duty benefits awarded to Israeli settlement products.
20011129_21.35.18-3709-5	positive	The current summit will hopefully allow the CIS countries to lay new ways towards rapprochement.
20020113_03.20.43-12807-9	neutral	Last year, 1.6 million Koreans travelled to China, up from 1.34 million in 2000, and the number of Korean students in China hit 16,000, more than any other country; Japan trailed with 15,000 students, the official said.
20010627_23.46.20-17835-7	neutral	The green belts have helped protect the crops from sand, wind, drought and floods to guarantee grain production, Cai said.
20020312_21.16.59-4123-0	negative	JAKARTA (Agency): Indonesia and Singapore have agreed to settle their differences quietly following a row over claims by Senior Minister Lee Kuan Yew that terrorist leaders are at large in Indonesia, Foreign Minister Hassan Wirajuda said as quoted by AFP Tuesday.
20011123_20.59.38-14856-11	neutral	"Previous biological computers were the same size as the room in which the supervisors and computer equipment worked," said Shapiro.
non_fbis_08.54.29-27700-7	neutral	His two-day removal from office began when he tried to stack the  board of the state-owned oil company in his favor.
non_fbis_09.35.06-27851-1	negative	LONDON: British Foreign Secretary Jack Straw said on Tuesday  there was already "pretty strong" early evidence that President  Robert Mugabe had "stolen" the election in Zimbabwe.
20020507_22.11.06-28210-19	negative	"According to reports we have received, they are taken to the police to denounce the MDC, then to the war veterans, where they go through a public confession," Mrs. Eppel said.
temp_fbis_21.29.08-21533-9	neutral	Answer: The incidents and developments in Venezuela and Chavez's return to power were so rapid that the possibility of intervention by other powers in his return to power is very small.
non_fbis_08.40.56-18707-4	neutral	Russian  security forces in Chechnya have "demonstrated little respect  for basic human rights and there were credible reports of  serious violations, including numerous reports of extrajudicial  killings by both the government and Chechen fighters," the  report said.
20011007_03.17.23-6711-9	neutral	In order to compete with the United States, Europe, and China, Japan decided to drastically reduce its costs, especially in every aspect of rocket design and manufacture.
20020331_21.09.25-22686-6	neutral	It was then that the Arab heads of state adopted the three noes: no to negotiations with Israel, no to recognition, no to peace.
20020306_15.01.41-17868-7	negative	The report pointed out as "remaining problems" in South Korea, police's physical or verbal abuses of detainees at times and the National Security Law (NSL)'s infringement upon free expression and other civil liberties.
20020315_20.42.26-19148-22	negative	Foreign news agencies said Zuma told Zimbabwean state radio on his arrival in Harare on Thursday that "those discrediting Zimbabwe's electoral process should listen to what the Africans are saying".
20020306_15.01.41-17868-6	neutral	On the other hand, the report described South Korea as "generally respecting the human rights of its citizens" although problems remain in some areas.
non_fbis_12.07.16-6586-19	negative	De la Rua resigned Thursday, following two days of protests,  food riots and supermarket looting.
20011218_21.00.22-21144-50	neutral	The Israeli ambassador in France, Elie Barnavi, recently made two contradictory statements: That all those who, like Nurit Peled, believe that the Sharon government is a "government of death" could easily fit into a telephone booth... and that by their existence they constitute Israel's very honor.
20020412_21.18.30-8033-0	neutral	Caracas (AFP) -- The Venezuelan Military High Command maintains its support for President Hugo Chavez despite calls from the opposition to take part in an indefinite general strike declared Wednesday night [10 April], and despite the individual acts of insubordination of two generals on that same day, one of them in command of no troops.
20020122_20.36.01-11616-50	neutral	A number of other countries have sharpened their laws following 11 September, from increased detention possibilities to stricter legislation on asylum and immigration.
non_fbis_08.39.09-12713-20	negative	The  question foremost in the minds of most Zimbabweans is whether  attempts to rig the election through voter intimidation, last-  minute election-law changes, and outright fraud have succeeded.
non_fbis_12.09.12-23643-0	negative	Aussies see US double standard
non_fbis_04.22.14-2532-0	negative	China criticizes US human rights report
20011111_20.31.28-6696-7	negative	Chavez voiced "the Latin American concern" on the ongoing crisis in the Middle East, saying Caracas was following the international stance on the fight against terrorism, violence and intrigues.
20020218_21.01.07-18921-7	positive	"We hope that people will keep calm.
non_fbis_11.30.45-27115-13	positive	And I can't speak for everybody on the  base but I think most people are glad to be part of it, excited  by it.''
20020221_21.03.19-22060-1	neutral	Chien said the closed-door meeting between Bush and his Chinese counterpart Jiang Zemin suggested there remained differences to be tackled.
20020425_21.45.53-9610-10	negative	Fear of Grim Years
20020207_20.23.04-14788-75	neutral	Nevertheless, it is true that many of these retired officers have dishonored the uniform, have been tried and, unfortunately for the nation, pardoned or their trial was dismissed, or the charges prescribed," they point out.
20020415_21.33.22-7140-6	neutral	Turkey and Greece have the opportunity of cooperating in tourism.``
non_fbis_11.21.37-22256-1	neutral	HAVANA - (AP) -- Thousands of Cubans celebrated Venezuelan  President Hugo Chavez's return to power at a rally Tuesday,  likening the failed coup against the Cuban ally to the  disastrous U.S.-backed effort to overthrow Fidel Castro's  government 41 years ago.
20020320_11.58.59-16532-11	negative	Li Jiaquan felt that it is very appropriate to quote a line from Guo Moruo, "confounding right and wrong, being kind to the enemy and hard on friends," to describe the United States.
20020212_20.42.04-19290-10	negative	"Buying dollars for more than 2 pesos is not a good deal," said Alfredo Piano, the head of the company that bears his name.
20020122_20.36.01-11616-53	neutral	If it emerges that the person concerned cannot be removed from British territory because he is in serious danger in his own country, he can be detained almost indefinitely under this law.
20020314_20.23.54-19638-8	negative	Bush's "axis of evil" argument is an undisguised declaration of war and a rhetoric threatening aggression.
20020218_21.01.07-18921-11	neutral	In his view, Chien went on, the main purpose of Bush's current Asia visit is to promote world peace and security.
20010830_01.03.02-16670-5	positive	Lin told CNA that the CFL gained high appraisal in its efforts to protect the rights of Thai, Filipino, Indonesian and Vietnamese workers in Taiwan.
20020121_21.29.47-14352-5	neutral	Wang Lequan, secretary of the regional committee of the Communist Party of China, has listed comprehensive treatment of the Tarim River and the project to ship natural gas from Xinjiang to eastern China as the most important projects for this year.
20011201_21.19.03-816-33	neutral	And his "parachute" too.
20020411_22.37.03-25968-3	neutral	The source, who had taken part in the operation, did not disclose its dates.
20020118_21.15.18-84-12	negative	"It violates the rule of law."
temp_fbis_21.10.31-12974-94	neutral	A limitation, rather than reduction, of emissions is specified for several developed countries (New Zealand, Norway), and Australia and Iceland received the right to increase emissions.
20020315_20.22.38-4806-12	neutral	In a 17 February article entitled "US-Europe Relations at a Crossroads Over the Axis of Evil Theory," Japan's Mainichi Shimbun reported that questions are mushrooming in Europe and Russia about the Bush administration's international strategy calling for a showdown with the axis of evil.
20020116_21.24.50-2535-1	neutral	The press secretary of the Iranian embassy in Tajikistan, Alii Tusi [name transliterated], told Asia-Plus that the decision had been taken at a meeting last week between an Iranian delegation and the administration of Soghd Region and Khujand.
20020321_21.05.18-8344-0	neutral	Beijing, March 21 (XINHUA) -- China urged the United States on Thursday to abide by the "one China policy", warning that any act to trample upon the Sino-U.S. Joint Communiques could result in a "very unfavorable" impact on relations between the two countries.
20010830_01.03.02-16670-6	positive	Taiwan is the only country in Asia that allows foreign laborers to enjoy the same salary levels as their local counterparts, which elevates its image in international society, Lin added.
20020206_20.40.49-25157-4	neutral	The United States does not rule out the possibility of holding dialogues with the countries of the Axis of Evil.
non_fbis_06.44.52-19992-125	neutral	As an al-Jazeera television crew walks through, the staff rolls  out a patient who has just had his right index finger amputated  as a result of a gunshot wound.
20020416_21.44.44-3823-0	positive	BEIJING, April 16 (AFP) -- China Tuesday welcomed Venezuela's return to political stability and expressed support for President Hugo Chavez's promise for a dialogue on national reconciliation following his return to power after a coup.
non_fbis_08.14.55-18533-23	negative	Mr. Rumsfeld declined to discuss details about the growing  American involvement in the Philippines, where Abu Sayyaf  guerrillas have been battling government troops in the southern  island of Basilan.
20020320_21.03.16-25474-10	neutral	These include a Nissan Skyline in Mafutseni, a Mercedes Benz, A Toyota and an Isuzu 2.5 diesel at Nkalashane.
20011017_22.36.22-2937-5	neutral	The company processed 1,697,000 t of oil and fully provided the Atyrau oil refinery [in the west of the country] with oil.
20010829_01.48.48-11084-3	positive	"Weapons cannot prevent Taiwan from reuniting with China," he told Thai and Chinese media last week.
non_fbis_06.44.52-19992-74	neutral	The  American flag is everywhere - painted on the guard towers,  flying high in front of the facility.
temp_fbis_21.28.50-13504-2	negative	Opposite the cages, those cages of theirs not even two meters by three meters -- which seen together look like a chicken farm run by a sadist -- built from wooden beams and sheets of metal, cement, and barbed wire, exposed to the rain and the wind of the Tropics.
20020510_21.56.20-863-2	positive	He said Somali nationals in Kuwait and Bahrain had expressed their satisfaction and support for the interim Somali government.
non_fbis_04.28.09-24241-5	neutral	And, "Al Qaeda is an  international terrorist group and cannot be considered a state  party to the Geneva Convention.
20020207_20.23.04-14788-70	neutral	Only the right to a pension, "established according to the earned wages, the obtained rank, the number of active years counted toward such a pension and the contributed amortization."
non_fbis_03.23.00-19213-22	negative	The al-Qaeda leaders  is accused by Washington of masterminding the September 11  suicide aircraft attacks on New York and Washington.
20020419_21.31.07-25924-9	neutral	The commission is headed by Cesar Gaviria, Secretary General of the OAS.
non_fbis_08.11.35-9355-7	positive	The  government urges supporters to back Chavez.
20011016_22.34.35-3190-2	neutral	The general said he currently commands up to 18,000 men, and about 4,000 Taleban fighters "with military hardware" have already gone over to his side.
20020220_20.47.21-9712-1	positive	Both topics covered complex issues wherein the future is clouded, but both leaders vowed to assume a bold challenge and exchanged firm handshakes.
20020216_20.54.07-4914-1	neutral	The sources said an American message was delivered to the Foreign Ministry on Friday regarding the Bush administration's claims that Hizbullah was contemplating a new military operation to mark the anniversary of the assassination of then-Hizbullah secretary-general Abbas Mussawi.
non_fbis_08.07.48-9357-18	negative	Yet many African  politicians, including Morgan Tsvangirai, the Zimbabwe  opposition leader defeated in the election, had expressed doubt  that the Commonwealth would take any action at all.
non_fbis_08.03.05-5625-42	neutral	Argentina, however, was determined to pay its debts in full and  keep its fixed currency in place, fulfilling what it viewed as a  promise to its citizens and creditors who had been told for  years that pesos were as good as dollars.
20020121_21.25.31-10464-2	neutral	If the Bush administration is stubborn enough to persist with this attitude, it could cause a rift with a European public opinion that showed only solidarity and generosity after the terrorist attacks of 11 September.
20020115_21.11.08-11611-23	neutral	There are, however, a couple of problems with this understandable, if knee-jerk, response.
20020418_21.45.32-26215-1	negative	His task was to create "a peaceful environment" in the region currently affected by an unrecognized and undeclared war between Israel and Palestine.
non_fbis_08.07.48-9357-14	positive	"The committee has decided to suspend Zimbabwe from the councils  of the Commonwealth for a period of one year with immediate  effect," Mr. Howard said, reading the statement alone,  apparently as a face-saving gesture to Mr. Mbeki, whose own  election observers in Zimbabwe found the vote "legitimate."
non_fbis_07.29.33-28852-21	neutral	But that outcome is certainly not a foregone conclusion.
non_fbis_11.08.55-4179-32	positive	Some Washington diplomats consider giving back  the land a potential carrot for negotiation with a democratic  Cuban government.
20020302_21.01.08-20603-1	neutral	Auch, 2 March (AFP): A fourth case of bovine spongiform encephalopathy (BSE) was recently confirmed in the Gers department [of southwestern France], the Gers prefecture announced on Saturday [2 March].
temp_fbis_20.34.33-18786-1	positive	The government wants to play an active role internationally but we should also work on reducing emissions here at home.
non_fbis_06.39.11-29583-5	positive	With the signing of the protocol, he said, GCEP hopes to attract  more funding to contribute to the international community's  efforts in reducing greenhouse gases, which trap heat in the  earth's atmosphere thus causing climate change.
temp_fbis_21.26.05-29959-3	positive	Chen cited several events to back up his positive and optimistic views on ROC-U.S.
20020207_20.22.42-14586-14	neutral	As for the criticisms of the destinations of the presidential trips, she remarked: "In addition to the fact that we do not have to ask anyone for permission to decide where and when we should visit a country, the President has visited countries with which we have direct trade relations, countries that are OPEC members, with the specific objective of strengthening our economy."
20020116_21.28.14-6829-6	neutral	Sebi also gave out certificates.
non_fbis_08.01.38-4843-24	neutral	Mr. Bush's approach carries considerable risk.
non_fbis_12.14.07-203-31	neutral	Let me pause only briefly to allow that America is imperfect,  like all earthly things; that its governments and people have  committed many sins; that might does not make right; that power  and wealth are not good in themselves; that goodness, truth and  beauty may be found in every country and town.
20020218_21.01.07-18921-6	positive	The minister further said that since the communication channels between Taiwan and the United States have been operating smoothly, MOFA can fully grasp any possible developments.
20020411_22.23.02-12197-13	negative	A unilateral move is likely to prejudice Europe's status in helping to find a solution to the conflict.
20011130_12.07.32-18094-15	neutral	The American State Department had in 1999 condemned the government of Peru for the creation of a secret military court, and called on that country to accept international regulations, such as the need for open and fair trials and observance of defendants' basic rights.
non_fbis_13.44.36-19236-29	negative	The Canadian prime minister, Jean Chretien, said the election  "does not look very good".
20020315_20.42.26-19148-20	neutral	Zuma was accompanied by Labour Minister Membathisi Mdladlana, who served on the Southern African Development Community ministerial task team on Zimbabwe.
20020122_20.36.01-11616-54	negative	Other states have used the US tragedy to polish their own image.
non_fbis_12.08.27-27397-33	negative	Domestic observers tended to side with the MDC, denouncing the  election as fraud-tainted and unfair.
20020326_20.55.44-16289-2	neutral	The sources said Halasa also made a deposit of $6 million at the Central Bank of Jordan.
20020103_20.28.43-12622-10	neutral	Past weeks' Incidents, President Arafat's cease-fire declaration, the anti-violence campaign, the other activities that Israel brands terrorism, and Israel's unjustified escalation show that Palestinians are totally committed to the peace process and the previous agreements and understandings.
non_fbis_11.14.49-23456-12	negative	``I don't think it is a wise thing to corner the North Koreans  and cut any routes to talking with them,'' said Yukihiko Ikeda,  a Japanese congressman and former foreign minister.
non_fbis_08.09.29-13319-5	negative	Argentina, with widening budget deficits, is heavily indebted to  foreign lenders and is battling to prevent more defaults.
temp_fbis_21.37.46-9337-3	negative	"The United States was slandering China again," said Xirao-Nima, a professor of Tibetan history at the Central University for Nationalities.
20020320_12.04.40-21590-27	negative	The United States, Britain, local Zimbabwean observers, and the Commonwealth observer team also described the poll as not free and fair.
20020205_20.41.01-8736-2	negative	Some senior US government officials and experts and the Western allies of the United States have criticized Bush's speech, saying that the "Axis of Evil" is, more or less, untenable.
20020205_20.41.01-8736-25	negative	Even US closest allies also thought it hard to agree with Bush's remark.
20020315_20.42.08-18791-41	negative	He declined to say what action Britain, the former colonial power, would now take, but said it was consulting the EU and the Commonwealth.
20011208_20.31.54-28680-16	negative	The US side not only refused to apologize to China but also claimed that "US crew members were detained by the Chinese side." It was only because of it being deterred by the Chinese Government's firm position and due to the fact that the US crew members were still in China that the United States was compelled to offer an apology.
20011116_20.44.27-28756-25	negative	The third big challenge concerns land use: a change in the way land and forests are used so as to prevent the inclusion of activities that do not lead to a real reduction in emissions.
20011112_20.33.43-387-36	neutral	The diplomatic community's perception of President Macapagal is that she is organized, knows her economics, does her homework, and has been unscathed by scandals that have been rubbed on her skin by a scandal-mongering opposition.
20010927_23.54.13-6261-12	positive	There have been a series of bomb blasts in recent years in Urumqi and Beijing, linked to Xinjiang separatists seeking to establish an independent state of East Turkistan.
non_fbis_08.27.54-12647-31	neutral	The interim government today ended Mr. Chavez's policy of  offering oil to Cuba under terms favorable to Havana.
temp_fbis_21.10.31-12974-97	positive	They are relatively mild for our country.
20020508_21.54.31-15463-11	neutral	Two Lashker militants Abdul Qazi alias Chotu and deputy district commander Bau Dujan alias Dujana were killed in an encounter by the members of Village Defence Committee (VDC) at Lopara village of Dachan area of Doda early today, IGP [Inspector General of Police] (Jammu) P L Gupta said.
20011218_21.00.30-21204-15	positive	Unconditional Support
non_fbis_07.05.30-9348-2	neutral	They discussed ways of co-operating in the science and  technology fields to prevent global warming.
20010829_01.48.48-11084-17	neutral	Despite a still-tense relationship, Wang is optimistic reunification will eventually happen as was the case with Hong Kong and Macau.
temp_fbis_21.10.31-12974-93	neutral	The US, Japan and members of the EU must reduce emissions by 7, 6 and 8 percent from the 1990 level.
20011112_20.33.31-29984-5	neutral	In the General Preliminary Criteria for Economic Policy 2002, the final text of which is being presented to Congress by the government today, the Finance Secretariat estimated an average price of $17.00 per barrel for the crude mixture, and predicted that the export platform would be 1.825 million barrels per day.
20011220_21.22.09-18839-85	neutral	Monetary expenditures and personal savings in January-September 2001 totalled Hr72,852 million, which was 23.1% higher than during the same period of 2000.
20020316_20.37.48-18053-5	neutral	Mbeki, Obasanjo and Howard have been mandated by the recent Commonwealth Heads of Government Meeting (CHOGM) in Australia to decide what action should be taken on the situation in Zimbabwe.
non_fbis_12.19.24-26050-14	negative	Mr. Godfrey, a Toronto MP, accused the Americans of violating  international law by blindfolding and shackling prisoners who  were transferred this week from a detention centre in Kandahar  to the U.S. Navy base at Guantanamo Bay, Cuba.
non_fbis_06.29.55-10258-5	positive	relations, which were set up in 1979 largely  based on a U.S. nod to the "One China" Principle, which states  that Taiwan is a part of China, Reuters reported.
20020315_20.21.54-4382-45	neutral	The way in which Pakistan has been fully supporting the United States after 11 September 2001--the total benefit of that has been earned by the United States.
20011024_21.21.31-27111-11	neutral	Late last week the price of crude oil went down at stock exchanges to 19.07 dollars per barrel, which is the lowest level since 1999.
20020415_21.33.22-7140-24	neutral	It is impossible not to wonder at the creators of the EU.
20020507_17.55.10-20068-10	negative	Meanwhile, another concern raised was Suhakam's independence following the appointment of former attorney-general Abu Talib Othman as its new chairperson and the decision not to renew the appointments of three commissioners, Anuar Zainal Abidin, Prof Mehrun Siraj and Dr Salleh Mohd Nor.
20011230_21.17.41-25537-11	positive	The commitment to liberalism, the second strand of the Menem program, lived up to its promises.
20011114_21.19.18-13373-0	neutral	Tashkent, 14 November: Japanese investment in Uzbekistan in the last 10 years reached 1.3bn US dollars, Uzbek President Islam Karimov said in a meeting with Japanese lawmakers in Tashkent on Wednesday [14 November].
20010818_01.09.50-14694-0	negative	MDC leader Tsvangirai at it again in South Africa
20020513_21.31.14-23484-3	neutral	The first Lamizidivir tablets have been sold for VND 19,500 ($1.2) since May of this year, under the permit from the Vietnam Pharmaceutical Control Department.
20020223_20.53.55-17301-4	positive	When he revisited the Great Wall, he could hardly hide his excitement.
non_fbis_06.44.52-19992-147	neutral	Cold.
temp_fbis_20.34.33-18786-4	neutral	Norway and the other rich countries have a moral responsibility to achieve real reductions.
20020207_20.23.00-14747-8	negative	Likewise, the defense minister reiterated that "the nation's position regarding terrorism is extremely clear, categorical, and decisive: Venezuela repudiates terrorism, not now but always; it does not endorse [terrorism] and considers [terrorism] an aberration that goes against mankind; and this is part of the current Venezuelan Government's ideology, philosophy, and policy."
non_fbis_08.12.40-1611-3	neutral	Bush suspended U.S. entry privileges for Mugabe, his family or  senior members of his government.
20020207_20.23.04-14788-46	negative	Chavez commits a crime by handling public funds as if they were his own.
20011024_21.21.31-27111-10	neutral	It is taking place at the time, when ever more OPEC members begin to support the idea that oil production should be reduced again, in order to stop the continuing decline of the prices of hydrocarbons on the world market.
20020225_21.00.49-23712-3	neutral	A total disengagement from the Palestinians, complete with walls and razor wire, might provide Israel its long-desired security and might free it of the burden of trying to control seven million desperate Palestinians, any number of whom are willing to die in order to end the occupation.
20011220_21.22.09-18839-112	neutral	During October 2001, Hr48.9 million were spent from the universally compulsory State Social Unemployment Insurance Fund to provide assistance to the unemployed.
20020128_20.43.50-5456-31	neutral	Other more virtual ones (because in this case the communication was better monitored) of Marines protected with surgical masks and gloves transporting prisoners chained to stretchers to planes, as journalists from the print media were able to see them using binoculars.
20020315_20.42.17-18974-9	negative	They were paid and asked to paint a bad picture and they have done it.
non_fbis_08.40.56-18707-0	negative	Ministry Criticizes 'Odious' U.S. Report
20020412_21.18.30-8033-10	positive	Opponents of the president who assembled this Wednesday in one of the offices of the state-owned Venezuelan Petroleum (PDVSA), joining the strike waged by its executives since Thursday [4 April], are carrying signs appealing for support for the men in uniform.
20011024_23.37.40-9205-6	neutral	He said police have been combing the area for the escapees but none of them had been re-arrested.
20011207_21.20.02-17431-20	neutral	Ironically, some 200 armed Russians, who appeared to be from the military although they were dressed in uniforms of Russia's emergencies ministry, set up camp 10 days ago in the centre of Kabul.
non_fbis_07.20.20-11694-0	negative	Mugabe Wins Despite Biased Propaganda
20020320_11.38.42-28823-4	neutral	But, he said, "Investors will come to Indonesia not based on fears, somehow, that they would be physically threatened, but rather in the hope that the capital invested in Indonesia would be secure and that means transparency, rule of law, protection legally, etc.," Boyce told a press conference.
20011211_20.59.09-4817-4	neutral	While meeting with the "Committee of 100" delegation Monday, President Chen said "one China" is an issue that can be discussed in the future with mainland China.
20010829_01.48.48-11084-14	neutral	To us, parliamentarians still hold a quasi-official status," he said.
20020202_20.37.52-21155-16	negative	To add a country like Argentina to this list of problems is to allow the growth of a dangerous focus of social dissatisfaction, which is tending to express itself outside of any institutional control.
20020130_20.43.33-11456-5	negative	The campaign has been successful so far, and has not been seriously challenged by Arab and Muslim Americans who have been struggling to merely distance themselves from terrorism.
20011220_21.22.09-18839-83	neutral	During January-September 2001, nominal personal incomes increased 24.5% as against the same period in 2000 and totalled Hr76,279 million, while real incomes, determined by excluding compulsory payments, voluntary contributions, and the effects of inflation, rose 6.1%.
20020202_20.37.54-21168-18	neutral	The last of the provisional governments that took over from the abbreviated De la Rua administration decided quickly to end the currency board system.
20011024_17.55.28-22100-10	neutral	Meanwhile, a foreign wire service report from Shanghai quoted a senior US Department of State official as saying Wednesday that the Bush administration has no plans to ease sanctions against mainland China.
20020322_21.05.41-14545-49	positive	We do not need to wait for that scenario before we embrace the need to fight for a new constitution.
temp_fbis_21.10.31-12974-82	neutral	Background
non_fbis_08.03.05-5625-11	positive	The French, who like the  United States are significant fund shareholders, have called on  the lending agency to step up its involvement to help Argentina  recover.
20020225_21.13.42-3998-1	negative	Herald Reporter - THE United States has imposed targeted sanctions on President Mugabe and other senior Government officials for the alleged deteriorating political situation in the country, the US embassy said at the weekend.
20020419_21.47.55-9546-11	positive	In recent months, they met with the coup organizers for several times and gave consent to the overthrow of Chavez.
20011107_16.03.28-26714-7	neutral	The first one took place on 21 May of this year.
20011115_20.41.29-15150-19	positive	But due to the strong initiative of the global community, led by the European Union, countries agreed on a set of rules to implement the climate change treaty _ with or without the U.S.
non_fbis_12.15.47-5091-5	neutral	The completed girder will support  thousands of square metres of solar panels generating power for  use throughout the station.
non_fbis_15.36.10-18917-0	positive	Khatami congratulates Venezuelan nation for Chavez' return
20011024_17.55.28-22100-0	positive	18 (CNA) -- The Republic of China government believes in the US commitment to separating its anti-terrorism campaign from the Taiwan Strait issue, a senior Ministry of Foreign Affairs (MOFA) official said Thursday.
20020111_21.05.06-7601-37	positive	However, the benchmark covenants could be opportune here for settling the initial allocation of emission rights.
20011124_20.49.26-27556-4	neutral	He added that Grandi had outlined to Tanka a four-pronged approach to the crisis -- improving conditions in camps, expanding the UNHCR's ability to deal with any further refugees, assisting non-governmental organisations involved in dealing with the crisis, and encouraging refugees to return to their homes.
non_fbis_07.05.30-9348-1	neutral	Representatives from Japan and the United States have finished  two days of talks Tuesday on climate change in Tokyo.
20020324_20.55.32-6296-12	positive	Among other projects which Russian companies would like to implement in Mongolia are the laying of a gas pipeline from Russia to China (Yukos), the gasification of individual districts of Mongolia (Gazprom, Itera) and electricity exports to Mongolia (Unified Energy Systems of Russia.) Mongolia is one of the few members of the former social camp to which Russia does not owe anything.
non_fbis_08.47.00-17401-0	negative	Tokyo irked by US stance on Kyoto
temp_fbis_21.10.31-12974-80	neutral	This means that Russia will be able to offer the carbon market emission quotas of up to 3 billion tons.
20011220_21.22.09-18839-87	neutral	Real wages in January-September of this year increased 18.4% as compared with the corresponding period of last year.
20020217_20.53.10-28693-4	positive	"He made it clear that relations between Taipei and Washington are getting better," said Joseph Wu, deputy director of National Chengchi University's Institute of International Relations.
20020219_20.52.48-16582-11	neutral	If it was viable to describe terrorist organizations as evil, then it is not viable to do the same for countries.
non_fbis_15.13.45-21190-2	negative	George Bush has become an object for harsh criticism after his  recent statement about the axis of evil.
20020221_21.03.19-22060-0	positive	TAIPEI, Feb 21 (AFP) - Taiwan Foreign Minister Eugene Chien on Thursday hailed US President George W. Bush for not trading away the island's interests to Beijing.
20011231_21.05.45-10422-12	neutral	In addition to Argentina there are other countries in crisis, such as Colombia and Venezuela.
20011218_21.00.30-21204-30	negative	In the event of non-payment, the country will find itself an outcast of the international financial community.
non_fbis_06.44.52-19992-103	neutral	In 1903, the U.S. government signed a lease with the  Republic of Cuba.
20020204_20.24.49-8480-3	positive	As we all know, our Republic is currently exerting every effort possible for peace on and reunification of the Korean peninsula and for the world's peace and security.
temp_fbis_21.10.31-12974-84	neutral	This is the first international document that makes use of the market mechanism as an approach to solving global ecological problems.
temp_fbis_21.10.31-12974-55	positive	The Foreign Ministry, said N. Ratsiborinskiy, clarifying his agency's position, recommends that the government move to ratify, since the view at Smolenskaya Square is that the impact of our national efforts will be greater if they are integrated into the efforts of the EU.
20020201_20.41.37-18755-18	negative	There was a smell of danger in President Bush's speech and it was clear in the United States' decision to adopt a tough policy.
20020129_20.27.21-24397-3	neutral	The US Government itself considers him a kind of link for dealing with the situation in Venezuela.
20020203_20.46.36-9539-9	negative	ould provide these arms to terrorists," stated Bush. However, he did not answer the question of how to proceed effectively against this trio. In the West European media reactions, most critical remarks were made about Bush shaking his finger of warning at Iran. Analysts are pointing o
non_fbis_07.52.36-18982-29	negative	Members of a movement that tried to prevent women working may be  disconcerted to find that some of their guards are women.
20020204_20.24.49-8480-33	neutral	Just like those who enjoy fire are bound to die by being burnt, the only thing that will be left to war maniacs like Bush, who tries to find a way out of a crisis through aggression and war, is a bitter destruction.
20020204_20.41.31-29293-5	neutral	One of the detainees has claimed Belgian nationality.
20011130_12.36.18-4189-4	negative	According to Dr. Ren, humans released excessive amounts of greenhouse gases, primarily carbon dioxide, into the atmosphere in the past century, particularly in the past 50 years.
20020114_21.15.53-1323-5	negative	He threatened to keep Yasser Arafat stranded in Ramallah, in the West Bank, until the Palestinian leader has fulfilled this and other conditions.
non_fbis_04.33.07-17094-2	neutral	The extent to which Mugabe outmanoeuvred the west was made clear  when southern African countries issued a surprise statement  declaring the conduct of the election free and fair.
non_fbis_13.44.36-19236-15	negative	He said the result was "illegitimate" and a clear case of  "highway robbery" by Mugabe, his government and his party,  Zanu-PF.
non_fbis_06.44.52-19992-126	neutral	The cameraman continues filming  while a nurse covers the patient's face.
non_fbis_11.09.24-151-2	neutral	Following a campaign wracked by intense violence and  intimidation blamed on the ruling party, opposition leader  Morgan Tsvangirai said he was pleased to see so many people  voting, believing a strong turnout favored him over the man who  has ruled this country since independence in 1980.
20020508_21.54.31-15463-4	neutral	Police said two militants were killed in an encounter with the troops at Saile (Budgam) today.
20011224_21.09.23-6361-10	neutral	Mr Veness said the ship was now in a position to continue its journey, but completion of the voyage was still subject to consultation with all interested parties.
non_fbis_06.29.16-13721-3	negative	The 110 al-Qaeda and Taliban prisoners admitted to "Gitmo"  by the end of last week are, said Rumsfeld, "the hardest of the  hard core," men who had killed "dozens and dozens of people."
20020205_20.21.49-25548-30	neutral	Iran tried to become more helpful to the United States during the war in Afghanistan, but now that it has been identified as an "evil" it likely will readjust its stance.
20020405_21.35.14-9737-9	negative	The representatives of the Israeli armed forces said that "rumors about the assault have been prompted by false information, which is being circulated among foreign journalists by Palestinian sources."
non_fbis_04.33.07-17094-27	positive	In Zimbabwe the leadership of the congress of trade  unions is considering calling a two-day general strike to test  whether there would be popular support for a longer protest, and  various civil rights groups are meeting today to discuss mass  civil disobedience.
non_fbis_06.51.18-1222-20	neutral	The election is the hardest fought battle for Zimbabwe's top  post since liberation war hero Mugabe took over after  independence from Britain in 1980.
non_fbis_12.19.35-18077-0	negative	U.S. accuses Mugabe of intimidation
20020221_21.03.10-21966-0	positive	21 (CNA) -- Relations between Taiwan and the United States have increasingly become "harmonious and close" since U. S. President George W. Bush took office and Bush's current mainland visit is unlikely to affect the two-way ties, a presidential aide said Thursday.
non_fbis_06.35.13-26224-18	neutral	It  said that if China attacked Taiwan, "the United States will  respond appropriately in accordance with the Taiwan Relations  Act."
20020517_22.08.22-24562-5	neutral	The committee said in a joint statement at the end of the  meeting that it will try to have the framework finalized at the  China-ASEAN summit in Cambodia at the end of this year.
temp_fbis_20.53.10-15177-34	neutral	While a settler who opened fire on a group of Palestinians wounding four of them was sentenced to four years imprisonment by an Israeli court.
20020320_11.49.47-8044-10	positive	Israel's compliance with the required commitments will be the real test not only of its readiness to facilitate the US envoy's mission but also its readiness to establish a just peace which is in the interest of all parties concerned.
20011029_20.27.05-27044-12	neutral	He became the Chairman of the National Accountability Bureau on 26 September 2000.
20011210_20.48.51-14201-7	neutral	It is to ultimately employ 350 officers prepared to take part in international missions.
non_fbis_07.29.33-28852-7	negative	In a television  interview broadcast the other day, Didymus Mutasa, a spokesman  for Mugabe's ruling ZANU-PF party, said that he and other  veterans of the country's independence war found the prospect of  a Tsvangirai government intolerable.
20020315_20.42.08-18791-18	neutral	"Our interests have nothing to do with how people report about us.
20011228_21.10.24-16924-3	negative	Once again, ideas that Chavez has to be killed, that four shots would solve the problem, have emerged.
temp_fbis_21.07.24-28603-9	positive	"Bush has been very forthcoming in stating the US commitment to defend Taiwan against the possible use of force by China," said Chang, a specialist in international relations.
20010705_01.24.22-5235-1	neutral	As a consequence, the cow was infected as well.
20011218_20.35.25-594-3	negative	More often than not, the United States, acting as if it were an "adjudicator of human rights," published the so-called "Annual Human Rights Report" and "Annual Report on International Religious Freedom," attempting to teach a lesson or two to countries -- including our country -- it deems disagreeable.
20020322_21.05.41-14545-19	neutral	I now proceed to illustrate this truth.
temp_fbis_21.03.47-22424-17	negative	Anti-submarine combat strength is extremely low, and in particular there are many old style naval aircraft that, compared to Japan, are possibly 30 to 40 years behind.
20020202_20.37.54-21168-20	neutral	Duhalde will confirm that $2 billion will be made available immediately to mitigate the social disaster.
20020205_20.21.49-25548-18	neutral	The line that Bush draws between friends and foes has never been any clearer.
20020507_22.11.06-28210-33	negative	Mr. Tsvangirai also touched on his own legal battle with the government: On May 31, he is to stand trial on a charge of treason, accused of plotting to have Mr. Mugabe assassinated.
20020111_21.05.06-7601-35	neutral	Thus the benchmark covenants could be reconciled with the European Commission's recent proposals for launching a unified market for European carbon dioxide emissions by 2005.
non_fbis_11.35.22-9439-4	negative	Although his four-month  stay was quiet, the retired Navy fighter pilot said he felt  isolated and frustrated after the Sept. 11 terrorist attacks.
20020326_21.07.24-24231-7	negative	There were two other similar episodes of permission being denied before that since the 1997 handover of the former British colony to China.
non_fbis_08.46.28-13637-59	neutral	Tony Blair pointed  out that the three British al Qaeda members being held at Gitmo  have had no complaints.
20011218_21.00.30-21204-16	positive	In essence, it seems that they all agreed on one thing: meeting a commitment is inviolable.
20010722_00.39.51-8366-2	neutral	An expert examination showed that the sacks contained 86.9 kilos of pure heroin, head of the press service of Russia's Border Troops in Tajikistan Colonel Aleksandr Kondratyev told ITAR-TASS on Saturday.
non_fbis_04.08.51-29183-12	neutral	Those statues probably hadn't been a good likeness of him,  anyway.
non_fbis_07.29.33-28852-19	neutral	Tsvangirai was responding to a question posed by a Canadian  publicist with whom he was meeting and who subsequently signed a  contract with ZANU-PF.
20011024_18.09.35-13708-17	neutral	Asked why weapons of French origin were finding their way into Zimbabwe in an interview last month, Jerome Sautier, the first counsellor at the French embassy in Harare, and Lieutenant Colonel Dault, the defence attache, said France was not selling any arms to Zimbabwe.
20020425_21.45.53-9610-20	negative	But he also took the risk that an obsession -- Fidel Castro's downfall -- would exert excessive influence on the conduct of relations with his neighbors in the South.
20020301_21.00.59-25256-5	neutral	Both the JEA and the Ministry of Housing and Public Works last year trained 759 new engineering graduates over the course of one year to prepare them for job opportunities, he said.
20020218_20.45.17-5753-22	neutral	But Baghdad insisted Sunday it could not be a threat to the United States.
non_fbis_08.03.05-5625-7	neutral	In practice, however, the Bush administration has yet to take a  clear stance on such bailouts and has made international  financial policy a low priority.
20020208_20.37.23-17648-3	negative	It is only natural, with the guerilla operations successively occur, even inside the fortified settlements, that the world begins to wonder whether the accusations that Arafat was planning, and instructing attacks on Israeli targets despite his captivity, and the round-the-clock Israeli surveillance, were founded.
non_fbis_08.39.09-12713-19	negative	Now the country's 5.6 million voters are waiting anxiously for  the results of the poll to be announced, although the voting,  which was supposed to end Sunday, may stretch on for days.
non_fbis_12.19.35-18077-17	negative	Mr Blair  will have a political burial here tomorrow."
temp_fbis_20.41.29-25820-34	neutral	These prisoners not only are citizens of the belligerent country, but also are citizens of nonbelligerent countries, even citizens of the United States' allies, such as Britain.
20020129_20.52.23-14674-25	neutral	Asked about his chances in the poll, Cde Mugabe said he was representing a party that had seen years of experience and had won parliamentary and presidential elections before.
20020201_20.41.37-18755-4	neutral	It seems that the definition of the term pariah nations is the obstacle that prohibits or prevents the free world from imposing sanctions on them.
non_fbis_08.10.09-13801-8	positive	"I agreed to  continue to work on the national debt issues for Argentina," he  said.
20020210_20.31.39-22620-34	negative	They were driven out by rival warlord Saif Ullah, who has refused to give up power.
temp_fbis_20.57.35-19171-20	neutral	"Developing nations such as China and India already account for a majority of the world's greenhouse gas emissions.
20020507_17.55.10-20068-22	positive	"We will also note to what extent Suhakam will monitor the government's compliance with previous recommendations on various human rights issues contained in its maiden report to the Parliament as well as its other reports," he added.
temp_fbis_20.23.33-17594-26	negative	In the course of calculating the gains and losses of the "Kyoto Protocol" and trying to figure out what it should do, Japan found a good excuse.
20011218_21.00.22-21144-32	neutral	Can anyone believe that the Arab world could approve of it?
temp_fbis_21.20.14-9569-19	positive	Moreover, Chavez's foreign policies were contrary to American interests in Latin America, as well as in other parts of the world.
20020320_20.36.59-7133-17	neutral	The main convention is the UN Convention on International Liability for Damage Caused by Space Objects, 28 March 1972, known as the 1972 Liability Convention.
temp_fbis_20.34.33-18786-29	negative	But if we do not make these expenditures now, the bill for the generations to come will be even bigger.
20011130_12.07.32-18094-0	negative	Since the 11 September events in America, that country's administration has severely restricted the civil rights of the American people, particularly the foreigners residing in that country.
20020103_20.35.17-19238-7	neutral	When he awoke, he found that his hands and feet had been bound.
non_fbis_03.23.00-19213-29	positive	"What we have done all along is (said) that they are being  treated humanely in accordance with the Geneva Convention,"  Clarke told reporters.
non_fbis_08.11.35-9355-27	neutral	Sunday: Chavez leaves Orchila Island aboard a helicopter and  heads to Caracas.
20010627_23.46.20-17835-1	neutral	"We planted trees mainly in the major five areas that are severely endangered by sandy wind," said Cai Baojun, an official with the bureau in charge of forest planting.
temp_fbis_20.34.33-18786-50	positive	In addition to being effective, an early quota system would also give business and industry useful experience before the international quota system following the Kyoto Protocol comes into effect in 2008.
20011024_21.21.31-27111-14	neutral	The first one took place last May, when he held talks with Russian leaders.
non_fbis_06.20.40-8369-31	neutral	"We've been told to lie to Marine inspectors over  standards and requirements.
20020326_21.07.32-24343-13	neutral	Space technology will not only be used for civilian, but also for military purposes, and there is no exception for China.
20020207_20.37.46-24515-10	neutral	However, the use of sterilization among "households with two daughters" is significantly less than among households with at least one son.
temp_fbis_20.45.09-11809-1	negative	This left the impression that Japan stands alone on this issue because European countries have been cool to Bush's "axis of evil" rhetoric.
non_fbis_08.46.28-13637-122	negative	In the most bizarre twist, Lance Corporal  Devin Klebaur says a few have also been known to "put toothpaste  in their ass."
temp_fbis_21.37.33-17834-3	positive	Chen also expressed hope that the United States will negotiate with Taiwan to sign a free trade zone agreement between the two countries so as to help Taiwan's internalization and to give it more international responsibility.
20020306_15.20.41-10497-7	negative	Kong also warned Washington against double standards in the global war against terrorism.
20011111_20.41.07-12494-39	negative	Answering another question, he said the WTO came to Qatar to hide from protestors.
20020326_21.07.32-24343-4	neutral	It can carry two to three astronauts and continue to cruise in space for more than 20 days.
non_fbis_09.53.15-23595-1	neutral	Venezuelans awoke on Friday to a country transformed by the  dramatic and violent events of the last 24 hours, which left at  least 11 people dead and more than 80 injured.
20020228_21.12.01-14811-3	positive	Romania has built the first reactor at the Cernavoda n-plant on Canadian technology, having opted for a CANDU type of reactor instead of Russia's VVER-4000.
20020207_20.23.04-14788-7	negative	Following a brief introduction, it recalls that on 4 February 1992 the now president violated his military oath when he rose up in arms against the democratic institutions.
20011221_20.54.40-10484-6	positive	Denktas said that they are ready to live together with Greek Cypriots in the island, adding that they don`t have the will to send Greek Cypriots from the island.
20020505_21.59.17-14271-13	neutral	This covered his training, that of a Belgian substitute and the cost of carrying two scientific experiments on board the Russian Soyuz rocket.
20020304_20.50.30-97-17	neutral	We all know that even the targets in the Kyoto Protocol are only a first step if we want to prevent the severe consequences that climate change could have."
non_fbis_03.23.00-19213-7	neutral	No injuries were reported as a result of the gunfire, which came  from outside the base, he added.
temp_fbis_21.29.08-21533-3	negative	Answer: The Venezuelan experience during the past few days showed that regimes that are based on the votes and support of the masses and adopt relatively independent policies toward the big powers and especially America are not favored by the American leadership.
temp_fbis_20.57.35-19171-19	negative	President George W. Bush considered, moreover, that it would be "irresponsible" not to ask India and China to reduce their greenhouse gas emissions.
non_fbis_12.09.12-23643-8	negative	"Clearly, if it were not for our relations with the US, we would  be protesting his continued imprisonment without proper trial,"  says Justice John Dowd, a former conservative attorney general  who is also president of the Australian chapter of the  International Commission of Jurists.
20020414_21.16.03-15717-2	negative	The dethroning of Chavez by the Americans is a message that disobeying Uncle Sam would have cataclysmic consequences.
20020315_20.42.08-18791-31	neutral	As events unfold in Zimbabwe and the will of the people is realised with the election of Cde Mugabe, a senior State Department official said Washington was now expected to freeze any assets held by President Mugabe and his close associates in the United States.
20020111_21.05.06-7601-43	negative	Only a division that takes account of every sector's possibilities and is borne by the various target groups guarantees that Belgium will achieve its Kyoto aims without draconian measures having to be adopted at the eleventh hour.
non_fbis_05.20.33-11163-53	neutral	Craner: How do you know that?
non_fbis_03.47.06-11142-8	neutral	Several of Mugabe's ministers and senior aides were also on hand  to see their leader cast his ballot, as well as a throng of  reporters and camera operators.
non_fbis_08.22.04-29634-11	neutral	It seems that this so-called military balance is what Taiwan  leader Chen Shui-bian wants.
20020415_21.38.12-11637-9	negative	But President Chavez too is seriously damaged by his links to the groups of armed followers who left a score of dead in Thursday's ! [1! 1 April] crushing of the demonstrations.
non_fbis_06.44.52-19992-143	neutral	Hand.
20011208_20.31.54-28680-33	neutral	It is in fact like using multilateral diplomacy to enhance US unilateralism.
non_fbis_08.36.15-7509-4	neutral	Critics say that on the one hand Australia is saying it does not  want to dump Kyoto, yet on the other it is cosying up to the US  - which does want to dump Kyoto.
20020209_20.27.35-29256-11	negative	The treatment of Al-Qa'idah and Taleban prisoners will go down in history as the most shameful detentions in the history of post-war incarceration in the 21st century.
20020224_20.48.55-4975-11	positive	Bush made a commitment to a "constructive relationship of cooperation" at the US-China summit talks (in Shanghai) last October, and the US-China relations was restored.
non_fbis_12.09.12-23643-2	positive	And public opinion was solidly  behind the war effort.
20011130_12.36.18-4189-12	neutral	In other regions, it may fall precipitously.
temp_fbis_21.28.50-13504-23	negative	"I am shocked -- he said -- because they still wear the ear muffs and the goggles inside the camp.
non_fbis_08.39.09-12713-8	negative	After months of fear and intimidation, Zimbabweans streamed to  the polls this weekend in record numbers to cast their votes in  the country's first contested election since independence 22  years ago.
non_fbis_08.36.15-7509-11	neutral	But I simply say to people, it is for individual  countries to state their own position."
20020323_20.58.35-24209-7	neutral	Russia exports petroleum products, electricity, machinery and equipment to Mongolia and imports copper concentrate and meat.
20011112_20.33.43-387-5	negative	The conventional explanation is that because of their wealth, they are the logical prey from which to extract ransom money--a perverse form of nationalist racism and redistribution of national wealth.
temp_fbis_20.42.47-22260-8	negative	In the letter, the NGOs said, "We, Japanese environmental NGOs concerned about climate change, were terribly dismayed by your new climate change plan."
non_fbis_09.35.06-27851-4	neutral	"This is a terrible period, not only for Zimbabwe but for those  who hold the course of democracy dear in Africa and elsewhere."
non_fbis_16.23.04-4326-13	negative	Under a driving rain, more than 10,000 Argentines  banged pots and pans in the Plaza de Mayo to protest the banking  freeze, shouting insults at the country's political leaders, the  Supreme Court, and banks - all of whom the Argentines blame for  plunging the country into its worst economic crisis in decades.
20020320_11.49.47-8044-8	negative	The coming days and weeks will show whether Israel is actually ready to positively and objectively deal with the Palestinian national rights without trying to maneuver, place obstacles, or set impossible conditions during Zinni's mission.
20020212_20.53.38-28377-3	neutral	Meanwhile, a European initiative, launched by all the European Union members, gradually began to take shape.
20020304_20.50.30-97-30	neutral	Together with the Member States, the European Community's instrument of ratification will now be deposited with the United Nations by 1st June, so as to enable the entry into force of the Protocol by the World Summit on Sustainable Development in Johannesburg this September.
20020202_20.37.54-21168-43	neutral	The government explained that it theoretically saw tools like the "unidad de fomento" as a way of adjusting the deposits of savers that will remain subject to restrictions until at least next year.
20020412_21.18.30-8033-14	negative	The second rebel, GN Div Gen Damiani, accused Chavez of having "ordered the National Guard to use force for the purpose of removing individuals positioned" in front of one of the PDVSA buildings in Chuao in this capital.
20020314_20.38.10-27533-4	neutral	The Afghans paid gang members up to 9,000 euros ($7,900) to make the trip.
non_fbis_05.22.13-11526-23	neutral	Tsvangirai  called the meeting to discuss food shortages gripping Zimbabwe  and measures his party was considering to combat them, diplomats  said.
20020130_20.43.33-11456-4	negative	Soon after the World Trade Centre attacks, we started to witness the beginning of a concerted effort by the Bush administration and the media to cast Arabs and Muslims as the new enemy of America.
20020331_21.09.25-22686-14	positive	A few hours after the end of the summit chance came to Sharon's rescue.
20020224_20.56.08-8888-30	negative	So it has not done the US legal system any good that there is no enemy of consequence in sight.
non_fbis_08.46.28-13637-73	neutral	I'm not getting 2,600 calories a day.
20020301_20.57.02-23111-9	negative	Because the remarks absolutely do not go with the reputation of the United States, which is carrying out all kinds of vicious conduct.
20011024_21.53.09-11428-2	neutral	He explained to The Jordan Times that "in Jordan, we conclusively believe that development cannot be achieved unless the environment is protected."
20020306_15.01.39-17844-4	negative	It also took issue with the lack of religious freedom in the communist country.
non_fbis_11.14.49-23456-25	neutral	Tom Infield of the Philadelphia Inquirer in Washington and  Herald wire services contributed to this report.
temp_fbis_20.20.10-3414-14	negative	The US judgment of the practice of human rights depends on US interests as well.
20020316_20.25.51-11532-4	negative	The Middle East issue, essentially, is an issue of reinstating the Palestinians' national rights and of recovering the deprived Arab land from the Israeli aggressors.
20020507_17.55.10-20068-28	negative	Boycott unfair
20020124_20.24.37-12857-8	negative	But, now it will ring with hypocrisy."
20020207_20.22.42-14586-5	neutral	He stressed: "Venezuela's domestic policy is the exclusive concern of Venezuelans because of our historical tradition and because it is a constitutional mandate."
20020206_20.23.00-9795-11	negative	4 February is one of the most terrible days in Venezuelan history.
20020128_20.43.50-5456-26	negative	And that the Europeans, in particular, are no longer quite ready to follow the Americans in their way of thinking.
20020207_20.22.42-14586-22	negative	The deputy said that Powell's remarks did not surprise him and added that the US official's opinion is based on reports published by the domestic and international press, which is waging a ruthless war against the Venezuelan chief of state.
20020324_20.48.23-2528-1	neutral	During the visit, His Majesty met with Spanish Monarch Juan Carlos and British Prime Minister Tony Blair.
temp_fbis_20.34.33-18786-21	positive	For the next few years our goal is to both gain more knowledge and put together good preparedness strategies.
20020318_20.48.00-11907-16	positive	Many African leaders have supported Mugabe's re-election victory in Zimbabwe's crucial election, which they said was " transparent, credible, free and fair".
non_fbis_06.20.40-8369-25	neutral	They get four  hot meals a day, fresh fruit, regular issues of snacks such as  sunflower seeds, regular clean clothes laundered by the Marine  supply system," says another soldier.
20020204_20.38.59-25700-1	neutral	Be that as it may, the aim pursued by the White House seems to have been achieved.
non_fbis_07.16.31-13271-13	positive	It is blessed with fertile agricultural land, and  during the first dozen years of Mugabe's rule it was relatively  prosperous and free.
20020225_21.13.42-3998-0	positive	West aims 'to prop up MDC'
20020430_22.09.32-24118-15	negative	Even some major media in the United States have thoroughly unmasked the attitude taken by the US Government towards the cope farce in Venezuela.
20011220_21.22.09-18839-114	neutral	On 1 November 2001, the estimated size of the population of Ukraine was 49 million.
non_fbis_06.25.38-22700-29	neutral	But after several days of four- and five-hour shifts inside the  camp, hearing the prisoners' requests, he said exchanges have  not dipped that deeply into the doctrinal.
20020327_20.50.33-2917-25	neutral	"A little calm is needed, the ability to look ahead, not let oneself be carried by the difficulties of the moment," he emphasizes.
20020114_21.15.53-1323-2	negative	The ambiguity of the case is "an obstacle to the resumption of efforts to launch the Tenet-Mitchell plan.
non_fbis_12.09.12-23643-16	neutral	"You will have people saying why are  different standards being applied, on the basis of nationality,  for what appears to be the same offenses."
non_fbis_04.24.14-26782-1	neutral	The United States, having pulled out of the Kyoto Protocol, is  now objecting to its implementation in 2002 being mentioned as  one of the goals for a global environmental agenda being drawn  up at the United Nations.
20011229_21.12.57-28994-5	positive	The lower the living standards of those polled, the less frequently they spoke in support of the US campaign, Tomenko said.
non_fbis_06.51.18-1222-12	negative	British Foreign Secretary Jack Straw cited `pretty strong'  evidence that Mugabe has `stolen' Zimbabwe's vote, an outcome he  said would have `enormous implications for the nature of our  relationship with Zimbabwe.'
non_fbis_12.21.28-26118-10	neutral	In its authoritative Feb., 2001, report  on the projected impacts of global warming, the  Intergovernmental Panel on Climate Change identified several  threats to Canadian ecosystems, but concluded that our farmers  would generally benefit from warmer temperatures.
20011024_18.21.31-1735-6	neutral	During that conversation, Bush and Aznar also spoke about the situation in Argentina, the Spanish president told De la Rua.
non_fbis_16.01.33-12919-0	neutral	Chinese space exploration: When will a Chinese cosmonaut fly into space?
20020310_21.20.46-20946-2	neutral	This is what the government says in several parliamentary answers requested by IU [United Left], BNG [Galician Nationalist Bloc] and IC-V [Initiative for Catalonia-Greens] to which Efe has had access and which say that "to describe the treatment applied to the prisoners as inhumane is not justified, nor do the so widely circulated and commented on photographs of the prisoners at Guantanamo reflect the humane and reasonable treatment they are being given".
20011008_22.27.34-26526-4	negative	In the battle against the new forms of terrorism that reached a tragic culmination on 11 September, a limited form of military violence could also not be ruled out.
20011220_21.22.09-18839-4	neutral	INDUSTRY
temp_fbis_20.34.33-18786-55	neutral	The possibility of cooperating with other countries' early quota systems.
20011217_20.37.28-19761-17	positive	The clash between Israel and Palestine briefly appeared to be abating in the wake of the large-scale attack incident [taesupkyok sakon] against the United States.
20020314_20.27.25-21759-24	neutral	Sharon would want to describe his aggression as a war.
20020122_20.36.01-11616-45	neutral	Appeal is not possible, but the death penalty is.
non_fbis_11.04.20-23621-27	neutral	For foreign companies, especially those from Spain that have  invested heavily throughout Latin America, the issue goes beyond  how Argentina resolves its crisis.
20020129_20.27.21-24397-8	negative	From election to election and plebiscite to plebiscite, Venezuela is moving rapidly toward a "legal coup" that may be the logical consequence of the clashes inside Miraflores Palace.
20011113_20.27.12-885-29	positive	The political accords reached in New York were noteworthy, because the Argentine Government supported all of the US Government's present and future needs in the war in Afghanistan.
non_fbis_08.01.38-4843-11	negative	"It's fair to say," one senior administration official noted  during the last week, "that while we have been clear, we haven't  always been consistent."
20010829_01.48.48-11084-22	neutral	Last year there were 2.85 million Taiwanese visitors in China, he said.
temp_fbis_21.24.00-10191-10	negative	The categorical moral condemnation of terrorism is self-evident, but this will not free Israel from the problem it faces.
20020111_21.05.06-7601-23	neutral	Second, benchmark covenants do not guarantee that the external climate costs of energy use (the increased greenhouse effect caused by the burning of fossil fuels) are correctly taken into account in the final products of the sectors concerned.
20010914_22.04.48-17941-1	negative	This is because the terrorist violence has struck innocent women and children and defenseless civilians.
20020320_11.52.35-10118-7	positive	Thus roles were distributed specifically and clearly, and each role was drawn accurately and with care, exactly as was the case in the great movie "The Second Wife" between the tyrannical mayor with power, Abu-al-Ila, the simple peasant who owns nothing but the clothes on his back and a gang of children, and his wife, who was coveted by the mayor.
20020207_20.23.04-14788-55	neutral	The decision to decommission or relocate numerous Army and National Guard units is related to this.
20020207_20.22.42-14586-39	negative	At present, because of the misguided policy of cutting production, we are only selling them 1.1 million barrels.
non_fbis_10.35.30-7542-12	negative	Zhang also bashed remarks made last month by US Deputy Defense  Secretary Paul Wolfowitz at a meeting in Florida, attended by  visiting Taiwanese Defense Minister Tang Yao-Ming.
20020212_20.42.04-19290-49	neutral	The board showed 25 stocks lower, 11 higher, and 5 unchanged.
20020111_21.05.06-7601-40	positive	The great advantage of negotiable emission rights in that the system can lead to a cost-efficient division of effort among all sectors and target groups.
non_fbis_13.08.06-1812-0	neutral	Space station's railcar slightly off track
20020412_21.18.30-8033-15	negative	Damiani, an official on active duty, said he had revealed the information in order to try to impede "this action resulting from a presidential folly that will sully the name of the Armed Forces and especially the National Guard."
non_fbis_06.44.52-19992-155	neutral	The general is awaiting congressional  approval before building for Radio Range begins.
20020122_20.32.22-8496-14	negative	The Social Democratic Party takes the view that the Danish Government should raise its voice against the United States.
20020415_21.33.22-7140-13	neutral	State Minister Dervis will deliver a speech at the conference.
non_fbis_12.08.27-27397-35	neutral	Zimbabwe's  security laws make it illegal to call for a general strike.
non_fbis_13.05.15-16517-24	neutral	In downtown Caracas, streets were littered with debris - and in  some places, stained with blood.
non_fbis_06.44.52-19992-66	positive	As a  chaplain we approach them as a human being.
non_fbis_08.27.54-12647-40	neutral	Mr.  Chavez's interior minister, Ram?odr?ez Chac? was taken  into custody, and the police were looking for a strong Chavez  supporter, Freddy Bernal, the mayor of a district of Caracas.
non_fbis_06.44.52-19992-105	neutral	The growth of the base has left Camp X-Ray surprisingly close to  a suburban-style military community of beige, green and yellow  houses in subdivisions with names like Caribbean Circle and West  Iguana.
20020419_21.47.55-9546-7	negative	The US Government's first reaction gave much food for thought when it said Venezuela's constitutional president Chavez "had himself to blame" for the coup.
20020405_21.35.14-9737-5	neutral	But once the military tasks are fulfilled, the Israeli soldiers will leave this building," the press service said.
20010818_01.09.50-14694-23	negative	But analysts expressed concern that the MDC leader is "flirting with mercenaries in South Africa".
temp_fbis_21.39.02-16166-15	negative	No one who has ever studied realist political science will find this surprising.
20020507_17.55.10-20068-14	positive	On the other hand, the NGOs said there is nothing in the public records which shows that Abu Talib was committed to protecting civil liberties and advancing human rights.
20020114_11.18.53-27931-29	neutral	Among the other members of Misuari's defense team are former Integrated Bar of the Philippines president Arthur Lim, former Court of Appeals justice Omar Amin, former labor relations commissioner Musib Buat, Salvador Panelo, US-based Elly Pamatong and former ARRM solicitor general Jose Lorena.
non_fbis_11.57.16-2305-0	neutral	Tiny debris outside space station halts shuttle launch
20011220_21.22.09-18839-23	neutral	In January-September 2001, Ukrainian industrial enterprises shipped products (rendered services) valued at Hr112.9 billion, of which sum barter deals accounted for Hr9.1 billion (8.1%) and monetary payments made up Hr87.7 billion (77.7%).
temp_fbis_21.37.46-9337-15	positive	After visiting the region several times, Italian senator Renzo Gubert, praised the Chinese Government's efforts to protect the indigenous cultural and religious heritage while developing the local economy.
non_fbis_05.20.33-11163-36	neutral	Craner: Yes.
non_fbis_08.54.02-18235-14	positive	For example, in 2000, Harris Interactive surveyed Americans' and  Canadians' willingness to travel into space as tourists.
20011230_21.17.41-25537-14	neutral	The real gauge of this confidence was the size of the national debt, that grew and grew.
non_fbis_08.03.23-18607-6	neutral	Utilities, for example, would get incentives to build  power-generating windmills; homeowners would get new tax credits  for buying solar panels or more efficient cars.
non_fbis_15.16.19-1897-0	neutral	Two Russian Cosmonauts To Conduct Space Walk
20020106_20.26.14-23928-2	neutral	When the Imam (may God be satisfied with him) issued the fatwa against Salman Rushdie for insulting the Prophet (peace be upon him) and the holy Koran, the countries that are so-called supporters of human rights protested against the fatwa.
20020406_21.13.43-28244-16	neutral	A lasting solution to the conflict can only be achieved with the principle of "land for peace" determined at the Madrid Conference in 1991.
20020509_22.11.01-7259-5	negative	"With an alarming infection growth rate in many Asian Pacific countries, care for AIDS is over-burdening the health care system and is taking away from provision of other health services," said Sidibe.
temp_fbis_20.53.10-15177-29	positive	He confirmed that 30 Palestinians were martyred at the hands of settlers, 60 persons were hit by settlers' bullets, while more than 77 others were injured in various assaults by settlers.
temp_fbis_21.10.31-12974-31	neutral	What is cited as the reason for them, the scientist continues, "is almost always the increase in the greenhouse effect due to a larger concentration of greenhouse gases in the atmosphere.
20011114_21.16.57-11242-8	neutral	"Narrowing the development gap between countries was crucial to the realization of universal human rights," said the representative of China Shen Guofang.
20020422_21.26.55-3999-6	negative	"All the governments are saying that Argentina has to make arrangements first with the IMF before receiving any kind of aid, and they know perfectly well that they are asking us to put 450,000 fellow citizens out of work, and that is only possible with a military government," he asserted.
temp_fbis_21.31.45-20536-1	negative	GOVERNMENT yesterday trashed a US human rights report which lists a number of human rights violations in Namibia at the hands of security forces and Government.
20011231_21.05.45-10422-9	negative	"This is an unpredictable, anarchical situation.
non_fbis_20.43.13-27926-11	negative	He recalled that a US court determined that former Panamanian  strongman Manuel Noriega was a POW, despite the government's  refusal to classify him as such following his capture.
20020423_21.35.03-11178-16	neutral	The company has contracted submarine cable capacity from network i2i, and backed it up with satellite connectivity to build in redundancy.
20020301_20.57.02-23111-29	negative	We will continue to [unmonitorable for 20 secs] to US unjust acts in the future.
non_fbis_08.46.28-13637-74	negative	I'm running my ass  off chasing you guys around."
20010630_00.48.42-17806-14	neutral	"We decided to take the fast track to Europe and implement directly the international rules."
20011107_15.37.27-28157-0	positive	These days, the Israeli government is adopting a relatively new tactic regarding its plan to withdraw from the Palestinian cities and towns that it had re-occupied more than three weeks ago.
20010817_23.25.24-13030-5	neutral	A total of 38 overseas Chinese community leaders from nine Asian and Pacific countries attended the symposium, at which the participants also exchanged views on cross-Taiwan Strait relations.
20020414_21.17.08-16542-5	negative	People are being killed in masses and buried in collective graves.
20020516_22.23.24-9583-3	neutral	Furthermore, "HIV develops over a very long period of time.
temp_fbis_20.58.47-19000-3	neutral	On the contrary, the Kyoto Protocol requires most industrialised countries to achieve absolute emission reductions, while they still foresee to have growing economies.
20010914_22.24.21-23558-5	neutral	It includes everything from biographical information -- Bin-Ladin was born March 10, 1957 in Jiddah, Saudi Arabia, -- to a physical description -- black hair, brown eyes, 1.96 meters (6 feet, 4 inches) tall and about 67 kilograms (148 pounds) -- to the various aliases he uses.
20020211_20.31.22-12363-4	neutral	The ship was heading to the southern Taiwan city Kaohsiung with a cargo of steel products that was loaded in the South Korean port Pohang.
20020507_18.02.46-24802-4	neutral	Even the most radical Israeli hardliners expressed the idea of the transfer more politely than the most senior, elected US bodies, which called on the Palestinians to give up the West Bank and look for what they called another homeland.
